Date,rolling_21d_volatility
2010-01-04,
2010-01-05,
2010-01-06,
2010-01-07,
2010-01-08,
2010-01-11,
2010-01-12,
2010-01-13,
2010-01-14,
2010-01-15,
2010-01-19,
2010-01-20,
2010-01-21,
2010-01-22,
2010-01-25,
2010-01-26,
2010-01-27,
2010-01-28,
2010-01-29,
2010-02-01,
2010-02-02,
2010-02-03,0.005995547588370829
2010-02-04,0.007434971825920346
2010-02-05,0.0073785868675595966
2010-02-08,0.007407398986745783
2010-02-09,0.007567025301369648
2010-02-10,0.007410819210131131
2010-02-11,0.00768544160100388
2010-02-12,0.007589309184238712
2010-02-16,0.008230596137341941
2010-02-17,0.008155420257504315
2010-02-18,0.008077214079792025
2010-02-19,0.007797885996024835
2010-02-22,0.007483726843571974
2010-02-23,0.007366654186692961
2010-02-24,0.007363214613283362
2010-02-25,0.007400497948084046
2010-02-26,0.007415301535792519
2010-03-01,0.007359277022217808
2010-03-02,0.007336695537078975
2010-03-03,0.006972102358254707
2010-03-04,0.0068492356015839705
2010-03-05,0.006756945985919291
2010-03-08,0.004695647168244861
2010-03-09,0.004696399816975667
2010-03-10,0.004581954610211362
2010-03-11,0.004444873754660638
2010-03-12,0.004401606398422676
2010-03-15,0.0040286725185926285
2010-03-16,0.0044593358215415674
2010-03-17,0.003483047224168314
2010-03-18,0.0034373850056235397
2010-03-19,0.003996730282813218
2010-03-22,0.003985450022014193
2010-03-23,0.003989792480471428
2010-03-24,0.004622538684672251
2010-03-25,0.004623200239598046
2010-03-26,0.0047376579185608265
2010-03-29,0.0046850822150402436
2010-03-30,0.004658488837880653
2010-03-31,0.004516524214658113
2010-04-01,0.0046551606495265595
2010-04-05,0.004653090598307011
2010-04-06,0.004631715197982085
2010-04-07,0.004610221439308118
2010-04-08,0.004610870778522033
2010-04-09,0.004628830721789051
2010-04-12,0.00464393186688841
2010-04-13,0.004613796752831432
2010-04-14,0.004648758666979306
2010-04-15,0.004203388316270006
2010-04-16,0.004884936556877497
2010-04-19,0.004883150920462884
2010-04-20,0.004492184704816244
2010-04-21,0.004511547191460721
2010-04-22,0.004509482241228103
2010-04-23,0.0036434782302860124
2010-04-26,0.0037274496911229834
2010-04-27,0.003578845934748891
2010-04-28,0.003588838031869008
2010-04-29,0.0035842196618224025
2010-04-30,0.0036023571494754234
2010-05-03,0.003547373983803815
2010-05-04,0.004101717867815369
2010-05-05,0.004096550716556824
2010-05-06,0.004025609318101916
2010-05-07,0.004317654209226109
2010-05-10,0.004699672710912384
2010-05-11,0.0049778445356470835
2010-05-12,0.005082521495855434
2010-05-13,0.00525259721830568
2010-05-14,0.005354104012608004
2010-05-17,0.004837887188168571
2010-05-18,0.004868429026003501
2010-05-19,0.005293635069754935
2010-05-20,0.005822346495972249
2010-05-21,0.005881353515416202
2010-05-24,0.0057405689413771175
2010-05-25,0.0057787946451719075
2010-05-26,0.00577585139532157
2010-05-27,0.006102592493129407
2010-05-28,0.006025903300088739
2010-06-01,0.006041372894107711
2010-06-02,0.00613225079430303
2010-06-03,0.00594952932366834
2010-06-04,0.005997774337472279
2010-06-07,0.006030833499221394
2010-06-08,0.0058641586600171125
2010-06-09,0.005422777665255668
2010-06-10,0.005089316746013512
2010-06-11,0.005143163514479241
2010-06-14,0.005034579442772435
2010-06-15,0.0054895837598493875
2010-06-16,0.005439035807585741
2010-06-17,0.005582195904804541
2010-06-18,0.00507307645375282
2010-06-21,0.004646030645251243
2010-06-22,0.004643433260171513
2010-06-23,0.004669322984938087
2010-06-24,0.004822855803473865
2010-06-25,0.004953256526344686
2010-06-28,0.004711358700150773
2010-06-29,0.005063963857973557
2010-06-30,0.005048779014318769
2010-07-01,0.005749918532744921
2010-07-02,0.005714317385486705
2010-07-06,0.005690703143517528
2010-07-07,0.006350441776963719
2010-07-08,0.006348851033965141
2010-07-09,0.006398647056445458
2010-07-12,0.0064039096566047594
2010-07-13,0.0063852532896014405
2010-07-14,0.006373674062777032
2010-07-15,0.005948582848404833
2010-07-16,0.006457650398828058
2010-07-19,0.00625017615337912
2010-07-20,0.006439913453826202
2010-07-21,0.006298195180073976
2010-07-22,0.006609052068968886
2010-07-23,0.006605713591077012
2010-07-26,0.006529690376148276
2010-07-27,0.006562705188042694
2010-07-28,0.006533612661015049
2010-07-29,0.006270714648556704
2010-07-30,0.006362265999968018
2010-08-02,0.005520161513951795
2010-08-03,0.00551980450453501
2010-08-04,0.005452050715459459
2010-08-05,0.004804130183573518
2010-08-06,0.0048265031926398964
2010-08-09,0.00475581026642814
2010-08-10,0.004702208487326472
2010-08-11,0.004984003299729831
2010-08-12,0.004981516046020813
2010-08-13,0.0049744974880770515
2010-08-16,0.004229680946442074
2010-08-17,0.004188530922198483
2010-08-18,0.004009460573065384
2010-08-19,0.003965315030657819
2010-08-20,0.003703319755885674
2010-08-23,0.003722527510183397
2010-08-24,0.0037222364939320466
2010-08-25,0.003330960957389498
2010-08-26,0.003379714416142944
2010-08-27,0.0033821396835486987
2010-08-30,0.003293565348815029
2010-08-31,0.0031361960565748953
2010-09-01,0.003406211203148428
2010-09-02,0.0034215086928327037
2010-09-03,0.003410869386284065
2010-09-07,0.0033597092877748684
2010-09-08,0.0033657421811478056
2010-09-09,0.003522205202889418
2010-09-10,0.0029073271387357823
2010-09-13,0.003048788815967729
2010-09-14,0.00341257610709338
2010-09-15,0.0033164790802055356
2010-09-16,0.003302714890424043
2010-09-17,0.003300843638196501
2010-09-20,0.0033618088479866397
2010-09-21,0.003281852025695853
2010-09-22,0.003249407230069794
2010-09-23,0.0033120239381392858
2010-09-24,0.0034459872639762044
2010-09-27,0.00334072927984495
2010-09-28,0.0034019970637101404
2010-09-29,0.0033114232857224027
2010-09-30,0.0033737846824103313
2010-10-01,0.0032594313324690125
2010-10-04,0.003386357154002286
2010-10-05,0.004223297426218086
2010-10-06,0.0042341690822622294
2010-10-07,0.004440516127966109
2010-10-08,0.004232685453001958
2010-10-11,0.004220457189293303
2010-10-12,0.004252456140157003
2010-10-13,0.004244094202366828
2010-10-14,0.004297202504528583
2010-10-15,0.004465721151651084
2010-10-18,0.004484173265385617
2010-10-19,0.005545260336706847
2010-10-20,0.005571966406169124
2010-10-21,0.005777993741388206
2010-10-22,0.005732841551465446
2010-10-25,0.005651460816461811
2010-10-26,0.005697576084444631
2010-10-27,0.005832984679134487
2010-10-28,0.005957964911998853
2010-10-29,0.006005141382122133
2010-11-01,0.006008187603409836
2010-11-02,0.006026071407341601
2010-11-03,0.005354056793527153
2010-11-04,0.006853075177164529
2010-11-05,0.00675536920317889
2010-11-08,0.006709974994340948
2010-11-09,0.007198533370528831
2010-11-10,0.00729438314962248
2010-11-11,0.007139813819079812
2010-11-12,0.008056485867454017
2010-11-15,0.008214346102275307
2010-11-16,0.00824630043632436
2010-11-17,0.007709078387325635
2010-11-18,0.00781940016980886
2010-11-19,0.007711386628863229
2010-11-22,0.007767045756351301
2010-11-23,0.007747646865438049
2010-11-24,0.007728691829459015
2010-11-26,0.0076782532840494015
2010-11-29,0.007577204973308297
2010-11-30,0.007529232375105253
2010-12-01,0.007524489885763347
2010-12-02,0.007470199757960735
2010-12-03,0.007653608297837435
2010-12-06,0.006261915788026958
2010-12-07,0.0067453921389872004
2010-12-08,0.006785486275323256
2010-12-09,0.0064878682641586385
2010-12-10,0.00628529130140611
2010-12-13,0.006333861341023183
2010-12-14,0.005247652834465117
2010-12-15,0.005148189250628545
2010-12-16,0.00493484040197806
2010-12-17,0.004952427188599092
2010-12-20,0.004665797527375384
2010-12-21,0.004696960822317543
2010-12-22,0.004607925839098066
2010-12-23,0.004630206690955111
2010-12-27,0.004649117706333582
2010-12-28,0.004488575740057451
2010-12-29,0.004572366403763745
2010-12-30,0.004603011530040899
2010-12-31,0.0047272828200459124
2011-01-03,0.004699512349278016
2011-01-04,0.004684594986541462
2011-01-05,0.004611436067442039
2011-01-06,0.0038356681898685224
2011-01-07,0.003588870560164362
2011-01-10,0.003543808998361439
2011-01-11,0.0035466353232253872
2011-01-12,0.0035667509098825092
2011-01-13,0.0035202430463531433
2011-01-14,0.003182307333376639
2011-01-18,0.0031808875595652534
2011-01-19,0.0031258271708971266
2011-01-20,0.0037328750386287227
2011-01-21,0.0036684112828831057
2011-01-24,0.0036681426590453843
2011-01-25,0.0036325216939375104
2011-01-26,0.0036231626271977383
2011-01-27,0.003819373801510444
2011-01-28,0.0036426383319910437
2011-01-31,0.003605164421087602
2011-02-01,0.003632050001250982
2011-02-02,0.0036478421206656867
2011-02-03,0.0033902541612844264
2011-02-04,0.003377628141648446
2011-02-07,0.0034040302804363917
2011-02-08,0.0034549880531422523
2011-02-09,0.0034339152901634172
2011-02-10,0.003430244078156768
2011-02-11,0.0033798746052605523
2011-02-14,0.003399777765984281
2011-02-15,0.003396275730211945
2011-02-16,0.0034035791006480952
2011-02-17,0.0034875517468125087
2011-02-18,0.0026350439018344054
2011-02-22,0.002689087613401132
2011-02-23,0.002690954589898399
2011-02-24,0.0027641576665754864
2011-02-25,0.0030478145170294863
2011-02-28,0.0025644245620186443
2011-03-01,0.0025723075718815996
2011-03-02,0.002628694535237489
2011-03-03,0.002433819419297074
2011-03-04,0.0023351351462645
2011-03-07,0.0024351807399686514
2011-03-08,0.002297343181758079
2011-03-09,0.002292377290595044
2011-03-10,0.00290577894523539
2011-03-11,0.002934747626946505
2011-03-14,0.0028896175923219043
2011-03-15,0.0035628932900952717
2011-03-16,0.003618626326254188
2011-03-17,0.0037594228099160775
2011-03-18,0.0038528969805481234
2011-03-21,0.003895735525622466
2011-03-22,0.003900493851059072
2011-03-23,0.0039505813310413375
2011-03-24,0.003966493707437417
2011-03-25,0.003932526759461576
2011-03-28,0.0037006546833742403
2011-03-29,0.0036568652674600077
2011-03-30,0.0037906063978319178
2011-03-31,0.003786644025734127
2011-04-01,0.0037771987432289886
2011-04-04,0.0037654433337920845
2011-04-05,0.003765067857767053
2011-04-06,0.003762636600948104
2011-04-07,0.003762776323288624
2011-04-08,0.0033178679920838157
2011-04-11,0.0033921271107454393
2011-04-12,0.0034830271442477523
2011-04-13,0.0027689504377989473
2011-04-14,0.002636423682683598
2011-04-15,0.002750420442339528
2011-04-18,0.0026995989979594452
2011-04-19,0.002543276694236997
2011-04-20,0.0026059497191345225
2011-04-21,0.002565916130439671
2011-04-25,0.002508425761672753
2011-04-26,0.0025279583103224087
2011-04-27,0.0027067967605118233
2011-04-28,0.002713829517987347
2011-04-29,0.0028842219266665484
2011-05-02,0.0032738784300021043
2011-05-03,0.003344933180665328
2011-05-04,0.0037586137202517095
2011-05-05,0.004584619785865061
2011-05-06,0.0047223934645967336
2011-05-09,0.004862873529681255
2011-05-10,0.004865937861093264
2011-05-11,0.005001422125365925
2011-05-12,0.0049058857070528455
2011-05-13,0.005018389930136667
2011-05-16,0.005029086580998435
2011-05-17,0.004868656214751226
2011-05-18,0.004884603332935667
2011-05-19,0.004872941428851983
2011-05-20,0.00481090912979795
2011-05-23,0.004841424086822972
2011-05-24,0.004848662924152131
2011-05-25,0.004810558597744459
2011-05-26,0.00454393675117686
2011-05-27,0.004580888933782551
2011-05-31,0.004381370729200203
2011-06-01,0.004341985646785412
2011-06-02,0.004388920414631866
2011-06-03,0.004166391992474965
2011-06-06,0.003398679236595976
2011-06-07,0.0031700512942972863
2011-06-08,0.002859146569101985
2011-06-09,0.002881373266330356
2011-06-10,0.002991445649199106
2011-06-13,0.0030782816482883366
2011-06-14,0.0031117324242488265
2011-06-15,0.0030967351510968644
2011-06-16,0.0031079001711985625
2011-06-17,0.003102196605308521
2011-06-20,0.003104907977294545
2011-06-21,0.003310471925669905
2011-06-22,0.003273737636676145
2011-06-23,0.003452285382517526
2011-06-24,0.0037693277572405422
2011-06-27,0.00371296166340929
2011-06-28,0.0035937102199937077
2011-06-29,0.003544692594210388
2011-06-30,0.003455113604394931
2011-07-01,0.0034261377832739926
2011-07-05,0.003876026674161633
2011-07-06,0.003882571453338094
2011-07-07,0.003913227928199023
2011-07-08,0.0039205591089640415
2011-07-11,0.0039022584526764593
2011-07-12,0.003541539111307687
2011-07-13,0.0034437910226069466
2011-07-14,0.003559781204356194
2011-07-15,0.003595738018522459
2011-07-18,0.0036090939243533368
2011-07-19,0.003602852996984039
2011-07-20,0.0036032401557357452
2011-07-21,0.003463785229443913
2011-07-22,0.0034728590555220384
2011-07-25,0.0031767094844472343
2011-07-26,0.0024777005913412388
2011-07-27,0.0033784578157060484
2011-07-28,0.0033886217957478184
2011-07-29,0.0034121406434354786
2011-08-01,0.003439994138050602
2011-08-02,0.003449176337247569
2011-08-03,0.003109431969732426
2011-08-04,0.004315132508736013
2011-08-05,0.00431143267681111
2011-08-08,0.004392155657828916
2011-08-09,0.006296492876350543
2011-08-10,0.006295492117740722
2011-08-11,0.006249496115371318
2011-08-12,0.0062022073102116475
2011-08-15,0.006425836027047937
2011-08-16,0.006429925780608911
2011-08-17,0.006442369269792614
2011-08-18,0.006655534675588852
2011-08-19,0.006666516951670052
2011-08-22,0.006821533857481684
2011-08-23,0.006870832197169363
2011-08-24,0.007289166723700757
2011-08-25,0.007010424270114909
2011-08-26,0.00773236847687188
2011-08-29,0.007716475711001188
2011-08-30,0.008099266808670673
2011-08-31,0.008153444256326199
2011-09-01,0.008170014777842002
2011-09-02,0.007460145370194844
2011-09-06,0.007478125296067973
2011-09-07,0.007371291661098221
2011-09-08,0.006254084360713631
2011-09-09,0.006712230112244279
2011-09-12,0.006915192747252644
2011-09-13,0.006973855866246257
2011-09-14,0.006723427812228301
2011-09-15,0.0067360400938285565
2011-09-16,0.006800520439904193
2011-09-19,0.006771489497745801
2011-09-20,0.0068157987113443876
2011-09-21,0.007213473883877585
2011-09-22,0.008042536498759786
2011-09-23,0.008764544583444491
2011-09-26,0.008786115433293327
2011-09-27,0.00819000128973996
2011-09-28,0.008775230291845945
2011-09-29,0.008270018588651418
2011-09-30,0.008297495786406001
2011-10-03,0.008300895427959518
2011-10-04,0.008146995765032347
2011-10-05,0.008519440332401176
2011-10-06,0.008698051259691504
2011-10-07,0.00851026973642415
2011-10-10,0.009280774000922781
2011-10-11,0.009209295065723953
2011-10-12,0.009163235852098953
2011-10-13,0.009129856923980127
2011-10-14,0.009274782521182223
2011-10-17,0.009205346344678933
2011-10-18,0.009237383338504792
2011-10-19,0.009245654151571301
2011-10-20,0.008911738040161021
2011-10-21,0.008462184553643023
2011-10-24,0.007353211537022077
2011-10-25,0.007416764815869059
2011-10-26,0.007307286654477939
2011-10-27,0.006484193492572111
2011-10-28,0.006447327335594755
2011-10-31,0.00663011008488541
2011-11-01,0.006816215528228324
2011-11-02,0.006879439115454022
2011-11-03,0.006932660022689427
2011-11-04,0.006989681302137371
2011-11-07,0.00689293919605416
2011-11-08,0.006228033152223396
2011-11-09,0.006960276659278196
2011-11-10,0.006952304765110923
2011-11-11,0.007165049287125399
2011-11-14,0.007167384246169562
2011-11-15,0.006959975232642458
2011-11-16,0.007243893813434042
2011-11-17,0.007690828131548245
2011-11-18,0.007624053165298324
2011-11-21,0.008050905464375438
2011-11-22,0.007935154841531195
2011-11-23,0.007971833023184124
2011-11-25,0.00795591732402973
2011-11-28,0.008360643902642519
2011-11-29,0.00834357364009632
2011-11-30,0.00914858294774744
2011-12-01,0.009066561917520914
2011-12-02,0.008911133653791805
2011-12-05,0.00864657908896901
2011-12-06,0.008631437891563431
2011-12-07,0.008378231401134997
2011-12-08,0.008776722868605783
2011-12-09,0.008450722882754613
2011-12-12,0.008873415646071832
2011-12-13,0.008669480344137006
2011-12-14,0.009069740369146304
2011-12-15,0.009041466192774145
2011-12-16,0.009243837349282916
2011-12-19,0.008861318281566857
2011-12-20,0.009281712898112516
2011-12-21,0.008778640505652295
2011-12-22,0.008750383356931173
2011-12-23,0.008599198573891461
2011-12-27,0.008514067574874957
2011-12-28,0.008060618924558952
2011-12-29,0.00808083511761208
2011-12-30,0.006913019396794131
2012-01-03,0.007478327426529714
2012-01-04,0.007473017213720978
2012-01-05,0.007517503114257753
2012-01-06,0.007511072264869952
2012-01-09,0.00739759469123794
2012-01-10,0.007073491808039337
2012-01-11,0.0070759406893100485
2012-01-12,0.006454940819152305
2012-01-13,0.006120871145303224
2012-01-17,0.0050987582608196715
2012-01-18,0.0051104844269615115
2012-01-19,0.004947161752800805
2012-01-20,0.004814881970258438
2012-01-23,0.004285753905202471
2012-01-24,0.004355390065493003
2012-01-25,0.005089418983122585
2012-01-26,0.0050892959223254736
2012-01-27,0.005005554095934301
2012-01-30,0.0041743966797401465
2012-01-31,0.0041789919642989904
2012-02-01,0.004178999057979688
2012-02-02,0.0036384145766429504
2012-02-03,0.003936707799250561
2012-02-06,0.0039570003345797385
2012-02-07,0.0039271588761140095
2012-02-08,0.003949891068916893
2012-02-09,0.0038605514989640184
2012-02-10,0.003907590150097187
2012-02-13,0.003923529589157877
2012-02-14,0.003843225903165712
2012-02-15,0.0037977217765645453
2012-02-16,0.0037128461986831924
2012-02-17,0.003705408569130133
2012-02-21,0.0038625272803400187
2012-02-22,0.0038960742005692338
2012-02-23,0.0037897995507753393
2012-02-24,0.002720319115607239
2012-02-27,0.0027186304216680786
2012-02-28,0.0027403292658845064
2012-02-29,0.005405153767776223
2012-03-01,0.00547074831057537
2012-03-02,0.0054535936915193544
2012-03-05,0.0054378285416042315
2012-03-06,0.00572797002073848
2012-03-07,0.005793398950287216
2012-03-08,0.005875535390114891
2012-03-09,0.005914029358055394
2012-03-12,0.005938559103589805
2012-03-13,0.005931966351081205
2012-03-14,0.006262072643746421
2012-03-15,0.006377542635546543
2012-03-16,0.006378711226876062
2012-03-19,0.006358355503753258
2012-03-20,0.0064024115409290466
2012-03-21,0.006229678730444317
2012-03-22,0.006155242257465974
2012-03-23,0.0063363679986056356
2012-03-26,0.006785578166186843
2012-03-27,0.006785699513687905
2012-03-28,0.006773419848605137
2012-03-29,0.005126523801662888
2012-03-30,0.004991933522298646
2012-04-02,0.005114934891169134
2012-04-03,0.005528795749965113
2012-04-04,0.005364410313115747
2012-04-05,0.005366352916411891
2012-04-09,0.005221602337839274
2012-04-10,0.005156585745396746
2012-04-11,0.0051460880628073505
2012-04-12,0.005373126200052117
2012-04-13,0.005064599275906407
2012-04-16,0.004956636703278268
2012-04-17,0.0050363653959902945
2012-04-18,0.005067844082223009
2012-04-19,0.005003970113310909
2012-04-20,0.004999441936934808
2012-04-23,0.004993018747573129
2012-04-24,0.004789138684166917
2012-04-25,0.004331242056272571
2012-04-26,0.004561582168831745
2012-04-27,0.004374130283074117
2012-04-30,0.004374584911178415
2012-05-01,0.004367077991328334
2012-05-02,0.004258050282718039
2012-05-03,0.0038479899901854506
2012-05-04,0.0035428999372982507
2012-05-07,0.0034677120240008104
2012-05-08,0.003779087753167677
2012-05-09,0.003916543297959299
2012-05-10,0.003906995281027717
2012-05-11,0.003520820122656503
2012-05-14,0.003620354568103215
2012-05-15,0.003740725008543788
2012-05-16,0.0035331507142763543
2012-05-17,0.0037044306548287328
2012-05-18,0.003727538990456699
2012-05-21,0.00394579969489915
2012-05-22,0.004055966655773954
2012-05-23,0.0040401762148072435
2012-05-24,0.0038139705607484714
2012-05-25,0.003515464213450989
2012-05-29,0.003464600720205246
2012-05-30,0.003470100279978554
2012-05-31,0.0034607540097678167
2012-06-01,0.003971994400054675
2012-06-04,0.0038309547924281332
2012-06-05,0.0038239384913358594
2012-06-06,0.004057253258802902
2012-06-07,0.0038991301585497625
2012-06-08,0.0038312816591020734
2012-06-11,0.0038509621201684298
2012-06-12,0.003928803103075133
2012-06-13,0.0035572163285462056
2012-06-14,0.0033533133625734983
2012-06-15,0.003405731001445155
2012-06-18,0.003364338244828966
2012-06-19,0.003367027487739976
2012-06-20,0.0034130752601732282
2012-06-21,0.004707770739146403
2012-06-22,0.0047295773706510875
2012-06-25,0.004736865154345701
2012-06-26,0.00472674978049427
2012-06-27,0.004794286836954795
2012-06-28,0.004880473090597322
2012-06-29,0.005957473387134424
2012-07-02,0.005785327118352471
2012-07-03,0.0058646419182851045
2012-07-05,0.005988840052121747
2012-07-06,0.006087735706552563
2012-07-09,0.005975843206423159
2012-07-10,0.006155504759907466
2012-07-11,0.006142674073820601
2012-07-12,0.00608468843491723
2012-07-13,0.006370872131890719
2012-07-16,0.006318090513477367
2012-07-17,0.006216581267737837
2012-07-18,0.0062288218182838875
2012-07-19,0.006232668851330531
2012-07-20,0.006178717540716833
2012-07-23,0.005197395885741677
2012-07-24,0.005195772889693008
2012-07-25,0.005267784708143421
2012-07-26,0.005395677148122258
2012-07-27,0.005441262800888292
2012-07-30,0.005319725144086025
2012-07-31,0.004286285536454994
2012-08-01,0.004396649500535564
2012-08-02,0.004233269445031421
2012-08-03,0.004477408490486427
2012-08-06,0.004235399528462234
2012-08-07,0.00423826928197688
2012-08-08,0.00387316471759842
2012-08-09,0.00387123292820441
2012-08-10,0.003823527737854214
2012-08-13,0.0035093674300353812
2012-08-14,0.003619130621807037
2012-08-15,0.0036196652982109045
2012-08-16,0.003673745030707577
2012-08-17,0.0036744703186227428
2012-08-20,0.0036581426820037
2012-08-21,0.0035021639299228293
2012-08-22,0.0036491807066354803
2012-08-23,0.003557929840534032
2012-08-24,0.003321615715905146
2012-08-27,0.003168587663776076
2012-08-28,0.0031688297556491723
2012-08-29,0.0030755054764380965
2012-08-30,0.002915135908114222
2012-08-31,0.003545214998526936
2012-09-04,0.0032507532321356405
2012-09-05,0.0032607220016136786
2012-09-06,0.0034043000803886
2012-09-07,0.0037815751464289
2012-09-10,0.0039795178566967085
2012-09-11,0.003978056052600696
2012-09-12,0.0038809138403797243
2012-09-13,0.00442097553541468
2012-09-14,0.004435669412220547
2012-09-17,0.004576412920436744
2012-09-18,0.004580315350890315
2012-09-19,0.004583653400484497
2012-09-20,0.00460925413261618
2012-09-21,0.004495776413719664
2012-09-24,0.004544893472059651
2012-09-25,0.004643073873999431
2012-09-26,0.004700086267049248
2012-09-27,0.004883507598837351
2012-09-28,0.004894914077698889
2012-10-01,0.004831444888578917
2012-10-02,0.004303654409632484
2012-10-03,0.004291327496837203
2012-10-04,0.004286541426884162
2012-10-05,0.004303433192063539
2012-10-08,0.003933269096334659
2012-10-09,0.004073587438820597
2012-10-10,0.0040920351467755665
2012-10-11,0.004093575022132159
2012-10-12,0.0030534587125969188
2012-10-15,0.003052501147550537
2012-10-16,0.0031130529058029633
2012-10-17,0.003029831156503697
2012-10-18,0.0030768469336367303
2012-10-19,0.003476218872051765
2012-10-22,0.0034452083448244836
2012-10-23,0.003729942952852832
2012-10-24,0.0037286984081544893
2012-10-25,0.0037754797586995077
2012-10-26,0.0033369498956609222
2012-10-31,0.0034461533437351887
2012-11-01,0.0034090768697180433
2012-11-02,0.003905753906519921
2012-11-05,0.003929253178555539
2012-11-06,0.004248440812837688
2012-11-07,0.004280596808223201
2012-11-08,0.0042950766523091035
2012-11-09,0.0041454617432431584
2012-11-12,0.004142369210590492
2012-11-13,0.004115427737825955
2012-11-14,0.004145487749363069
2012-11-15,0.004165131446899302
2012-11-16,0.004051903957199545
2012-11-19,0.004732180021277551
2012-11-20,0.0047167689651385685
2012-11-21,0.004425153819356952
2012-11-23,0.0048101576307072805
2012-11-26,0.004498041198488906
2012-11-27,0.0044822345633496056
2012-11-28,0.004481972192827465
2012-11-29,0.004513576894725589
2012-11-30,0.004505309200054674
2012-12-03,0.00451441278935511
2012-12-04,0.004017735529770828
2012-12-05,0.003979311253956255
2012-12-06,0.003660820647077426
2012-12-07,0.0035308726642382404
2012-12-10,0.003545396651326599
2012-12-11,0.003551018049693475
2012-12-12,0.003561634180921964
2012-12-13,0.003768166575623486
2012-12-14,0.00363744801925238
2012-12-17,0.003601643268156321
2012-12-18,0.0036523179006127428
2012-12-19,0.0029641880920984135
2012-12-20,0.0029553907148656827
2012-12-21,0.002954792379967666
2012-12-24,0.0021821014140592492
2012-12-26,0.002182783710210942
2012-12-27,0.002178862523188668
2012-12-28,0.0023125807327587884
2012-12-31,0.0027403869820978827
2013-01-02,0.003451795858754005
2013-01-03,0.003723636697648348
2013-01-04,0.0036530349965890516
2013-01-07,0.003703255941305265
2013-01-08,0.003707317524433303
2013-01-09,0.00369834253084264
2013-01-10,0.003833867982568879
2013-01-11,0.0038248725850502387
2013-01-14,0.0038229252082210862
2013-01-15,0.003668893995350165
2013-01-16,0.0036561363461793204
2013-01-17,0.0036361536532170274
2013-01-18,0.0035826523077313217
2013-01-22,0.003541331229689475
2013-01-23,0.0034948359284995506
2013-01-24,0.0036476899554302713
2013-01-25,0.00368096501181155
2013-01-28,0.0037162403448483196
2013-01-29,0.003732219320522203
2013-01-30,0.003565791251056336
2013-01-31,0.003365110828396122
2013-02-01,0.0027478333289424387
2013-02-04,0.002295080747290617
2013-02-05,0.0023189052661177893
2013-02-06,0.0022047877177487295
2013-02-07,0.002231635714704103
2013-02-08,0.0022399047550209724
2013-02-11,0.002280995774688945
2013-02-12,0.002268063648192043
2013-02-13,0.0023550272094179543
2013-02-14,0.002254185388694712
2013-02-15,0.0026206441362838237
2013-02-19,0.0025837491727534914
2013-02-20,0.0035633271559713684
2013-02-21,0.003469114888454317
2013-02-22,0.0036683681983569138
2013-02-25,0.0035902930829439725
2013-02-26,0.003836834637842633
2013-02-27,0.0038246156327151975
2013-02-28,0.0038485249916543293
2013-03-01,0.0038353832667349405
2013-03-04,0.0038137902819480136
2013-03-05,0.0038139948384858144
2013-03-06,0.003829077091770789
2013-03-07,0.003804391662234099
2013-03-08,0.003758676656858088
2013-03-11,0.0037949021563839147
2013-03-12,0.0038358562172161794
2013-03-13,0.003733056671003452
2013-03-14,0.0037577479688978926
2013-03-15,0.0037264101660369254
2013-03-18,0.0037565035911781845
2013-03-19,0.003476878548519158
2013-03-20,0.0034815897651681482
2013-03-21,0.0020759171840561484
2013-03-22,0.002076371540152854
2013-03-25,0.002010973037943913
2013-03-26,0.0019945208861560093
2013-03-27,0.0017226575005232423
2013-03-28,0.0017925491343857153
2013-04-01,0.0015219984497169554
2013-04-02,0.0018273612814647623
2013-04-03,0.0022831906464597443
2013-04-04,0.0022337624085219366
2013-04-05,0.002471721764027922
2013-04-08,0.0024224809614478223
2013-04-09,0.002524389754518999
2013-04-10,0.0026220430522561995
2013-04-11,0.0025966346542254646
2013-04-12,0.00418544864503495
2013-04-15,0.008870283906985675
2013-04-16,0.009099106199031572
2013-04-17,0.009064718897859762
2013-04-18,0.009063225802431664
2013-04-19,0.009212684425175949
2013-04-22,0.009434982970272463
2013-04-23,0.009427807904739459
2013-04-24,0.009500819555139432
2013-04-25,0.009730109970301815
2013-04-26,0.009694476837986696
2013-04-29,0.009793092125809784
2013-04-30,0.009807464798277868
2013-05-01,0.009846929775086416
2013-05-02,0.009851271391434366
2013-05-03,0.009845334028516079
2013-05-06,0.009771399532557385
2013-05-07,0.00978639804536923
2013-05-08,0.009875430213552826
2013-05-09,0.009908957536138243
2013-05-10,0.009912714250526148
2013-05-13,0.009414101762751979
2013-05-14,0.00453069615553632
2013-05-15,0.004510416989855763
2013-05-16,0.004396084929160836
2013-05-17,0.004658685148482162
2013-05-20,0.00498093603919085
2013-05-21,0.004845517149731624
2013-05-22,0.0051334922657058895
2013-05-23,0.00523785435998186
2013-05-24,0.004851244652752604
2013-05-28,0.004871557946650665
2013-05-29,0.004734794257244673
2013-05-30,0.004921986628907898
2013-05-31,0.005470787469671301
2013-06-03,0.0057264996303746755
2013-06-04,0.005812243051303972
2013-06-05,0.005808754694245314
2013-06-06,0.005987164911362443
2013-06-07,0.005845196848082657
2013-06-10,0.005803661946208423
2013-06-11,0.005820482879808553
2013-06-12,0.005803976131775983
2013-06-13,0.006013359777245677
2013-06-14,0.005933649124653227
2013-06-17,0.005931997840967331
2013-06-18,0.005797586575618644
2013-06-19,0.005947429148837888
2013-06-20,0.008262275041289313
2013-06-21,0.008218750203455506
2013-06-24,0.00809861142483213
2013-06-25,0.00815131302435078
2013-06-26,0.008288703260395741
2013-06-27,0.008197676201982697
2013-06-28,0.008283936042812447
2013-07-01,0.008300940878506947
2013-07-02,0.007924904944201424
2013-07-03,0.007940124338948064
2013-07-05,0.008088431193038795
2013-07-08,0.00820168549842285
2013-07-09,0.008358042635469591
2013-07-10,0.00834473475427587
2013-07-11,0.009281895109722731
2013-07-12,0.009280711249272369
2013-07-15,0.0091680507118392
2013-07-16,0.009174167373073099
2013-07-17,0.009171710365023117
2013-07-18,0.009198173575411714
2013-07-19,0.008858291751841189
2013-07-22,0.006536911141252462
2013-07-23,0.006537909702976499
2013-07-24,0.006630211909398165
2013-07-25,0.006656998866327724
2013-07-26,0.0061528740631013904
2013-07-29,0.006139523630950896
2013-07-30,0.0060667656063557816
2013-07-31,0.0059284612971276015
2013-08-01,0.005907995635089195
2013-08-02,0.005913331742727337
2013-08-05,0.005484060389415046
2013-08-06,0.005592930731754923
2013-08-07,0.005484076802751813
2013-08-08,0.005745456611199249
2013-08-09,0.004523038833172022
2013-08-12,0.004612969770407048
2013-08-13,0.0048034384383627195
2013-08-14,0.0048129734821431795
2013-08-15,0.004782380891832129
2013-08-16,0.004772002494191312
2013-08-19,0.004779383743942052
2013-08-20,0.004269620865420093
2013-08-21,0.004381894059346805
2013-08-22,0.004055689045836402
2013-08-23,0.004336230375872202
2013-08-26,0.004335215597362355
2013-08-27,0.004290686245453761
2013-08-28,0.0042818237152983454
2013-08-29,0.004295518713343223
2013-08-30,0.00439379849659497
2013-09-03,0.004440737370716722
2013-09-04,0.004417351142398968
2013-09-05,0.0045723451724744395
2013-09-06,0.004811095557878763
2013-09-09,0.004459258033986924
2013-09-10,0.004575638597679286
2013-09-11,0.004481755526516231
2013-09-12,0.004954830029418108
2013-09-13,0.004948849279756213
2013-09-16,0.004947904148320972
2013-09-17,0.004980893191729545
2013-09-18,0.006906276997225146
2013-09-19,0.006897914115461373
2013-09-20,0.007306645261031854
2013-09-23,0.007247659979867154
2013-09-24,0.0070101858420559835
2013-09-25,0.007040231620616391
2013-09-26,0.007052810556898916
2013-09-27,0.007068799049953014
2013-09-30,0.007099606153160575
2013-10-01,0.007209686294077182
2013-10-02,0.007318552558509374
2013-10-03,0.007313086068579863
2013-10-04,0.007076016000874411
2013-10-07,0.0068994618946611
2013-10-08,0.006924067639280732
2013-10-09,0.006904098136952169
2013-10-10,0.006884958102621362
2013-10-11,0.006457635217143024
2013-10-14,0.006450424286411749
2013-10-15,0.0064476426819942536
2013-10-16,0.006553450043502395
2013-10-17,0.005312926306050156
2013-10-18,0.00529426387604975
2013-10-21,0.004592267883587795
2013-10-22,0.00505556249895947
2013-10-23,0.005120466045385507
2013-10-24,0.005135531441485736
2013-10-25,0.005120492793377445
2013-10-28,0.005118957459032202
2013-10-29,0.005026391643618414
2013-10-30,0.0047249734768936525
2013-10-31,0.004833288561980328
2013-11-01,0.0048630006043252315
2013-11-04,0.0048602689977357266
2013-11-05,0.004941555946669624
2013-11-06,0.004842065052575433
2013-11-07,0.004984396620651884
2013-11-08,0.005111825434010348
2013-11-11,0.005097586490868669
2013-11-12,0.005241409879618305
2013-11-13,0.0053357032633593775
2013-11-14,0.005407559892187743
2013-11-15,0.0044002813518109725
2013-11-18,0.0044826241373872215
2013-11-19,0.004499733265930937
2013-11-20,0.004368034606581809
2013-11-21,0.004420154401885922
2013-11-22,0.004375322599963028
2013-11-25,0.004291335805797325
2013-11-26,0.004278115516225799
2013-11-27,0.004268070138421067
2013-11-29,0.004339933928434613
2013-12-02,0.004738905655102908
2013-12-03,0.004723182423536171
2013-12-04,0.004823726519997117
2013-12-05,0.004981076280285804
2013-12-06,0.004999091313259609
2013-12-09,0.004992446650145692
2013-12-10,0.005105812446307478
2013-12-11,0.005371604176032792
2013-12-12,0.005632745355322779
2013-12-13,0.005562665735934534
2013-12-16,0.00533909014293646
2013-12-17,0.005336283673686213
2013-12-18,0.005320868786767247
2013-12-19,0.005668665126293811
2013-12-20,0.00544493314539651
2013-12-23,0.005407924559509027
2013-12-24,0.005374942957307096
2013-12-26,0.00542172892614863
2013-12-27,0.005427043018606618
2013-12-30,0.0054876817702346975
2013-12-31,0.0054633174331862305
2014-01-02,0.004974726891100507
2014-01-03,0.00502388778285545
2014-01-06,0.004949839084343611
2014-01-07,0.0046778720185049905
2014-01-08,0.004653329269707721
2014-01-09,0.004566446278302557
2014-01-10,0.004781223718933359
2014-01-13,0.004454360060660526
2014-01-14,0.0038918158866368215
2014-01-15,0.003842778367150263
2014-01-16,0.003813944646390531
2014-01-17,0.003747518373387094
2014-01-21,0.003827254882018395
2014-01-22,0.003088149109372625
2014-01-23,0.003138254345746717
2014-01-24,0.003346588090957972
2014-01-27,0.0036921982907080573
2014-01-28,0.003666966382706572
2014-01-29,0.0036943191643934955
2014-01-30,0.003698718475841135
2014-01-31,0.0036805106772538395
2014-02-03,0.0036582797116223717
2014-02-04,0.003585469782000289
2014-02-05,0.0035881849625225286
2014-02-06,0.0036734888488586686
2014-02-07,0.003911544853738058
2014-02-10,0.003928861696611325
2014-02-11,0.003688382667837719
2014-02-12,0.003669441728001829
2014-02-13,0.00384538216523729
2014-02-14,0.004001558108198798
2014-02-18,0.004003503493623308
2014-02-19,0.0042733036881228426
2014-02-20,0.0042868916980913115
2014-02-21,0.004228813573602236
2014-02-24,0.004139157315439957
2014-02-25,0.003932883013692661
2014-02-26,0.0035973540802290414
2014-02-27,0.003596630257160766
2014-02-28,0.0036388500202096698
2014-03-03,0.0035310343138344573
2014-03-04,0.0036212532045837723
2014-03-05,0.0034955854719024436
2014-03-06,0.0034752259594215185
2014-03-07,0.0036842032025343084
2014-03-10,0.003685307948586379
2014-03-11,0.0034568063814567796
2014-03-12,0.003598678769356387
2014-03-13,0.003490059244165592
2014-03-14,0.003464336832712796
2014-03-17,0.0033727411429080455
2014-03-18,0.0031806256190550913
2014-03-19,0.004132320461844994
2014-03-20,0.003897805125266772
2014-03-21,0.003758298954573193
2014-03-24,0.0041055227254224985
2014-03-25,0.003960419138390961
2014-03-26,0.004010964654921601
2014-03-27,0.00402707966046108
2014-03-28,0.003981681064268466
2014-03-31,0.003982956836403235
2014-04-01,0.003692284493612312
2014-04-02,0.003730937192720628
2014-04-03,0.003713693187791328
2014-04-04,0.003709703369489041
2014-04-07,0.003738831068501509
2014-04-08,0.00393269410362941
2014-04-09,0.004050581508186505
2014-04-10,0.0038277562989903397
2014-04-11,0.0038475938671463095
2014-04-14,0.003996803075832626
2014-04-15,0.00403418836836204
2014-04-16,0.004111966174885866
2014-04-17,0.0033843987940781885
2014-04-21,0.003362842644859929
2014-04-22,0.0033526491874021893
2014-04-23,0.002966224846572604
2014-04-24,0.002995637606661142
2014-04-25,0.002877860135527887
2014-04-28,0.0028210792620453683
2014-04-29,0.002840766353852246
2014-04-30,0.0028408949100010737
2014-05-01,0.0028391197871115307
2014-05-02,0.0028921199990857406
2014-05-05,0.0029478831225603283
2014-05-06,0.0030174592378300652
2014-05-07,0.0028779094508461405
2014-05-08,0.0026792370488078906
2014-05-09,0.0025228522107815887
2014-05-12,0.0025660290959347272
2014-05-13,0.002479289493292989
2014-05-14,0.002386522621478329
2014-05-15,0.0024791401852591348
2014-05-16,0.0024035793762681064
2014-05-19,0.0022471511995860887
2014-05-20,0.0022598729549522852
2014-05-21,0.002270431920583057
2014-05-22,0.002272713591651183
2014-05-23,0.002231124894541499
2014-05-27,0.002531032903542978
2014-05-28,0.0025195836202050893
2014-05-29,0.0024973730505177217
2014-05-30,0.0025149931195859103
2014-06-02,0.002618399222823987
2014-06-03,0.0025085559522156475
2014-06-04,0.0023598338257428365
2014-06-05,0.0025582141357167777
2014-06-06,0.0024980265646306764
2014-06-09,0.002498194762171343
2014-06-10,0.002513340354729171
2014-06-11,0.002313023115788063
2014-06-12,0.002362901202308279
2014-06-13,0.0022728378551327023
2014-06-16,0.0020489619241621203
2014-06-17,0.0020590469455134346
2014-06-18,0.0023390466291223332
2014-06-19,0.003298276153958215
2014-06-20,0.0033025332654679795
2014-06-23,0.003301855270679103
2014-06-24,0.0033054554224632242
2014-06-25,0.003042331137388945
2014-06-26,0.0030396581698317326
2014-06-27,0.0030407707350322524
2014-06-30,0.0030514207404499817
2014-07-01,0.002889339153682998
2014-07-02,0.0028907427495685678
2014-07-03,0.002896115584015758
2014-07-07,0.0027996644376662013
2014-07-08,0.002822313237160589
2014-07-09,0.002861394955743766
2014-07-10,0.0028608221264330882
2014-07-11,0.0028290155651943265
2014-07-14,0.003348442173781605
2014-07-15,0.003517390594746359
2014-07-16,0.0035239263253553097
2014-07-17,0.003558531649151869
2014-07-18,0.003428172968455639
2014-07-21,0.002483759919812469
2014-07-22,0.0024822455704475426
2014-07-23,0.002481473777071168
2014-07-24,0.0027098008640239466
2014-07-25,0.0027914104726546045
2014-07-28,0.002799282101273073
2014-07-29,0.002835890283255063
2014-07-30,0.0027898825814357065
2014-07-31,0.003564035263950953
2014-08-01,0.003692918657943491
2014-08-04,0.0037229806986193775
2014-08-05,0.0037758049040599643
2014-08-06,0.003988018816221231
2014-08-07,0.0039002584857983054
2014-08-08,0.003985784587164221
2014-08-11,0.003961995148277699
2014-08-12,0.0036712806847262517
2014-08-13,0.003657913614316217
2014-08-14,0.0036456096112761245
2014-08-15,0.0035577286563502927
2014-08-18,0.003558349210750624
2014-08-19,0.003561164791062864
2014-08-20,0.003572614611715436
2014-08-21,0.0035937743210046644
2014-08-22,0.0034407078360538823
2014-08-25,0.0033502048514009236
2014-08-26,0.0033695951143666385
2014-08-27,0.0033385761604180224
2014-08-28,0.003264464481144226
2014-08-29,0.002083377591238481
2014-09-02,0.0028127461770539033
2014-09-03,0.0028151453327874337
2014-09-04,0.002822020567026923
2014-09-05,0.002678682818718439
2014-09-08,0.0028981280293014543
2014-09-09,0.0028281745932084725
2014-09-10,0.0028345295271459273
2014-09-11,0.0028629837221860275
2014-09-12,0.002957936736968146
2014-09-15,0.002891016225212238
2014-09-16,0.003013029012397193
2014-09-17,0.003082329940116211
2014-09-18,0.003142573323969398
2014-09-19,0.0031410592444029014
2014-09-22,0.0031544306751648352
2014-09-23,0.003168681739546197
2014-09-24,0.0031560050565063173
2014-09-25,0.003117867152610322
2014-09-26,0.0031271038437561014
2014-09-29,0.0030604843031302874
2014-09-30,0.0030712775368273377
2014-10-01,0.0026466924995022993
2014-10-02,0.0025753407856094384
2014-10-03,0.0025387456356865366
2014-10-06,0.0026403072082078097
2014-10-07,0.00250989907530872
2014-10-08,0.003455409993590558
2014-10-09,0.0037243848252379408
2014-10-10,0.003734837622443951
2014-10-13,0.0035059155087101435
2014-10-14,0.0035120590568517257
2014-10-15,0.003441859985363682
2014-10-16,0.0033428827688235857
2014-10-17,0.0033463878512307375
2014-10-20,0.003605265100748533
2014-10-21,0.003795750883030162
2014-10-22,0.003938023500703206
2014-10-23,0.003937926269714597
2014-10-24,0.0038994210848884176
2014-10-27,0.003909614017923109
2014-10-28,0.003954097886716834
2014-10-29,0.004146249544361757
2014-10-30,0.0041563580565151855
2014-10-31,0.004257664626430568
2014-11-03,0.004230067116454671
2014-11-04,0.004134639820987145
2014-11-05,0.004252832675602513
2014-11-06,0.0035467333571122567
2014-11-07,0.004192661054469548
2014-11-10,0.004505705708002257
2014-11-11,0.004628621045768846
2014-11-12,0.0046523641107565706
2014-11-13,0.004658712986443082
2014-11-14,0.0050421055392185
2014-11-17,0.005046980050949724
2014-11-18,0.0050089194214924405
2014-11-19,0.004978332381965982
2014-11-20,0.0049798256415629705
2014-11-21,0.005042511851611119
2014-11-24,0.005024779287926542
2014-11-25,0.005018530112118307
2014-11-26,0.004984510656357692
2014-11-28,0.00512637406707735
2014-12-01,0.005541024555827246
2014-12-02,0.00551570005780051
2014-12-03,0.005552591215313946
2014-12-04,0.005543910620365941
2014-12-05,0.005571227155669639
2014-12-08,0.005580026107731218
2014-12-09,0.005270490343060547
2014-12-10,0.005040943758067058
2014-12-11,0.004966030634709075
2014-12-12,0.005017539091080506
2014-12-15,0.005768506288869626
2014-12-16,0.0054079724601421575
2014-12-17,0.005421550027505533
2014-12-18,0.005651309450304042
2014-12-19,0.005503003948888073
2014-12-22,0.00554896843315676
2014-12-23,0.005492562296607412
2014-12-24,0.005491849065818936
2014-12-26,0.0057390413464879836
2014-12-29,0.005752987612151616
2014-12-30,0.005458324869872092
2014-12-31,0.005278207080362944
2015-01-02,0.005269664639555569
2015-01-05,0.0051606695758544254
2015-01-06,0.005201278586863486
2015-01-07,0.005059959315520354
2015-01-08,0.005068515019961157
2015-01-09,0.004803299623810407
2015-01-12,0.00470062619710879
2015-01-13,0.004726281290053069
2015-01-14,0.0046565896028984794
2015-01-15,0.003965129122759924
2015-01-16,0.00409397745233163
2015-01-20,0.004199760346989898
2015-01-21,0.0038928717366199907
2015-01-22,0.004061420440011246
2015-01-23,0.003883217767564968
2015-01-26,0.003970162581352216
2015-01-27,0.003980233142373867
2015-01-28,0.0039599977523221575
2015-01-29,0.004161377972716747
2015-01-30,0.004288537854918355
2015-02-02,0.003786360782918023
2015-02-03,0.0038394250960298954
2015-02-04,0.0038413164149508077
2015-02-05,0.003837988318350187
2015-02-06,0.004983494581591205
2015-02-09,0.0049517571095027794
2015-02-10,0.004924385817951542
2015-02-11,0.004988085950216482
2015-02-12,0.005043743372286883
2015-02-13,0.005046818686312855
2015-02-17,0.005007085295393095
2015-02-18,0.004828838817162904
2015-02-19,0.0046079122086698475
2015-02-20,0.004605459216559976
2015-02-23,0.004314558388508198
2015-02-24,0.0043782744814816815
2015-02-25,0.004362520266298422
2015-02-26,0.004363685338364375
2015-02-27,0.004284702279571067
2015-03-02,0.004151977102337042
2015-03-03,0.003909931223569544
2015-03-04,0.00390480452164983
2015-03-05,0.0039059006018942683
2015-03-06,0.005284169408655074
2015-03-09,0.005307267201356228
2015-03-10,0.00469106141255411
2015-03-11,0.004689309661798126
2015-03-12,0.004837896872190311
2015-03-13,0.004802609605956894
2015-03-16,0.004880061822229733
2015-03-17,0.004834387710055531
2015-03-18,0.005690797283366704
2015-03-19,0.005695613520075406
2015-03-20,0.005971274445529522
2015-03-23,0.00598432639281243
2015-03-24,0.005970857164849099
2015-03-25,0.006074502100948006
2015-03-26,0.0060629723301013705
2015-03-27,0.00606550400107063
2015-03-30,0.0060651928705982286
2015-03-31,0.006073026057000982
2015-04-01,0.006204817620694932
2015-04-02,0.006185920200490337
2015-04-06,0.006351993612848814
2015-04-07,0.004960406734567044
2015-04-08,0.004957957992707529
2015-04-09,0.004782946893087221
2015-04-10,0.004810994491597042
2015-04-13,0.004865424773893306
2015-04-14,0.004824379015471984
2015-04-15,0.004791324870813528
2015-04-16,0.004759510899951414
2015-04-17,0.003712155684568868
2015-04-20,0.003613008692141156
2015-04-21,0.003182338225686173
2015-04-22,0.0033407777335745384
2015-04-23,0.0034723114573272955
2015-04-24,0.0032622955844703433
2015-04-27,0.0034000774605382872
2015-04-28,0.0034238095919306576
2015-04-29,0.003634890490366398
2015-04-30,0.0041762934351303824
2015-05-01,0.003944737972899128
2015-05-04,0.004014656495056007
2015-05-05,0.0037634510650509127
2015-05-06,0.0037899726230113144
2015-05-07,0.003790230571467285
2015-05-08,0.0041285512231296105
2015-05-11,0.004128417638123884
2015-05-12,0.0041233925719901775
2015-05-13,0.004322237336900105
2015-05-14,0.004438623473889769
2015-05-15,0.004504313181092816
2015-05-18,0.004499479046969565
2015-05-19,0.00471637349451631
2015-05-20,0.004718614321732719
2015-05-21,0.0046046075584491395
2015-05-22,0.004531895342967726
2015-05-26,0.004708730300458637
2015-05-27,0.004625812032371228
2015-05-28,0.004587732085567608
2015-05-29,0.0044774475742505905
2015-06-01,0.003970726485686581
2015-06-02,0.003982394518753615
2015-06-03,0.00402578620452155
2015-06-04,0.004029477200908256
2015-06-05,0.004100407181386659
2015-06-08,0.004099926320715317
2015-06-09,0.0037057877750976066
2015-06-10,0.0037306152539914855
2015-06-11,0.003733135845298251
2015-06-12,0.003529467490458885
2015-06-15,0.003168575057432497
2015-06-16,0.0030578882801299257
2015-06-17,0.0031359930863612997
2015-06-18,0.003366071342199612
2015-06-19,0.0033558741772407607
2015-06-22,0.003506209297205768
2015-06-23,0.0035370353768437793
2015-06-24,0.003306727417246006
2015-06-25,0.003241616449353804
2015-06-26,0.0032373071761023294
2015-06-29,0.0032366655593820746
2015-06-30,0.0032542998079654883
2015-07-01,0.003253730280272764
2015-07-02,0.0031492323030249433
2015-07-06,0.0031243526838571297
2015-07-07,0.0029525415472052186
2015-07-08,0.0030350954158293634
2015-07-09,0.0030392390457139916
2015-07-10,0.002805186148931135
2015-07-13,0.0027716731736761343
2015-07-14,0.002749117374148468
2015-07-15,0.0027407439647880406
2015-07-16,0.002722084882811578
2015-07-17,0.002722381842923167
2015-07-20,0.002753118099405198
2015-07-21,0.00274286512388155
2015-07-22,0.0025907167899049005
2015-07-23,0.0025661518580039414
2015-07-24,0.002566593605381123
2015-07-27,0.002569153631695099
2015-07-28,0.0027661834913262
2015-07-29,0.002840896915226567
2015-07-30,0.0028442287220492983
2015-07-31,0.0029879478534261556
2015-08-03,0.003024003150843546
2015-08-04,0.0029572040244789845
2015-08-05,0.0029601964865896423
2015-08-06,0.0029091403418811308
2015-08-07,0.002946645937080383
2015-08-10,0.003247169923563795
2015-08-11,0.003238227575346385
2015-08-12,0.003413897298203493
2015-08-13,0.0035139601936173765
2015-08-14,0.003503343404223687
2015-08-17,0.0035397607897040416
2015-08-18,0.0028345657729829097
2015-08-19,0.0029113973263651246
2015-08-20,0.002860739492897718
2015-08-21,0.0032245004788545415
2015-08-24,0.004700648633062824
2015-08-25,0.0051279259304141496
2015-08-26,0.005263916925288131
2015-08-27,0.005577265047944441
2015-08-28,0.0056024001346726745
2015-08-31,0.005571943151010406
2015-09-01,0.005754879196705854
2015-09-02,0.0058201188216931805
2015-09-03,0.005819526143819641
2015-09-04,0.0059120331938032926
2015-09-08,0.00612528519553153
2015-09-09,0.0061939976954186425
2015-09-10,0.006211955268078926
2015-09-11,0.006097313131833508
2015-09-14,0.006060079068006539
2015-09-15,0.006056015665909179
2015-09-16,0.006250819407470496
2015-09-17,0.006391692623574848
2015-09-18,0.006316732458599193
2015-09-21,0.006324840006815155
2015-09-22,0.006257930045120229
2015-09-23,0.0052934949373336865
2015-09-24,0.004942462513664791
2015-09-25,0.0048483122271976995
2015-09-28,0.005066280398155549
2015-09-29,0.005000676750519728
2015-09-30,0.005029564655085112
2015-10-01,0.004778852765077538
2015-10-02,0.005591535168396295
2015-10-05,0.0056114201866002255
2015-10-06,0.005468995320252381
2015-10-07,0.005298502703930604
2015-10-08,0.004840726827903409
2015-10-09,0.004936130952593892
2015-10-12,0.004944592815325411
2015-10-13,0.004933141114027518
2015-10-14,0.005025288380982963
2015-10-15,0.004870382172314296
2015-10-16,0.004816413148703772
2015-10-19,0.004815267784551539
2015-10-20,0.004753069579848455
2015-10-21,0.004687979431513402
2015-10-22,0.004780489697514368
2015-10-23,0.00466141158069744
2015-10-26,0.004566825768055641
2015-10-27,0.003616006510575144
2015-10-28,0.0036362826747521498
2015-10-29,0.0039804333671244665
2015-10-30,0.004059250464468054
2015-11-02,0.002965061892217856
2015-11-03,0.003161690326288348
2015-11-04,0.0032962937594688546
2015-11-05,0.0033057556707352716
2015-11-06,0.00367063290149702
2015-11-09,0.0034349975204983996
2015-11-10,0.003359505560457981
2015-11-11,0.003377263554015791
2015-11-12,0.0030524083207553406
2015-11-13,0.002945139824299646
2015-11-16,0.003391697124722731
2015-11-17,0.0034704353287112097
2015-11-18,0.00376719466147921
2015-11-19,0.0038952802734872212
2015-11-20,0.0035747781116316096
2015-11-23,0.0035416612591131426
2015-11-24,0.003661438552486207
2015-11-25,0.0036263983586111554
2015-11-27,0.0036433190974554572
2015-11-30,0.0035645652420576894
2015-12-01,0.003897939884797653
2015-12-02,0.0043128785698353005
2015-12-03,0.004304053577573011
2015-12-04,0.005530319477438309
2015-12-07,0.005628997913057729
2015-12-08,0.005418863605723892
2015-12-09,0.00541930815559239
2015-12-10,0.005414980780986104
2015-12-11,0.005403549281024569
2015-12-14,0.00543004060123144
2015-12-15,0.00539914273062988
2015-12-16,0.005530203120918056
2015-12-17,0.0059526669260078465
2015-12-18,0.00581218222724434
2015-12-21,0.005930755571620908
2015-12-22,0.00593214395092868
2015-12-23,0.005936094172926395
2015-12-24,0.005924074944530293
2015-12-28,0.0059570112712857845
2015-12-29,0.005927356049651462
2015-12-30,0.0060142104625548545
2015-12-31,0.00585526451789708
2016-01-04,0.005505065707393653
2016-01-05,0.005416054967691855
2016-01-06,0.004245561145937685
2016-01-07,0.004131398328365754
2016-01-08,0.004215226876343145
2016-01-11,0.004246041575818895
2016-01-12,0.004296171282326276
2016-01-13,0.0044218565661141695
2016-01-14,0.004300133888340834
2016-01-15,0.004290107688830014
2016-01-19,0.0038191422059183676
2016-01-20,0.0030809503928103193
2016-01-21,0.003100844802729444
2016-01-22,0.0029081664848688723
2016-01-25,0.002903999207149947
2016-01-26,0.0034624593479408296
2016-01-27,0.0034378000419284086
2016-01-28,0.003383125402010431
2016-01-29,0.004192733724897431
2016-02-01,0.004057189056002582
2016-02-02,0.004089258032606642
2016-02-03,0.004211141326388584
2016-02-04,0.004328816321329801
2016-02-05,0.004323156791233601
2016-02-08,0.004269118659225226
2016-02-09,0.0041146267091956975
2016-02-10,0.003981814514695465
2016-02-11,0.0044473115280698585
2016-02-12,0.0041238574201876025
2016-02-16,0.004419235719005586
2016-02-17,0.004421125638106113
2016-02-18,0.0045492560430494934
2016-02-19,0.004675741692635651
2016-02-22,0.004754506928685925
2016-02-23,0.004736914574450625
2016-02-24,0.004690626374200146
2016-02-25,0.004551688595379484
2016-02-26,0.004709623487042953
2016-02-29,0.004633711346893736
2016-03-01,0.004183291729282968
2016-03-02,0.004193925511250801
2016-03-03,0.004141199722879102
2016-03-04,0.004153116095957099
2016-03-07,0.004101610936152757
2016-03-08,0.004228143017761455
2016-03-09,0.004336568411379417
2016-03-10,0.00433441051307269
2016-03-11,0.004384126125989998
2016-03-14,0.004101886431963472
2016-03-15,0.004103004252017835
2016-03-16,0.004385053557134985
2016-03-17,0.004238106613476892
2016-03-18,0.003943031505711392
2016-03-21,0.0039729194021696015
2016-03-22,0.003937542173160807
2016-03-23,0.0044394760919257556
2016-03-24,0.004438267439153631
2016-03-28,0.004272909656433869
2016-03-29,0.004755218556836645
2016-03-30,0.004857448695476439
2016-03-31,0.004843926123259772
2016-04-01,0.004805344663617044
2016-04-04,0.004596857889257451
2016-04-05,0.004618147543596507
2016-04-06,0.004614908784664483
2016-04-07,0.004566397384390916
2016-04-08,0.004519142412674212
2016-04-11,0.004490016194857985
2016-04-12,0.0044754791821743824
2016-04-13,0.0043168252777233546
2016-04-14,0.004531354022771149
2016-04-15,0.0039021187237924158
2016-04-18,0.003905888730679539
2016-04-19,0.004076952411318307
2016-04-20,0.004088411584195358
2016-04-21,0.0041032139456018
2016-04-22,0.003785001170522353
2016-04-25,0.00376177037608748
2016-04-26,0.0037592649454422904
2016-04-27,0.0029219809633910018
2016-04-28,0.002901576706163202
2016-04-29,0.003010822688319685
2016-05-02,0.003007418143544601
2016-05-03,0.0029413326399252687
2016-05-04,0.003060766004849164
2016-05-05,0.0030606718466594345
2016-05-06,0.0030973169458286716
2016-05-09,0.003417107087043399
2016-05-10,0.003492125739541006
2016-05-11,0.0034783236858803392
2016-05-12,0.0035778969151231705
2016-05-13,0.003336159921785451
2016-05-16,0.00331674166877067
2016-05-17,0.0033657825475969768
2016-05-18,0.0036237446541932117
2016-05-19,0.0035806091251818365
2016-05-20,0.003606644928365087
2016-05-23,0.0034688553381363634
2016-05-24,0.003496300466573413
2016-05-25,0.003497747211394279
2016-05-26,0.0034012837854637185
2016-05-27,0.003242573728561716
2016-05-31,0.0030489406299174238
2016-06-01,0.0030423729660634074
2016-06-02,0.0030653640153946475
2016-06-03,0.003959449172607401
2016-06-06,0.003963053707462781
2016-06-07,0.003891427774791599
2016-06-08,0.0038858232038545513
2016-06-09,0.0037665021384199657
2016-06-10,0.0037734741681847337
2016-06-13,0.0036721067937877344
2016-06-14,0.003675044419183555
2016-06-15,0.003694847984401096
2016-06-16,0.00368465951099663
2016-06-17,0.0030655408754416305
2016-06-20,0.0030582399683041312
2016-06-21,0.0034395562783642694
2016-06-22,0.0034140633784534753
2016-06-23,0.0033550368445089706
2016-06-24,0.0037921929368148733
2016-06-27,0.0038238533834932223
2016-06-28,0.0037615292633358093
2016-06-29,0.003874555481965908
2016-06-30,0.004027835436659766
2016-07-01,0.004153883020156834
2016-07-05,0.0035886627612289313
2016-07-06,0.003615515554619304
2016-07-07,0.003703211989511501
2016-07-08,0.003786236644416589
2016-07-11,0.003976711733563642
2016-07-12,0.004211069481997112
2016-07-13,0.004241115810018855
2016-07-14,0.004295851973666406
2016-07-15,0.004386045903460326
2016-07-18,0.004319762348241279
2016-07-19,0.004318245525171899
2016-07-20,0.004442086588116975
2016-07-21,0.004162004690264131
2016-07-22,0.0042010876766428295
2016-07-25,0.004341899206490986
2016-07-26,0.003982262927562856
2016-07-27,0.004110029594332347
2016-07-28,0.0041225498010648304
2016-07-29,0.004099735106590681
2016-08-01,0.003907005197021216
2016-08-02,0.003679166024477567
2016-08-03,0.0036661806870845305
2016-08-04,0.003587929739290589
2016-08-05,0.0037662889988731496
2016-08-08,0.003360251647495966
2016-08-09,0.003319388905746988
2016-08-10,0.0031143807590959336
2016-08-11,0.003063929601446319
2016-08-12,0.003021767368222808
2016-08-15,0.0029345177194145286
2016-08-16,0.002935387589739371
2016-08-17,0.002938624732913337
2016-08-18,0.0028083017506674926
2016-08-19,0.0028803398417598823
2016-08-22,0.002859967264631226
2016-08-23,0.0027243110813717376
2016-08-24,0.0030052047747089134
2016-08-25,0.0026440200406480665
2016-08-26,0.002686444274745338
2016-08-29,0.0025413240441610977
2016-08-30,0.0026567023457101558
2016-08-31,0.002674971155552687
2016-09-01,0.0027304857864960627
2016-09-02,0.002868302127409862
2016-09-06,0.003204628417603954
2016-09-07,0.003210112468556822
2016-09-08,0.003293365554590565
2016-09-09,0.004132808863252357
2016-09-12,0.004275542444756337
2016-09-13,0.004601009051896801
2016-09-14,0.004616327674454906
2016-09-15,0.0046378646271491315
2016-09-16,0.004622143352976974
2016-09-19,0.004549429892574763
2016-09-20,0.004487133489144485
2016-09-21,0.004974111445247592
2016-09-22,0.005053274186530958
2016-09-23,0.0049110612848114275
2016-09-26,0.004926497448469669
2016-09-27,0.004895020235400108
2016-09-28,0.004829477044796242
2016-09-29,0.004802308674183922
2016-09-30,0.004780096694879416
2016-10-03,0.0047949325260232475
2016-10-04,0.0056747124544901705
2016-10-05,0.005286233668787361
2016-10-06,0.005307863112914593
2016-10-07,0.0052743360058051655
2016-10-10,0.004732707864658037
2016-10-11,0.0047110941451969195
2016-10-12,0.004435287231409448
2016-10-13,0.004407761884163625
2016-10-14,0.004402495881271148
2016-10-17,0.004408267246546247
2016-10-18,0.004573666143083292
2016-10-19,0.004629656554295728
2016-10-20,0.0040725254634940995
2016-10-21,0.003939638019221166
2016-10-24,0.00395064825631006
2016-10-25,0.003979491940782597
2016-10-26,0.004001472956281683
2016-10-27,0.003985930422037113
2016-10-28,0.003977310346559024
2016-10-31,0.00399471562015406
2016-11-01,0.003983436101389878
2016-11-02,0.0024119161097942363
2016-11-03,0.0024111900968065833
2016-11-04,0.0022853762403735878
2016-11-07,0.0022822643782181556
2016-11-08,0.002253081622646827
2016-11-09,0.001844410598619144
2016-11-10,0.0022906640068721842
2016-11-11,0.002964242923592176
2016-11-14,0.003051431058688511
2016-11-15,0.003331096477529757
2016-11-16,0.0031087494966706916
2016-11-17,0.0029944486919427048
2016-11-18,0.0031267506298711424
2016-11-21,0.003301468498625911
2016-11-22,0.003315370520374192
2016-11-23,0.0035777053409621544
2016-11-25,0.0035511515217453225
2016-11-28,0.0036955043801329066
2016-11-29,0.003678140246885345
2016-11-30,0.0038934770475156986
2016-12-01,0.0038989124699697697
2016-12-02,0.0040001707892318725
2016-12-05,0.004001161519819304
2016-12-06,0.003999712201647233
2016-12-07,0.004373166665487855
2016-12-08,0.004373085240772706
2016-12-09,0.004393445635683342
2016-12-12,0.004271011529802752
2016-12-13,0.0038892613854959552
2016-12-14,0.004380850489597001
2016-12-15,0.004196125313162095
2016-12-16,0.004252030357137883
2016-12-19,0.00438562937024893
2016-12-20,0.004279202333392806
2016-12-21,0.004146128398119683
2016-12-22,0.004130655145578695
2016-12-23,0.003873135247660981
2016-12-27,0.003917998849644455
2016-12-28,0.003819912693049153
2016-12-29,0.004027465486746863
2016-12-30,0.003704812111655727
2017-01-03,0.0037852321812907436
2017-01-04,0.0037887221238488843
2017-01-05,0.004056883815307061
2017-01-06,0.0041282339964124155
2017-01-09,0.003926876964979285
2017-01-10,0.003913642970065069
2017-01-11,0.0038385414662469686
2017-01-12,0.003838533309485733
2017-01-13,0.0038366378342100304
2017-01-17,0.002995889427953954
2017-01-18,0.0030264989124215583
2017-01-19,0.0031615068803394807
2017-01-20,0.00310942657987375
2017-01-23,0.0030547790721137877
2017-01-24,0.003067237136449605
2017-01-25,0.003066751381961908
2017-01-26,0.0032067545600317333
2017-01-27,0.0031975412950957477
2017-01-30,0.0032012994253912143
2017-01-31,0.003229880500498079
2017-02-01,0.003194276707599867
2017-02-02,0.0030791293615152994
2017-02-03,0.003072820497521145
2017-02-06,0.0029327674118102857
2017-02-07,0.0028209994493391555
2017-02-08,0.0028605921251269656
2017-02-09,0.002965429031853779
2017-02-10,0.002957145367972592
2017-02-13,0.002983233017498382
2017-02-14,0.0029837012430777915
2017-02-15,0.0028332864378540633
2017-02-16,0.0026183100378046214
2017-02-17,0.002478837645975891
2017-02-21,0.002475407410406725
2017-02-22,0.0024376763099523547
2017-02-23,0.002492297233072167
2017-02-24,0.0024842259843651264
2017-02-27,0.002424617080577069
2017-02-28,0.0024674723149027437
2017-03-01,0.0024151985087718575
2017-03-02,0.0029051861518045842
2017-03-03,0.0028533823839259694
2017-03-06,0.002992920644113194
2017-03-07,0.003117668471552197
2017-03-08,0.003023270566954494
2017-03-09,0.003061809779261061
2017-03-10,0.0029915137712579363
2017-03-13,0.0029438890997950094
2017-03-14,0.0029592845476235667
2017-03-15,0.003990340696734645
2017-03-16,0.003991754582222354
2017-03-17,0.003961598825584149
2017-03-20,0.003935859278572174
2017-03-21,0.003936823834506153
2017-03-22,0.003942029488282294
2017-03-23,0.0039500733890413045
2017-03-24,0.0038471411980928443
2017-03-27,0.0037701697664149114
2017-03-28,0.0037391048054855386
2017-03-29,0.0037642754690148847
2017-03-30,0.0037736544211690115
2017-03-31,0.003410462384259287
2017-04-03,0.0034573362352311324
2017-04-04,0.003354722727333136
2017-04-05,0.003187408289677691
2017-04-06,0.0030308110057394888
2017-04-07,0.0029674927500168754
2017-04-10,0.00294323672686418
2017-04-11,0.0031237373621508966
2017-04-12,0.0029950923308864267
2017-04-13,0.0017447741335552284
2017-04-17,0.0017324811551615534
2017-04-18,0.0017661075914084073
2017-04-19,0.0021105130059432486
2017-04-20,0.0021386563145557934
2017-04-21,0.002119597308261479
2017-04-24,0.002075951940061465
2017-04-25,0.0022487812673209484
2017-04-26,0.0022467592997752793
2017-04-27,0.0022619019021879426
2017-04-28,0.0022367868517157623
2017-05-01,0.00228022599888811
2017-05-02,0.0022808523289216086
2017-05-03,0.002591465724758097
2017-05-04,0.002719858919589097
2017-05-05,0.0027571318758010106
2017-05-08,0.0027780742001470367
2017-05-09,0.002835990793184033
2017-05-10,0.0028311836939314576
2017-05-11,0.0024758744793280966
2017-05-12,0.0024870225739628744
2017-05-15,0.0025614101306576107
2017-05-16,0.0025663689568599644
2017-05-17,0.002584755517747362
2017-05-18,0.0024211834724871995
2017-05-19,0.002496382668647825
2017-05-22,0.0025694855180191023
2017-05-23,0.0026124532076039213
2017-05-24,0.0025847330727721434
2017-05-25,0.0025556586876032184
2017-05-26,0.0026251474594199994
2017-05-30,0.0026310113954099486
2017-05-31,0.0025357613269793708
2017-06-01,0.0025833677003782867
2017-06-02,0.0023206599627882784
2017-06-05,0.0020791107610475634
2017-06-06,0.0021442115806325638
2017-06-07,0.0021545954280315963
2017-06-08,0.0021415522147177892
2017-06-09,0.002418488806947377
2017-06-12,0.0024484339560269996
2017-06-13,0.0024483433518240126
2017-06-14,0.0024473171597156006
2017-06-15,0.0025587869099686464
2017-06-16,0.002513712878481556
2017-06-19,0.002487180284134519
2017-06-20,0.0024493919719456225
2017-06-21,0.002392455297343535
2017-06-22,0.00233060261011184
2017-06-23,0.002294501960678062
2017-06-26,0.0023641471685901844
2017-06-27,0.0023680125459096283
2017-06-28,0.0024541851185362344
2017-06-29,0.0027451084038678337
2017-06-30,0.002659425830585018
2017-07-03,0.002623006443511043
2017-07-05,0.0027153204598365115
2017-07-06,0.0025739654825327005
2017-07-07,0.0025741518633100847
2017-07-10,0.0026131623120644216
2017-07-11,0.0025524870753628652
2017-07-12,0.0028184681887533274
2017-07-13,0.002753329852737779
2017-07-14,0.0029984270642130512
2017-07-17,0.002993535355157321
2017-07-18,0.003113791731933178
2017-07-19,0.003133304745485386
2017-07-20,0.003095347998728716
2017-07-21,0.0031605416348930732
2017-07-24,0.0031539833351455584
2017-07-25,0.003170543371641727
2017-07-26,0.003214034710685067
2017-07-27,0.003137776397475612
2017-07-28,0.003128348710157584
2017-07-31,0.0027880097567075744
2017-08-01,0.0027625314471765882
2017-08-02,0.002303068187998385
2017-08-03,0.0022868749273175387
2017-08-04,0.002196193519945806
2017-08-07,0.0021050109633179268
2017-08-08,0.0021227848940662416
2017-08-09,0.0022401163367468274
2017-08-10,0.0021495293092080262
2017-08-11,0.002147084830690832
2017-08-14,0.0019878690859628082
2017-08-15,0.0022040269694084823
2017-08-16,0.0021991555734293287
2017-08-17,0.0022762281836013263
2017-08-18,0.002296673184750206
2017-08-21,0.0022296796362353054
2017-08-22,0.002237928086230184
2017-08-23,0.0021669853387988767
2017-08-24,0.0021213590104853536
2017-08-25,0.0021553913122840597
2017-08-28,0.0023917314152625954
2017-08-29,0.0023892925192089166
2017-08-30,0.002387235178845261
2017-08-31,0.0026821794557273524
2017-09-01,0.0026875868416289645
2017-09-05,0.002605560085625005
2017-09-06,0.0026601961539271858
2017-09-07,0.0027664121057509616
2017-09-08,0.0027191306910890555
2017-09-11,0.002827826053963819
2017-09-12,0.0028092186015238967
2017-09-13,0.0029356833116068516
2017-09-14,0.0027597763115409777
2017-09-15,0.0027183337595017426
2017-09-18,0.0028126578256717897
2017-09-19,0.002785217123447749
2017-09-20,0.0029101403513359077
2017-09-21,0.003060269512509283
2017-09-22,0.003081434150620036
2017-09-25,0.0031018224732376693
2017-09-26,0.0032168166742984824
2017-09-27,0.0030889636670999457
2017-09-28,0.003095443775097615
2017-09-29,0.0030892503175280013
2017-10-02,0.0027003417108708433
2017-10-03,0.002727605731277696
2017-10-04,0.002596007630061481
2017-10-05,0.002590624263366664
2017-10-06,0.0023043257426346078
2017-10-09,0.0024080993196579836
2017-10-10,0.0023932615018140584
2017-10-11,0.0024195156932522873
2017-10-12,0.00233558639267747
2017-10-13,0.002487872045807199
2017-10-16,0.002538140242906463
2017-10-17,0.002448838423027065
2017-10-18,0.0024741425727484163
2017-10-19,0.00242480845514387
2017-10-20,0.002290692849333911
2017-10-23,0.002252316809965447
2017-10-24,0.0021209102691272827
2017-10-25,0.0020044243663505604
2017-10-26,0.0019453635964641848
2017-10-27,0.002267656154169593
2017-10-30,0.0022533818321180963
2017-10-31,0.0022477897591343388
2017-11-01,0.002262512540096086
2017-11-02,0.002255361291871424
2017-11-03,0.0022536272800818247
2017-11-06,0.002376713357343063
2017-11-07,0.002354381040433488
2017-11-08,0.002338086895170229
2017-11-09,0.0023041741806998656
2017-11-10,0.002518822527041988
2017-11-13,0.00234244955980259
2017-11-14,0.0022924664477198893
2017-11-15,0.0022517405085280932
2017-11-16,0.0022564199263623392
2017-11-17,0.0023210402677382802
2017-11-20,0.002475200282910978
2017-11-21,0.0025417773681130702
2017-11-22,0.002619334691843098
2017-11-24,0.0025587443884832247
2017-11-27,0.0024437027734276607
2017-11-28,0.0022898511438555307
2017-11-29,0.0024533789263092402
2017-11-30,0.0024458566690408155
2017-12-01,0.0024467434064012004
2017-12-04,0.0024913252635546885
2017-12-05,0.0026187073744668426
2017-12-06,0.0024893263693482933
2017-12-07,0.002622820835583339
2017-12-08,0.0026291913520842215
2017-12-11,0.002631030402683684
2017-12-12,0.002430725615855369
2017-12-13,0.0025852697545355376
2017-12-14,0.0026411480633400197
2017-12-15,0.002718298213240715
2017-12-18,0.0027526398595639273
2017-12-19,0.0027353647384071584
2017-12-20,0.0025526338268798193
2017-12-21,0.0025034189880302226
2017-12-22,0.0023947515196407745
2017-12-26,0.0024237527687744967
2017-12-27,0.0024758272789883475
2017-12-28,0.002407375862870136
2017-12-29,0.002266952355578873
2018-01-02,0.0024760557356237173
2018-01-03,0.0024702146170307456
2018-01-04,0.002444524044726042
2018-01-05,0.0022346327841198752
2018-01-08,0.002226953340422359
2018-01-09,0.0020653848691451013
2018-01-10,0.0020795194353682763
2018-01-11,0.0021032003286889918
2018-01-12,0.002311979724998206
2018-01-16,0.002285233831110088
2018-01-17,0.0021672216697650078
2018-01-18,0.0022877479078770558
2018-01-19,0.0022674530630613977
2018-01-22,0.0021239646633103605
2018-01-23,0.00211435864261117
2018-01-24,0.0021395337135666917
2018-01-25,0.0022484981361693902
2018-01-26,0.0022699501003642978
2018-01-29,0.002674552777105641
2018-01-30,0.0030721330990974524
2018-01-31,0.0030883558344087713
2018-02-01,0.0029555746116785102
2018-02-02,0.004178513509018023
2018-02-05,0.00469445633874416
2018-02-06,0.004697805522039259
2018-02-07,0.004762634675517096
2018-02-08,0.005319392113474006
2018-02-09,0.005427986035761339
2018-02-12,0.005574508090618018
2018-02-13,0.00543535819510098
2018-02-14,0.005797510050071454
2018-02-15,0.005916369858755748
2018-02-16,0.005899887860189144
2018-02-20,0.006040918685480381
2018-02-21,0.00601421529186758
2018-02-22,0.005989042611831058
2018-02-23,0.0061268771686740315
2018-02-26,0.006267764437663086
2018-02-27,0.006435283736690273
2018-02-28,0.006393329418925567
2018-03-01,0.0063498116178653625
2018-03-02,0.00634365057084452
2018-03-05,0.006402776920989796
2018-03-06,0.005879834211175779
2018-03-07,0.005420862310818549
2018-03-08,0.005419581079090742
2018-03-09,0.005420506611039149
2018-03-12,0.004614437020196683
2018-03-13,0.004601737806250784
2018-03-14,0.004461664170502486
2018-03-15,0.004478663634721292
2018-03-16,0.0041193929713968
2018-03-19,0.004064560831103216
2018-03-20,0.0040722763581931415
2018-03-21,0.00398275025616173
2018-03-22,0.004292846464405252
2018-03-23,0.004274425658524985
2018-03-26,0.004627444217389966
2018-03-27,0.004625812011923173
2018-03-28,0.004404471631904008
2018-03-29,0.004529953354810062
2018-04-02,0.004483862671153488
2018-04-03,0.004455800045823534
2018-04-04,0.0044903204489191864
2018-04-05,0.0043708464767166924
2018-04-06,0.004443181250177129
2018-04-09,0.004481377140158815
2018-04-10,0.004488111225794072
2018-04-11,0.004497888241761983
2018-04-12,0.004517883398383741
2018-04-13,0.004530579022978905
2018-04-16,0.00455031097034971
2018-04-17,0.004628858865199945
2018-04-18,0.004527266157445757
2018-04-19,0.004585253186715693
2018-04-20,0.0046610129575907835
2018-04-23,0.004337231263862819
2018-04-24,0.004367095735222786
2018-04-25,0.0037356075820115455
2018-04-26,0.0036189755263596394
2018-04-27,0.003426568748288437
2018-04-30,0.0033899999330874366
2018-05-01,0.0033661103512622227
2018-05-02,0.003389995365579332
2018-05-03,0.0032967113073398926
2018-05-04,0.0035082222222672203
2018-05-07,0.0033824491383043316
2018-05-08,0.0033222810671887223
2018-05-09,0.0030986487295208308
2018-05-10,0.003387194838156684
2018-05-11,0.0033488174107802493
2018-05-14,0.0033594498230164523
2018-05-15,0.003856332233165559
2018-05-16,0.0037069217706577535
2018-05-17,0.003709061182983674
2018-05-18,0.003673272725519248
2018-05-21,0.003497325805414322
2018-05-22,0.0034463833371785628
2018-05-23,0.003423541958999006
2018-05-24,0.003437933528618239
2018-05-25,0.003383293555667421
2018-05-29,0.0033517666411707553
2018-05-30,0.0032458140678131445
2018-05-31,0.003276614142198935
2018-06-01,0.003213406032247184
2018-06-04,0.003202764750107741
2018-06-05,0.0030648018125891347
2018-06-06,0.0030738059765744834
2018-06-07,0.0030709180962279607
2018-06-08,0.003059013963017623
2018-06-11,0.0027763497402082463
2018-06-12,0.002784702288304221
2018-06-13,0.002748593183028004
2018-06-14,0.0016514894260943945
2018-06-15,0.002169525499830071
2018-06-18,0.0021931766431617854
2018-06-19,0.0022238002544162985
2018-06-20,0.002199522281085164
2018-06-21,0.0022194417486696124
2018-06-22,0.0021575171120271895
2018-06-25,0.002341660977904376
2018-06-26,0.0023439674899312342
2018-06-27,0.0024344259877694843
2018-06-28,0.0022698891447140318
2018-06-29,0.0022511446267824624
2018-07-02,0.0023014236799973786
2018-07-03,0.002433101450826737
2018-07-05,0.0025388256160946824
2018-07-06,0.0025845938540254303
2018-07-09,0.0026649128774717916
2018-07-10,0.0026544538644227736
2018-07-11,0.002862493713712587
2018-07-12,0.003051300113431325
2018-07-13,0.0030519739371907477
2018-07-16,0.002988247325480675
2018-07-17,0.0027856721490664865
2018-07-18,0.0027858505202087982
2018-07-19,0.002797446222257292
2018-07-20,0.002776280229691238
2018-07-23,0.0028058135542698803
2018-07-24,0.00282470296186637
2018-07-25,0.0027408091144895935
2018-07-26,0.0028699102813941595
2018-07-27,0.0027840232757762777
2018-07-30,0.0028533876355153246
2018-07-31,0.002914942146627302
2018-08-01,0.00296929747216316
2018-08-02,0.0028932384283497595
2018-08-03,0.002865705994852643
2018-08-06,0.0028020451588845314
2018-08-07,0.002727284911940111
2018-08-08,0.002740627950178673
2018-08-09,0.002475139226212085
2018-08-10,0.0022804672164664767
2018-08-13,0.002646203405263887
2018-08-14,0.002703694892548563
2018-08-15,0.0030648032748587578
2018-08-16,0.003122004119118386
2018-08-17,0.0032812648321152963
2018-08-20,0.0033718382379168
2018-08-21,0.0033318964236077548
2018-08-22,0.0033125320398010383
2018-08-23,0.0032480959269049095
2018-08-24,0.003608107126587076
2018-08-27,0.0036357440295426854
2018-08-28,0.0036614261433292813
2018-08-29,0.003666524664903374
2018-08-30,0.0035966955770051533
2018-08-31,0.003601228977911558
2018-09-04,0.003613152912936143
2018-09-05,0.003611285774471284
2018-09-06,0.003604732395203438
2018-09-07,0.00366479348002934
2018-09-10,0.0036668990778900962
2018-09-11,0.0036606218266108685
2018-09-12,0.0034113063132910253
2018-09-13,0.003391774739341557
2018-09-14,0.003004773077884827
2018-09-17,0.0029823726368282
2018-09-18,0.0028505002438059326
2018-09-19,0.0027685201071724185
2018-09-20,0.0028736980028628853
2018-09-21,0.0029298485955825166
2018-09-24,0.00282802163368246
2018-09-25,0.0022186034782080916
2018-09-26,0.002111643457030533
2018-09-27,0.002043933923147223
2018-09-28,0.001974463224275567
2018-10-01,0.0019183122543956802
2018-10-02,0.002178899196340865
2018-10-03,0.0022219720807110373
2018-10-04,0.002332395296056175
2018-10-05,0.0023525915603285737
2018-10-08,0.0023844220927441316
2018-10-09,0.0023810603034747574
2018-10-10,0.0031153905031853554
2018-10-11,0.003074233051309606
2018-10-12,0.003149663211846336
2018-10-15,0.003126331647180641
2018-10-16,0.0035037113639359843
2018-10-17,0.0035065465185383873
2018-10-18,0.0035739085060831725
2018-10-19,0.003429902474205542
2018-10-22,0.003426144473408542
2018-10-23,0.003443708798058609
2018-10-24,0.0037584310681564224
2018-10-25,0.00393234358506713
2018-10-26,0.0039648444680445635
2018-10-29,0.003936564893553528
2018-10-30,0.0040180064148673976
2018-10-31,0.003850368267926548
2018-11-01,0.004280578949452599
2018-11-02,0.004297773803858593
2018-11-05,0.00430325460348938
2018-11-06,0.004244595241435002
2018-11-07,0.004529036111415205
2018-11-08,0.003975691312840522
2018-11-09,0.004171403350037827
2018-11-12,0.004458594563279144
2018-11-13,0.004454213396828401
2018-11-14,0.0041726341158773795
2018-11-15,0.004295575969020183
2018-11-16,0.004337493535542105
2018-11-19,0.004473615665394648
2018-11-20,0.004644866737591161
2018-11-21,0.004654120649176415
2018-11-23,0.004383506352552084
2018-11-26,0.004399563755946121
2018-11-27,0.0043397777928113005
2018-11-28,0.004679652030766603
2018-11-29,0.00465588836681955
2018-11-30,0.004668404834641304
2018-12-03,0.004631885841451718
2018-12-04,0.004849745069304041
2018-12-06,0.004845908459763677
2018-12-07,0.0049391074359687445
2018-12-10,0.004672806916444463
2018-12-11,0.004664337266078832
2018-12-12,0.00450157283158863
2018-12-13,0.004143647701947172
2018-12-14,0.00445022008847603
2018-12-17,0.004504147509565577
2018-12-18,0.004415182180095075
2018-12-19,0.00445108807332212
2018-12-20,0.00433995676092296
2018-12-21,0.004471570641337797
2018-12-24,0.004514492915173028
2018-12-26,0.005570704095989408
2018-12-27,0.005627782749399431
2018-12-28,0.005657242472297625
2018-12-31,0.005401883094045859
2019-01-02,0.005403086547901656
2019-01-03,0.00540083965576341
2019-01-04,0.005277864516553872
2019-01-07,0.005074062927330945
2019-01-08,0.0050812211907370185
2019-01-09,0.005044203948053473
2019-01-10,0.005051505717333347
2019-01-11,0.005041781621117281
2019-01-14,0.005058686147213991
2019-01-15,0.005076737659215881
2019-01-16,0.004763898085608098
2019-01-17,0.004657064193426648
2019-01-18,0.004661643336076372
2019-01-22,0.004442111403221388
2019-01-23,0.004426128806383888
2019-01-24,0.0038622359345406513
2019-01-25,0.0037288310191819713
2019-01-28,0.0026601952087951367
2019-01-29,0.0024868502316655887
2019-01-30,0.0028449147680685246
2019-01-31,0.002841176563749493
2019-02-01,0.0029778390284085194
2019-02-04,0.0028624286910708396
2019-02-05,0.0027243299940661837
2019-02-06,0.0028458102908006854
2019-02-07,0.0029035278535713203
2019-02-08,0.002847767420880908
2019-02-11,0.002893400246179712
2019-02-12,0.0029876086351484166
2019-02-13,0.0029723278698799943
2019-02-14,0.002966224508566389
2019-02-15,0.003095335034389411
2019-02-19,0.0032686227643994106
2019-02-20,0.003276677206779267
2019-02-21,0.003584605162307632
2019-02-22,0.003620602674171188
2019-02-25,0.003643052979301366
2019-02-26,0.0034319878849801548
2019-02-27,0.0035611104091525414
2019-02-28,0.0036843881079308325
2019-03-01,0.0035085936032516994
2019-03-04,0.0033780555903510858
2019-03-05,0.003334733183560172
2019-03-06,0.003352316224389347
2019-03-07,0.003319839048027709
2019-03-08,0.003363317856124345
2019-03-11,0.003399318898091716
2019-03-12,0.0034823404600553055
2019-03-13,0.0035379330280282803
2019-03-14,0.0036073519121018103
2019-03-15,0.0036885647765644586
2019-03-18,0.003658169994681167
2019-03-19,0.0034906383173063478
2019-03-20,0.003303262590412431
2019-03-21,0.003334920540253878
2019-03-22,0.0031254840638044097
2019-03-25,0.0030658249724396943
2019-03-26,0.0030613504479010236
2019-03-27,0.0031169051553231616
2019-03-28,0.0031011739690137412
2019-03-29,0.0030087246313533133
2019-04-01,0.0027689721622733057
2019-04-02,0.002751330899863312
2019-04-03,0.0027777495554642553
2019-04-04,0.002744501416628892
2019-04-05,0.0026637352693406236
2019-04-08,0.002609308572001201
2019-04-09,0.0025717347785919656
2019-04-10,0.0025053129245825576
2019-04-11,0.0026817300582203545
2019-04-12,0.0024335506536171743
2019-04-15,0.002296611170887445
2019-04-16,0.0024758648414730873
2019-04-17,0.0024941477452926778
2019-04-18,0.0024008399725658513
2019-04-22,0.0023430244648405653
2019-04-23,0.002324979001847911
2019-04-24,0.00224497647347447
2019-04-25,0.00224391806560235
2019-04-26,0.0023779380850097896
2019-04-29,0.002265413773803781
2019-04-30,0.002264821117557364
2019-05-01,0.0025446511166727624
2019-05-02,0.0025997230633771928
2019-05-03,0.0028690991759587744
2019-05-06,0.0028403460052642176
2019-05-07,0.0029252771289794447
2019-05-08,0.0029391928330777355
2019-05-09,0.0029397489208130194
2019-05-10,0.0028993526592878925
2019-05-13,0.0027712815993641052
2019-05-14,0.002813633735594643
2019-05-15,0.002880986638509644
2019-05-16,0.0027313245240754513
2019-05-17,0.002894442183694599
2019-05-20,0.0029396179872075204
2019-05-21,0.002969127422388139
2019-05-22,0.0028954736038419478
2019-05-23,0.002876058436825546
2019-05-24,0.002887380624510061
2019-05-28,0.0027330064067223256
2019-05-29,0.0027490167896359885
2019-05-30,0.0029075210120750013
2019-05-31,0.0027689417558689577
2019-06-03,0.00294031634188322
2019-06-04,0.0029815634028929534
2019-06-05,0.003066961805108817
2019-06-06,0.0029817027350747733
2019-06-07,0.003150851229787236
2019-06-10,0.0033139166622848716
2019-06-11,0.003322480042546419
2019-06-12,0.0031800909280873388
2019-06-13,0.0032431338705870114
2019-06-14,0.0032406229136133975
2019-06-17,0.0032440292762351652
2019-06-18,0.0031362534721378135
2019-06-19,0.002992868967489162
2019-06-20,0.003724870830686033
2019-06-21,0.0037011265659711444
2019-06-24,0.0037368299882509655
2019-06-25,0.003868158069152712
2019-06-26,0.004015112392827698
2019-06-27,0.0038700721946818865
2019-06-28,0.0038507774961204807
2019-07-01,0.004101037537143438
2019-07-02,0.004313765778257236
2019-07-03,0.0042461797473797025
2019-07-05,0.0046256190339528614
2019-07-08,0.004807695523780378
2019-07-09,0.0046702983345185125
2019-07-10,0.004697711152434986
2019-07-11,0.004825569782086767
2019-07-12,0.004851145939894635
2019-07-15,0.004820537708700707
2019-07-16,0.004995576294274392
2019-07-17,0.005036182124850735
2019-07-18,0.005078964329926277
2019-07-19,0.0054190309159165605
2019-07-22,0.004797999993219769
2019-07-23,0.0047998183408932225
2019-07-24,0.004713807484340746
2019-07-25,0.0048088105030215066
2019-07-26,0.004686347561509422
2019-07-29,0.004687073667678641
2019-07-30,0.0046636888420649916
2019-07-31,0.004873801566980345
2019-08-01,0.004848423352129929
2019-08-02,0.004840871498649698
2019-08-05,0.004662548131260425
2019-08-06,0.004820603673206917
2019-08-07,0.004914604835345208
2019-08-08,0.004994689554750685
2019-08-09,0.005004607233100222
2019-08-12,0.004962587918517563
2019-08-13,0.00496754665215607
2019-08-14,0.005011123093382432
2019-08-15,0.005028604277411366
2019-08-16,0.004861087977960628
2019-08-19,0.004524894760725531
2019-08-20,0.004525783689870668
2019-08-21,0.00451890704016261
2019-08-22,0.004517517807622061
2019-08-23,0.00434922479107559
2019-08-26,0.004364587768794955
2019-08-27,0.004387761311749329
2019-08-28,0.0043847776695299994
2019-08-29,0.003938515667119671
2019-08-30,0.0036055775605085437
2019-09-03,0.0034976115692223826
2019-09-04,0.0035282835152004176
2019-09-05,0.003691069014433106
2019-09-06,0.0036511842235407775
2019-09-09,0.0033331011185629817
2019-09-10,0.003440242330248815
2019-09-11,0.003533669017801907
2019-09-12,0.003518236843483941
2019-09-13,0.003575821290427138
2019-09-16,0.003462889190337296
2019-09-17,0.0034757774049202794
2019-09-18,0.003484036289054152
2019-09-19,0.0034833051689295755
2019-09-20,0.003593048912639368
2019-09-23,0.0035819911536457906
2019-09-24,0.0035812454539283895
2019-09-25,0.0038292286053037148
2019-09-26,0.0037595886236333775
2019-09-27,0.0037977140089186356
2019-09-30,0.0038412758043175643
2019-10-01,0.0038436597636741163
2019-10-02,0.0037392876844771095
2019-10-03,0.00370152887225434
2019-10-04,0.003668858714879954
2019-10-07,0.0038169428145363926
2019-10-08,0.0037732286726334273
2019-10-09,0.0036275758098823826
2019-10-10,0.0035661332069208134
2019-10-11,0.003556093496236204
2019-10-14,0.003322976959132847
2019-10-15,0.0032509983077365617
2019-10-16,0.0032390625792637264
2019-10-17,0.003227676604571025
2019-10-18,0.003229525316199867
2019-10-21,0.003073840158030441
2019-10-22,0.0030271276146397784
2019-10-23,0.003056374004760035
2019-10-24,0.0027896335765859002
2019-10-25,0.002803226950629838
2019-10-28,0.0027623362306994923
2019-10-29,0.0026477624379618323
2019-10-30,0.0027656254257632544
2019-10-31,0.002870236596456559
2019-11-01,0.0026637065668754147
2019-11-04,0.0024968341912488595
2019-11-05,0.0027778833189836443
2019-11-06,0.0027798454499091234
2019-11-07,0.003144708782880933
2019-11-08,0.003107423896408452
2019-11-11,0.00311388953235937
2019-11-12,0.0031102763040322997
2019-11-13,0.0031428678126167965
2019-11-14,0.003204044578221087
2019-11-15,0.003203450522651219
2019-11-18,0.003190330436881804
2019-11-19,0.003181878283307804
2019-11-20,0.0031827904692729473
2019-11-21,0.0032654039595027004
2019-11-22,0.003211188227025161
2019-11-25,0.003205951308805411
2019-11-26,0.003216176694065127
2019-11-27,0.003224630014446178
2019-11-29,0.003084740007657219
2019-12-02,0.003052492587211199
2019-12-03,0.00312002176551016
2019-12-04,0.0031111380515219354
2019-12-05,0.002603633749648066
2019-12-06,0.002571743891622608
2019-12-09,0.0020767143272684817
2019-12-10,0.0020214811041495764
2019-12-11,0.002185105667102265
2019-12-12,0.0021991910150974243
2019-12-13,0.0022691815504518827
2019-12-16,0.0021676825401757156
2019-12-17,0.002161932758817408
2019-12-18,0.002155976601211107
2019-12-19,0.0022068108704376005
2019-12-20,0.0022267360916953713
2019-12-23,0.0020655124490460944
2019-12-24,0.0021625973197928134
2019-12-26,0.0023335778417113815
2019-12-27,0.002295101062658571
2019-12-30,0.0023045395030245213
2019-12-31,0.002308055908248796
2020-01-02,0.0023804570532307825
2020-01-03,0.002391121129070056
2020-01-06,0.0024613863822366133
2020-01-07,0.002465418413241032
2020-01-08,0.0024788456924395067
2020-01-09,0.0024248008323738872
2020-01-10,0.0024003061003433916
2020-01-13,0.002357594449218317
2020-01-14,0.0023225965758780793
2020-01-15,0.0023174308183944556
2020-01-16,0.002309481888986085
2020-01-17,0.0022827007733656614
2020-01-21,0.002215171016183661
2020-01-22,0.0022322287988848044
2020-01-23,0.002233174229377994
2020-01-24,0.0022546617023076966
2020-01-27,0.0022569634664299535
2020-01-28,0.0021454431959527292
2020-01-29,0.0021800065581399184
2020-01-30,0.002097565805906678
2020-01-31,0.0022470329890318767
2020-02-03,0.0018134344565761647
2020-02-04,0.0017106145005295087
2020-02-05,0.0015651180344293733
2020-02-06,0.0016525289335323397
2020-02-07,0.0015709190863295796
2020-02-10,0.0017128035687051883
2020-02-11,0.001778038639670445
2020-02-12,0.0017478619053078173
2020-02-13,0.001740282866887402
2020-02-14,0.0016915011441364185
2020-02-18,0.001807651772420245
2020-02-19,0.0018803006759328324
2020-02-20,0.0018806682246591583
2020-02-21,0.0019024886801749725
2020-02-24,0.0024028621330488133
2020-02-25,0.004260955225761489
2020-02-26,0.004254347837705671
2020-02-27,0.005185649741866077
2020-02-28,0.005515557447909696
2020-03-02,0.006637471475964516
2020-03-03,0.0067051583631104065
2020-03-04,0.007346057210924836
2020-03-05,0.007342679442448045
2020-03-06,0.0073511010982472555
2020-03-09,0.008870138123809065
2020-03-10,0.008927128640552754
2020-03-11,0.00988589285926622
2020-03-12,0.013677204692693288
2020-03-13,0.014325136395930459
2020-03-16,0.015550203806541636
2020-03-17,0.016013371937285692
2020-03-18,0.016723672042868565
2020-03-19,0.01659681848572603
2020-03-20,0.01656313184972092
2020-03-23,0.016832488351868315
2020-03-24,0.020043441105824667
2020-03-25,0.019875723974891835
2020-03-26,0.020740764273675296
2020-03-27,0.020651299962069377
2020-03-30,0.020781826193758447
2020-03-31,0.020671520752331952
2020-04-01,0.020701147874328488
2020-04-02,0.02067596236080125
2020-04-03,0.02067322895627688
2020-04-06,0.021868401101989232
2020-04-07,0.021316971395155187
2020-04-08,0.02136855832930615
2020-04-09,0.021029469764277237
2020-04-13,0.01809578990369276
2020-04-14,0.018000391490486982
2020-04-15,0.016267634671878126
2020-04-16,0.01614729697773761
2020-04-17,0.014344129444377579
2020-04-20,0.01428167250189781
2020-04-21,0.014717199411121542
2020-04-22,0.014773305282219613
2020-04-23,0.011853969236290784
2020-04-24,0.011833610817877566
2020-04-27,0.010848149315252607
2020-04-28,0.010529103953475923
2020-04-29,0.010418511537570127
2020-04-30,0.010035540847913485
2020-05-01,0.0097886802355141
2020-05-04,0.009528051922798784
2020-05-05,0.009438234460473099
2020-05-06,0.007447815847595828
2020-05-07,0.007670399833400417
2020-05-08,0.007558322642352338
2020-05-11,0.0070352366494130705
2020-05-12,0.007122182314218399
2020-05-13,0.006565952164340248
2020-05-14,0.006619286097550701
2020-05-15,0.006639762170767122
2020-05-18,0.006723179334183799
2020-05-19,0.00667572146020662
2020-05-20,0.006123517704978495
2020-05-21,0.005862733081608071
2020-05-22,0.00585696677456101
2020-05-26,0.005853633204532687
2020-05-27,0.005960044937952184
2020-05-28,0.0059353607821371656
2020-05-29,0.005616983229357942
2020-06-01,0.005063349538880404
2020-06-02,0.0047624346865473175
2020-06-03,0.004901663855335633
2020-06-04,0.004857956511750261
2020-06-05,0.004408463126565569
2020-06-08,0.004109048045411623
2020-06-09,0.0041048217320226
2020-06-10,0.004061523869317295
2020-06-11,0.006233825790519607
2020-06-12,0.0062172752991886794
2020-06-15,0.006063595619212671
2020-06-16,0.006126085000040752
2020-06-17,0.006050007975186909
2020-06-18,0.00605196510593462
2020-06-19,0.00591979197883156
2020-06-22,0.005690620171724901
2020-06-23,0.0057123644822614315
2020-06-24,0.006116809790033894
2020-06-25,0.0060419737538621255
2020-06-26,0.006197276332949864
2020-06-29,0.006212333804122218
2020-06-30,0.0062767397253526295
2020-07-01,0.006275730830031472
2020-07-02,0.006212522146850327
2020-07-06,0.006334578170592884
2020-07-07,0.006338556775761103
2020-07-08,0.006185346246536348
2020-07-09,0.006210435296711154
2020-07-10,0.0061284743858217305
2020-07-13,0.0038506750802388555
2020-07-14,0.003937083108503109
2020-07-15,0.003950513643662506
2020-07-16,0.004034962311439959
2020-07-17,0.004051785060754667
2020-07-20,0.004095252644167809
2020-07-21,0.004163377288987549
2020-07-22,0.004296748878548406
2020-07-23,0.0043005871153370375
2020-07-24,0.0035458787761611025
2020-07-27,0.003799560555219822
2020-07-28,0.0033494381626447394
2020-07-29,0.0034322653118573567
2020-07-30,0.0036263596597706014
2020-07-31,0.0036622733000057374
2020-08-03,0.003661795514486897
2020-08-04,0.0038662386383110084
2020-08-05,0.0038097669446333507
2020-08-06,0.003904650322385575
2020-08-07,0.0042406901455782214
2020-08-10,0.0043024884837960485
2020-08-11,0.006833140274610825
2020-08-12,0.006773555471602767
2020-08-13,0.006849912335148774
2020-08-14,0.006757743655077816
2020-08-17,0.006914006229518211
2020-08-18,0.006910561493189702
2020-08-19,0.007568406650002378
2020-08-20,0.007488553178605104
2020-08-21,0.007496555141728167
2020-08-24,0.007495016503573359
2020-08-25,0.007310462963543782
2020-08-26,0.007435698455716748
2020-08-27,0.007401141256372204
2020-08-28,0.007536360415080743
2020-08-31,0.007467512608577226
2020-09-01,0.007503991660496863
2020-09-02,0.007247414200414176
2020-09-03,0.0078407822582964
2020-09-04,0.007691136330472299
2020-09-08,0.007829974643943225
2020-09-09,0.008162165327270604
2020-09-10,0.00671016090872233
2020-09-11,0.006698315308871607
2020-09-14,0.006704812637429277
2020-09-15,0.006696329401632047
2020-09-16,0.006408547737396053
2020-09-17,0.006399209256523505
2020-09-18,0.005855484204091721
2020-09-21,0.006126590138803558
2020-09-22,0.00615071851306081
2020-09-23,0.006877503949872535
2020-09-24,0.0069093239200244275
2020-09-25,0.006779583149662467
2020-09-28,0.0071010738999863375
2020-09-29,0.006795148693270489
2020-09-30,0.0067928981494151655
2020-10-01,0.006823215080212052
2020-10-02,0.00682951487063613
2020-10-05,0.006358658259879692
2020-10-06,0.0065297727243018334
2020-10-07,0.0063333135095269225
2020-10-08,0.006042912173344876
2020-10-09,0.006178485362546051
2020-10-12,0.006248616363280096
2020-10-13,0.006285300616714706
2020-10-14,0.0062869331736843765
2020-10-15,0.006286505956558556
2020-10-16,0.0062072652397842975
2020-10-19,0.006273057351558371
2020-10-20,0.005861145421490385
2020-10-21,0.005858336822415303
2020-10-22,0.004728764511267493
2020-10-23,0.00472245898160064
2020-10-26,0.004859930135789505
2020-10-27,0.00448755277843304
2020-10-28,0.0058248265649924105
2020-10-29,0.005830318912082858
2020-10-30,0.005696321212815335
2020-11-02,0.005942049530279292
2020-11-03,0.006029951609387643
2020-11-04,0.00617199352244786
2020-11-05,0.00679791244344959
2020-11-06,0.006752053268839019
2020-11-09,0.0071156716850693386
2020-11-10,0.007020591791083023
2020-11-11,0.0068897977297795645
2020-11-12,0.006889532566383246
2020-11-13,0.007034931124855425
2020-11-16,0.007066937915974516
2020-11-17,0.006964735114848296
2020-11-18,0.007101711664062632
2020-11-19,0.007099467708426854
2020-11-20,0.0070737459467812526
2020-11-23,0.007171460563203457
2020-11-24,0.007063090539240993
2020-11-25,0.007065054302534336
2020-11-27,0.005919272888527566
2020-11-30,0.006013434621805128
2020-12-01,0.006201816494777336
2020-12-02,0.006044825242575934
2020-12-03,0.005916454078881604
2020-12-04,0.005529112255841311
2020-12-07,0.004714744961581006
2020-12-08,0.004741269887214839
2020-12-09,0.004252863716032794
2020-12-10,0.004250802626679707
2020-12-11,0.004243851999386396
2020-12-14,0.004324900999062892
2020-12-15,0.004526331539562918
2020-12-16,0.004470377191202614
2020-12-17,0.004563444095715962
2020-12-18,0.004360390891437168
2020-12-21,0.00439866445028934
2020-12-22,0.004446174591748157
2020-12-23,0.004258289781819892
2020-12-24,0.004280144576755403
2020-12-28,0.00426873409984547
2020-12-29,0.004232387152696213
2020-12-30,0.004090180566074842
2020-12-31,0.0037479016627498087
2021-01-04,0.0037545456950419764
2021-01-05,0.0037328729897340113
2021-01-06,0.003997520157856828
2021-01-07,0.00390000198004365
2021-01-08,0.004581961187750157
2021-01-11,0.00415420334442725
2021-01-12,0.004169788151546657
2021-01-13,0.0041690506476266785
2021-01-14,0.004111119911392529
2021-01-15,0.0038684025124723466
2021-01-19,0.004042324097495245
2021-01-20,0.004484327525355588
2021-01-21,0.00445149331119911
2021-01-22,0.004494561192630341
2021-01-25,0.004474799693767227
2021-01-26,0.004487452389247046
2021-01-27,0.004970747206842883
2021-01-28,0.004984273977813291
2021-01-29,0.0052256400722638496
2021-02-01,0.00557965937567148
2021-02-02,0.005525540886566265
2021-02-03,0.005472710491460415
2021-02-04,0.005459982382339037
2021-02-05,0.005452780249959448
2021-02-08,0.005579650215051069
2021-02-09,0.005073919725376099
2021-02-10,0.0050086835283090604
2021-02-11,0.005038408906669359
2021-02-12,0.005040438164921186
2021-02-16,0.005295453452341758
2021-02-17,0.005199574138413021
2021-02-18,0.005049309896588103
2021-02-19,0.004448026503526211
2021-02-22,0.004484981719427661
2021-02-23,0.004444815500968377
2021-02-24,0.004445876782039981
2021-02-25,0.005971280188523522
2021-02-26,0.005785867971796734
2021-03-01,0.006021846857234282
2021-03-02,0.005838503217565472
2021-03-03,0.005729505280282528
2021-03-04,0.005949823432548387
2021-03-05,0.00618823135254129
2021-03-08,0.006265636196782789
2021-03-09,0.006996909543270967
2021-03-10,0.006929954262987675
2021-03-11,0.006974709217981489
2021-03-12,0.0069376129252801
2021-03-15,0.007026832750400203
2021-03-16,0.007028552013806795
2021-03-17,0.006925562176875941
2021-03-18,0.007132908128659461
2021-03-19,0.007138520322560303
2021-03-22,0.007193266273189816
2021-03-23,0.007194273722694718
2021-03-24,0.007194285586635622
2021-03-25,0.007145703519196578
2021-03-26,0.0059882264465609385
2021-03-29,0.005909468555680045
2021-03-30,0.005880809271988916
2021-03-31,0.006043915445463724
2021-04-01,0.005949149755077675
2021-04-05,0.00553466567617287
2021-04-06,0.005475535570914013
2021-04-07,0.005209984634893109
2021-04-08,0.004593519915213456
2021-04-09,0.004553527544631464
2021-04-12,0.004575502335130585
2021-04-13,0.004611001178436946
2021-04-14,0.0046431391027554995
2021-04-15,0.00516015067399159
2021-04-16,0.005150378583145677
2021-04-19,0.004713425576033203
2021-04-20,0.004725042123179833
2021-04-21,0.004845360617354218
2021-04-22,0.004935455187363468
2021-04-23,0.0049215231790022025
2021-04-26,0.004912047894004066
2021-04-27,0.004912857987914634
2021-04-28,0.004674522968748667
2021-04-29,0.00426796868750385
2021-04-30,0.004299909379644621
2021-05-03,0.004036104790250794
2021-05-04,0.004165169273383442
2021-05-05,0.004110604714516389
2021-05-06,0.004398868223643293
2021-05-07,0.004358322534254732
2021-05-10,0.004431190463968701
2021-05-11,0.004491782149189002
2021-05-12,0.005243457965866007
2021-05-13,0.005349148635488422
2021-05-14,0.005153777566305266
2021-05-17,0.005162052513476128
2021-05-18,0.005140124570807688
2021-05-19,0.005162310656754572
2021-05-20,0.00515398034163447
2021-05-21,0.004995282421040678
2021-05-24,0.005046573039389282
2021-05-25,0.005075756949185497
2021-05-26,0.005029390441064682
2021-05-27,0.005039830982780928
2021-05-28,0.0050366942681597865
2021-06-01,0.004976621628565034
2021-06-02,0.004887987066281007
2021-06-03,0.005220226166090067
2021-06-04,0.005472136204820782
2021-06-07,0.005224123558628689
2021-06-08,0.00511652884131088
2021-06-09,0.005053775798098258
2021-06-10,0.005008075253240723
2021-06-11,0.004178101729303838
2021-06-14,0.004093311264833045
2021-06-15,0.00372629211959538
2021-06-16,0.004321608254708604
2021-06-17,0.004745280664399782
2021-06-18,0.004823660389344508
2021-06-21,0.004924584850301965
2021-06-22,0.0049333427352517105
2021-06-23,0.004819133331632119
2021-06-24,0.004757830878640968
2021-06-25,0.0047836570329376615
2021-06-28,0.004809843527627906
2021-06-29,0.0048112698311645365
2021-06-30,0.004858690706510681
2021-07-01,0.004865951901161001
2021-07-02,0.004697244192003885
2021-07-06,0.004342024532669048
2021-07-07,0.0044081734226789635
2021-07-08,0.004430971439192301
2021-07-09,0.004482395299954268
2021-07-12,0.0043844220449857935
2021-07-13,0.0043256423700506145
2021-07-14,0.004458156832421698
2021-07-15,0.004431279461460138
2021-07-16,0.004049912977980026
2021-07-19,0.0034285926341671774
2021-07-20,0.003248547575987738
2021-07-21,0.00291473053984332
2021-07-22,0.002925469104794608
2021-07-23,0.002881568058837258
2021-07-26,0.0028939396948636084
2021-07-27,0.00289455292332944
2021-07-28,0.0028962191834555734
2021-07-29,0.0028012248665207694
2021-07-30,0.002969000563671998
2021-08-02,0.002948632280120947
2021-08-03,0.0027499720962587803
2021-08-04,0.002761821423497065
2021-08-05,0.0026933571193699423
2021-08-06,0.0034598416474209194
2021-08-09,0.0037069246828898474
2021-08-10,0.0037004776700648922
2021-08-11,0.003925925423091998
2021-08-12,0.003718484370007137
2021-08-13,0.00407177084102797
2021-08-16,0.0038882375770519667
2021-08-17,0.003928839179796145
2021-08-18,0.003933477159877412
2021-08-19,0.003931939104554958
2021-08-20,0.003943302536247867
2021-08-23,0.004214079684292504
2021-08-24,0.004216926055248864
2021-08-25,0.004276145939995573
2021-08-26,0.004275178647147408
2021-08-27,0.0046369926802244015
2021-08-30,0.004564561600870398
2021-08-31,0.004568616547254493
2021-09-01,0.004541597614863037
2021-09-02,0.004520040411798024
2021-09-03,0.0045429217023548836
2021-09-07,0.004465335164964609
2021-09-08,0.004133674705195965
2021-09-09,0.004127366920833221
2021-09-10,0.004189081242187197
2021-09-13,0.004210572507545991
2021-09-14,0.003923493484695864
2021-09-15,0.003864165293793822
2021-09-16,0.004317896296608943
2021-09-17,0.004371152707745844
2021-09-20,0.004376878555367295
2021-09-21,0.004353651394207988
2021-09-22,0.004058833157976918
2021-09-23,0.004086606112400308
2021-09-24,0.004056262281774324
2021-09-27,0.004052270335299025
2021-09-28,0.004045461495958599
2021-09-29,0.004024913673685141
2021-09-30,0.0041104207033951495
2021-10-01,0.004418021775209607
2021-10-04,0.004417245033356671
2021-10-05,0.00435045385854841
2021-10-06,0.004064684667798882
2021-10-07,0.004065678134486603
2021-10-08,0.004041565513308788
2021-10-11,0.003973833336855399
2021-10-12,0.0039669864296426206
2021-10-13,0.004375498386278029
2021-10-14,0.004701437354741187
2021-10-15,0.004361973558926623
2021-10-18,0.004233114676610535
2021-10-19,0.004247572488490623
2021-10-20,0.004319060601941822
2021-10-21,0.004297910888232629
2021-10-22,0.0042657669288303415
2021-10-25,0.004339321485985603
2021-10-26,0.004354638653601764
2021-10-27,0.0033842463795927436
2021-10-28,0.0033605479611755694
2021-10-29,0.0034375024189209624
2021-11-01,0.003267394116485019
2021-11-02,0.0031212153636442667
2021-11-03,0.0031921752184231123
2021-11-04,0.003443330191043039
2021-11-05,0.003654497185627903
2021-11-08,0.003614415887044969
2021-11-09,0.00337255050817886
2021-11-10,0.0034839177014495443
2021-11-11,0.003217717291093247
2021-11-12,0.002999921682873024
2021-11-15,0.002788330248480621
2021-11-16,0.002833664488214946
2021-11-17,0.0028583579542447034
2021-11-18,0.0028093550067318693
2021-11-19,0.002897050543911748
2021-11-22,0.0039015665123501757
2021-11-23,0.003910740422652326
2021-11-24,0.0038939573335572955
2021-11-26,0.003986416901507601
2021-11-29,0.004004802462294369
2021-11-30,0.0042583352266553015
2021-12-01,0.004239031168013591
2021-12-02,0.00426733011243129
2021-12-03,0.004273019132840455
2021-12-06,0.003965440609131681
2021-12-07,0.0039164588327882275
2021-12-08,0.00391626175382705
2021-12-09,0.003933881217764633
2021-12-10,0.0040872415279777615
2021-12-13,0.004079027294788856
2021-12-14,0.004140916446682647
2021-12-15,0.004400096239325918
2021-12-16,0.004426181473522539
2021-12-17,0.0043968812448105105
2021-12-20,0.004507008155757004
2021-12-21,0.004637912245318219
2021-12-22,0.004254640007135003
2021-12-23,0.004162563625829213
2021-12-27,0.0043009788629822816
2021-12-28,0.004221475157599813
2021-12-29,0.0042231676846183515
2021-12-30,0.0038809755486397847
2021-12-31,0.0038251005564882497
2022-01-03,0.004149683672924754
2022-01-04,0.004153989607479411
2022-01-05,0.0046532270927204245
2022-01-06,0.004559257633486443
2022-01-07,0.004561378029119679
2022-01-10,0.0045041522712171616
2022-01-11,0.004714849466976756
2022-01-12,0.004727845606420445
2022-01-13,0.004649751413114603
2022-01-14,0.004500124060137487
2022-01-18,0.004854945528278387
2022-01-19,0.0048627808125496245
2022-01-20,0.004801271216592942
2022-01-21,0.0048048163430029055
2022-01-24,0.004568136833104308
2022-01-25,0.004538209582925164
2022-01-26,0.004517556614297948
2022-01-27,0.004552296932425753
2022-01-28,0.005062658532370418
2022-01-31,0.005412732497503786
2022-02-01,0.005440203513089371
2022-02-02,0.005489895463525274
2022-02-03,0.005776069283240659
2022-02-04,0.005518910798232571
2022-02-07,0.005453735548368691
2022-02-08,0.005501021295290886
2022-02-09,0.0057035995791524675
2022-02-10,0.005800322102455999
2022-02-11,0.0058428283084109205
2022-02-14,0.005784437591624361
2022-02-15,0.00577633520232896
2022-02-16,0.005547540116817272
2022-02-17,0.005516595449419733
2022-02-18,0.005460645824917311
2022-02-22,0.005348721579117486
2022-02-23,0.005473086493569902
2022-02-24,0.0054904728044400785
2022-02-25,0.005275171030238302
2022-02-28,0.005270915719569461
2022-03-01,0.005085695775642063
2022-03-02,0.00487636074393344
2022-03-03,0.00487186278595397
2022-03-04,0.0049114020097327645
2022-03-07,0.004597766408994764
2022-03-08,0.004657331166118188
2022-03-09,0.004735661844687136
2022-03-10,0.004750444797877297
2022-03-11,0.004795023428332238
2022-03-14,0.004947383668011276
2022-03-15,0.004893826472662195
2022-03-16,0.005282239504323349
2022-03-17,0.005387680353491263
2022-03-18,0.005316102006129863
2022-03-21,0.005332800236421575
2022-03-22,0.00532274672170419
2022-03-23,0.005291088725572077
2022-03-24,0.00516710663992975
2022-03-25,0.005212798008388489
2022-03-28,0.005121051763643049
2022-03-29,0.005095014748249596
2022-03-30,0.005031451249107314
2022-03-31,0.005102291497345403
2022-04-01,0.005141736613087275
2022-04-04,0.005056585426890794
2022-04-05,0.005361704146594603
2022-04-06,0.005289749366480908
2022-04-07,0.005299654035687948
2022-04-08,0.005289105118950884
2022-04-11,0.005233306710301629
2022-04-12,0.004592727151785188
2022-04-13,0.004767528423449115
2022-04-14,0.004719051440260934
2022-04-18,0.004553823574264921
2022-04-19,0.004532750611707805
2022-04-20,0.004635824256297458
2022-04-21,0.004922557784135804
2022-04-22,0.005451483123693261
2022-04-25,0.005204877746966222
2022-04-26,0.0053159758976354474
2022-04-27,0.005321374525964535
2022-04-28,0.0056603622261766975
2022-04-29,0.006182716245465779
2022-05-02,0.006234694478429524
2022-05-03,0.00634810964095179
2022-05-04,0.00734831948803282
2022-05-05,0.007810284246166488
2022-05-06,0.007806991317997424
2022-05-09,0.008084462948916262
2022-05-10,0.00807844100118192
2022-05-11,0.008069594646648267
2022-05-12,0.007972297151748525
2022-05-13,0.007840532309841816
2022-05-16,0.0078671810907969
2022-05-17,0.007915970988938183
2022-05-18,0.008121033978985353
2022-05-19,0.008123951673228887
2022-05-20,0.008102951412094939
2022-05-23,0.007969104098413383
2022-05-24,0.008027141140120346
2022-05-25,0.007948126126288929
2022-05-26,0.0080630695777959
2022-05-27,0.008007986884485155
2022-05-31,0.007624080335328969
2022-06-01,0.007503312017723639
2022-06-02,0.007862657948353082
2022-06-03,0.007307095165706149
2022-06-06,0.006409974094562299
2022-06-07,0.006543638743112474
2022-06-08,0.00594693842630208
2022-06-09,0.006320443746792751
2022-06-10,0.006596592113218503
2022-06-13,0.008850935785603935
2022-06-14,0.008844052578305785
2022-06-15,0.009420822644166273
2022-06-16,0.009420642999732397
2022-06-17,0.009179747826639906
2022-06-21,0.009223291317918719
2022-06-22,0.009296167514012889
2022-06-23,0.009217544071060556
2022-06-24,0.009448958137516181
2022-06-27,0.00944974018626355
2022-06-28,0.009393021882467824
2022-06-29,0.009129068149523977
2022-06-30,0.009001049376043057
2022-07-01,0.009186452132535912
2022-07-05,0.008784070427198098
2022-07-06,0.008693246650632409
2022-07-07,0.008756868029382235
2022-07-08,0.008547811191700568
2022-07-11,0.008520552167431143
2022-07-12,0.008361180366924752
2022-07-13,0.008231787993672357
2022-07-14,0.005859578537700412
2022-07-15,0.005876044998497323
2022-07-18,0.005066294263567605
2022-07-19,0.0052812940975435025
2022-07-20,0.005270837286190709
2022-07-21,0.0057545505969699776
2022-07-22,0.005673119335332614
2022-07-25,0.005655850062175677
2022-07-26,0.005345660197685608
2022-07-27,0.00601238193135308
2022-07-28,0.006244365183164599
2022-07-29,0.006326614642964774
2022-08-01,0.006280160539611448
2022-08-02,0.006552098379518638
2022-08-03,0.006543980748180942
2022-08-04,0.0063469476843627075
2022-08-05,0.006799929202502157
2022-08-08,0.006771113520725551
2022-08-09,0.006720976303878865
2022-08-10,0.0066690354316321625
2022-08-11,0.006773800361450606
2022-08-12,0.006607970134101406
2022-08-15,0.006630299991701673
2022-08-16,0.0065229227339994615
2022-08-17,0.006711827411699057
2022-08-18,0.006674508126817585
2022-08-19,0.0067692121429554705
2022-08-22,0.007235398499431467
2022-08-23,0.007217269244302841
2022-08-24,0.0071305748842987165
2022-08-25,0.006798759585694601
2022-08-26,0.00721024332426046
2022-08-29,0.0070813753271803
2022-08-30,0.007116077392874163
2022-08-31,0.007016194815828874
2022-09-01,0.006742358752994863
2022-09-02,0.006472395948121609
2022-09-06,0.006372299587115055
2022-09-07,0.006909892479961875
2022-09-08,0.006911016871566227
2022-09-09,0.0069486774079363395
2022-09-12,0.007072396272939764
2022-09-13,0.007732809140195136
2022-09-14,0.007758700793500365
2022-09-15,0.007944022292326755
2022-09-16,0.007926543619988952
2022-09-19,0.007957751417186073
2022-09-20,0.007883622865715034
2022-09-21,0.007681210679656266
2022-09-22,0.007735286736641562
2022-09-23,0.007872664760050097
2022-09-26,0.0076694582383896375
2022-09-27,0.007228284770606877
2022-09-28,0.009031286541453866
2022-09-29,0.009086201500356026
2022-09-30,0.009076616489910152
2022-10-03,0.010414208448141471
2022-10-04,0.011068740232172764
2022-10-05,0.011040056502592405
2022-10-06,0.010714350128077987
2022-10-07,0.011082350616479166
2022-10-10,0.010983946598559956
2022-10-11,0.010854044559081753
2022-10-12,0.01013741991492052
2022-10-13,0.01025222568615622
2022-10-14,0.010375112926739859
2022-10-17,0.010698011559547279
2022-10-18,0.010785390214530777
2022-10-19,0.010873074222930748
2022-10-20,0.010909070245503307
2022-10-21,0.011376432564183896
2022-10-24,0.011144511107868507
2022-10-25,0.010957952246026045
2022-10-26,0.010927784812390942
2022-10-27,0.009950630061642114
2022-10-28,0.009751786895947502
2022-10-31,0.00977519029048238
2022-11-01,0.00863886639576287
2022-11-02,0.008152507253510426
2022-11-03,0.008162998676853337
2022-11-04,0.008784043539071666
2022-11-07,0.00816640439942111
2022-11-08,0.008205431966904217
2022-11-09,0.008396687848332626
2022-11-10,0.011343989875976864
2022-11-11,0.011340443112892552
2022-11-14,0.010801514769569552
2022-11-15,0.01072081533704405
2022-11-16,0.010736005440686982
2022-11-17,0.010501681317229328
2022-11-18,0.010374707800429189
2022-11-21,0.01010041946507815
2022-11-22,0.010149501632975223
2022-11-23,0.010027116559633547
2022-11-25,0.010035966639093216
2022-11-28,0.010263002874644909
2022-11-29,0.010270192688392077
2022-11-30,0.010659937841762255
2022-12-01,0.010757142421453134
2022-12-02,0.01028956593667329
2022-12-05,0.010883498802602549
2022-12-06,0.010628722010701589
2022-12-07,0.010638718588954469
2022-12-08,0.010438746553149636
2022-12-09,0.010301593228503785
2022-12-12,0.006847641882419547
2022-12-13,0.0071765460318542395
2022-12-14,0.0071551161470960085
2022-12-15,0.007658109384505932
2022-12-16,0.007667932182288195
2022-12-19,0.007698476879482513
2022-12-20,0.007720859965841333
2022-12-21,0.007735331988433099
2022-12-22,0.007873481821384155
2022-12-23,0.007761206684989198
2022-12-27,0.007763871500570082
2022-12-28,0.0077032489917985576
2022-12-29,0.007992606390707629
2022-12-30,0.0069064840776506655
2023-01-03,0.006596674823953847
2023-01-04,0.006896047976200436
2023-01-05,0.006320808679378288
2023-01-06,0.00746414162712406
2023-01-09,0.00739184338466203
2023-01-10,0.007393864989615053
2023-01-11,0.007416796557259463
2023-01-12,0.007571545820093457
2023-01-13,0.007250753847129272
2023-01-17,0.007299188552379685
2023-01-18,0.00660922585296597
2023-01-19,0.006566180305470768
2023-01-20,0.006299250597666332
2023-01-23,0.006299115825984068
2023-01-24,0.006270166762049548
2023-01-25,0.005753457404773423
2023-01-26,0.005788461070653409
2023-01-27,0.005758142784361961
2023-01-30,0.00573055114968569
2023-01-31,0.0056378371902458995
2023-02-01,0.005830873484546441
2023-02-02,0.005930287021377616
2023-02-03,0.006970673973758986
2023-02-06,0.006726391888534755
2023-02-07,0.005607097222393118
2023-02-08,0.005635064637377
2023-02-09,0.0058902550732292626
2023-02-10,0.005746965005163264
2023-02-13,0.0055024389235884975
2023-02-14,0.0054470478702318085
2023-02-15,0.005429145379010314
2023-02-16,0.005563829156996767
2023-02-17,0.005541830172323406
2023-02-21,0.005976996475916937
2023-02-22,0.005876661683767991
2023-02-23,0.005880920570219587
2023-02-24,0.005988542510431708
2023-02-27,0.0060977713541942235
2023-02-28,0.006114536024687709
2023-03-01,0.006032536838358843
2023-03-02,0.005681043901916094
2023-03-03,0.005841948820451218
2023-03-06,0.00584146177528047
2023-03-07,0.005374745513900406
2023-03-08,0.005351873139035084
2023-03-09,0.005222166579187781
2023-03-10,0.005664097021894857
2023-03-13,0.006085927896963254
2023-03-14,0.006087433487200268
2023-03-15,0.0061684109282511695
2023-03-16,0.0062077686098425166
2023-03-17,0.006490037041907501
2023-03-20,0.006304382610956929
2023-03-21,0.006439042714260166
2023-03-22,0.005804288881109491
2023-03-23,0.005860919576876491
2023-03-24,0.005907601552783207
2023-03-27,0.005797220476010257
2023-03-28,0.005786807301717101
2023-03-29,0.005783866915415579
2023-03-30,0.005758153506299794
2023-03-31,0.0057749649999129194
2023-04-03,0.005428943065356359
2023-04-04,0.00541722312463775
2023-04-05,0.004497306434804367
2023-04-06,0.004545123806306514
2023-04-10,0.00484236226746246
2023-04-11,0.004665452528430903
2023-04-12,0.004223743941184748
2023-04-13,0.004387028711971176
2023-04-14,0.004916128561524954
2023-04-17,0.004979514805398786
2023-04-18,0.004609189980939143
2023-04-19,0.004664880186286756
2023-04-20,0.004477777720430894
2023-04-21,0.004544644140159942
2023-04-24,0.00435169454013669
2023-04-25,0.0043312775725002865
2023-04-26,0.004180975963205106
2023-04-27,0.004254583880008589
2023-04-28,0.004354499333682969
2023-05-01,0.004469405447045734
2023-05-02,0.004601659318017262
2023-05-03,0.004506237509836977
2023-05-04,0.004289498592238313
2023-05-05,0.004295012028867003
2023-05-08,0.0043039248109254125
2023-05-09,0.004115736480652254
2023-05-10,0.00415984036715765
2023-05-11,0.004194464102210179
2023-05-12,0.003872800334030304
2023-05-15,0.003403066457499138
2023-05-16,0.003758335655300379
2023-05-17,0.003752053669679004
2023-05-18,0.00378134599220739
2023-05-19,0.003784011814493163
2023-05-22,0.0036961438297826005
2023-05-23,0.003681784165823897
2023-05-24,0.003888704874286258
2023-05-25,0.0038056209668254795
2023-05-26,0.003937942485502674
2023-05-30,0.0038946648519029383
2023-05-31,0.0036915118321017106
2023-06-01,0.0036632650283577248
2023-06-02,0.0036485904230237833
2023-06-05,0.003665211932073792
2023-06-06,0.0036784740923035348
2023-06-07,0.004012094595099342
2023-06-08,0.004478445673290036
2023-06-09,0.004407974017622832
2023-06-12,0.0044528219757765984
2023-06-13,0.004441035357935229
2023-06-14,0.004439832806451378
2023-06-15,0.004522293201833585
2023-06-16,0.004590345377899417
2023-06-20,0.004635797342481461
2023-06-21,0.004655941763615288
2023-06-22,0.004738954172958921
2023-06-23,0.004691528483954665
2023-06-26,0.004469253802343747
2023-06-27,0.004416854266898461
2023-06-28,0.0042316248229387066
2023-06-29,0.004156518162349937
2023-06-30,0.004408940406529416
2023-07-03,0.004172605528008214
2023-07-05,0.004192070539272064
2023-07-06,0.004406801038873783
2023-07-07,0.004405733990394578
2023-07-10,0.004119294840245113
2023-07-11,0.003754291075716596
2023-07-12,0.004371248033380491
2023-07-13,0.00447452837186462
2023-07-14,0.004485762186276779
2023-07-17,0.004493986209174093
2023-07-18,0.004297639637644452
2023-07-19,0.00422159943190463
2023-07-20,0.004389809360229542
2023-07-21,0.004363061167344966
2023-07-24,0.00424157460184108
2023-07-25,0.004240873131098011
2023-07-26,0.004251505055001426
2023-07-27,0.005023489521023348
2023-07-28,0.0052147333611892
2023-07-31,0.0051610044687058374
2023-08-01,0.005228825588213972
2023-08-02,0.005467910127151389
2023-08-03,0.005476373003659399
2023-08-04,0.005304069778131237
2023-08-07,0.0053047412288736865
2023-08-08,0.005306626172905739
2023-08-09,0.005305986822049477
2023-08-10,0.004766772013898154
2023-08-11,0.004552883387843901
2023-08-14,0.004537382334570435
2023-08-15,0.004598287453289057
2023-08-16,0.004328662292728809
2023-08-17,0.00426004470457643
2023-08-18,0.004181470211632022
2023-08-21,0.004217440737003678
2023-08-22,0.004223983073671309
2023-08-23,0.004947718837429107
2023-08-24,0.004969093200868322
2023-08-25,0.004503917052785889
2023-08-28,0.0042816894527329084
2023-08-29,0.004932168125462277
2023-08-30,0.004787541235978722
2023-08-31,0.004539614906329508
2023-09-01,0.0044760596431704215
2023-09-05,0.004623487886247988
2023-09-06,0.004701347200991368
2023-09-07,0.004696318320124914
2023-09-08,0.004644911353496168
2023-09-11,0.004636456907472925
2023-09-12,0.004666684925649756
2023-09-13,0.004666038347072021
2023-09-14,0.004525869900293559
2023-09-15,0.004380655662600031
2023-09-18,0.004306792990730178
2023-09-19,0.004352061404097025
2023-09-20,0.004421333850855914
2023-09-21,0.005007811604387813
2023-09-22,0.004376483655019319
2023-09-25,0.004234208548221184
2023-09-26,0.004483792728454086
2023-09-27,0.004447311256782225
2023-09-28,0.0036008505113159406
2023-09-29,0.0035200523122490336
2023-10-02,0.0036168298681210093
2023-10-03,0.003823139523328174
2023-10-04,0.004037068442222587
2023-10-05,0.004019928243897025
2023-10-06,0.004177195584488756
2023-10-09,0.005200632865068761
2023-10-10,0.0051566321305848905
2023-10-11,0.005353563256507189
2023-10-12,0.005473766928192526
2023-10-13,0.00606873878299607
2023-10-16,0.006051292013445091
2023-10-17,0.006022890498946678
2023-10-18,0.006015567240368785
2023-10-19,0.0059938419177261466
2023-10-20,0.005571319184219791
2023-10-23,0.0055546240055127805
2023-10-24,0.005573969169970321
2023-10-25,0.0054883555247789905
2023-10-26,0.005349830384429131
2023-10-27,0.005378249716137543
2023-10-30,0.0052819711329562145
2023-10-31,0.00505027948261949
2023-11-01,0.004742109008685794
2023-11-02,0.00502234436556855
2023-11-03,0.005121149958663164
2023-11-06,0.005259047205265739
2023-11-07,0.004640794462990744
2023-11-08,0.004682911743475517
2023-11-09,0.004716650225145989
2023-11-10,0.004452955636345631
2023-11-13,0.003795202151089876
2023-11-14,0.004856499814276326
2023-11-15,0.004860521171197271
2023-11-16,0.004968744195260561
2023-11-17,0.004951993828957184
2023-11-20,0.004910609879832208
2023-11-21,0.0048997555452808695
2023-11-22,0.0049159886823327325
2023-11-24,0.004571194368850497
2023-11-27,0.004536243553948153
2023-11-28,0.004613877542770973
2023-11-29,0.0046023100441225555
2023-11-30,0.0046523270295970994
2023-12-01,0.004935078688868576
2023-12-04,0.005442526966734415
2023-12-05,0.00532001284846456
2023-12-06,0.005182455266061136
2023-12-07,0.005185291031301654
2023-12-08,0.005353603064756621
2023-12-11,0.005245696852871461
2023-12-12,0.005245973366814951
2023-12-13,0.006218080579612248
2023-12-14,0.005646791455288701
2023-12-15,0.005699680988164956
2023-12-18,0.005602693713885931
2023-12-19,0.005634069476090204
2023-12-20,0.005826898372336967
2023-12-21,0.005861839442517542
2023-12-22,0.0058434823894008905
2023-12-26,0.005850561180018755
2023-12-27,0.005861416498139861
2023-12-28,0.005884616326972616
2023-12-29,0.005946760348061617
2024-01-02,0.006023321877881515
2024-01-03,0.005743155409876583
2024-01-04,0.005237137771678152
2024-01-05,0.005249731440566962
2024-01-08,0.0052753554559415074
2024-01-09,0.005271394530655605
2024-01-10,0.005091022915273878
2024-01-11,0.005034331515824703
2024-01-12,0.0050772933126077766
2024-01-16,0.00397271942463409
2024-01-17,0.004033298871304684
2024-01-18,0.004103503640410115
2024-01-19,0.004217414456241461
2024-01-22,0.004079288849115346
2024-01-23,0.003935212233376587
2024-01-24,0.0038586745229690165
2024-01-25,0.00397158032612865
2024-01-26,0.003865936718296932
2024-01-29,0.004039246563566042
2024-01-30,0.003983119714399962
2024-01-31,0.004002650899803949
2024-02-01,0.004431042788499217
2024-02-02,0.004389515772382695
2024-02-05,0.004594098259917736
2024-02-06,0.004661747264949684
2024-02-07,0.004637839462247035
2024-02-08,0.004650241498045521
2024-02-09,0.004652672222612746
2024-02-12,0.004647460650631963
2024-02-13,0.005399373665895735
2024-02-14,0.005240631264793636
2024-02-15,0.005108573118076042
2024-02-16,0.005050705668667003
2024-02-20,0.0049373224889954674
2024-02-21,0.004942487059779753
2024-02-22,0.005158584152629293
2024-02-23,0.005122546865931562
2024-02-26,0.005096788547923243
2024-02-27,0.005086181759935575
2024-02-28,0.004873871139655025
2024-02-29,0.004926690692477077
2024-03-01,0.005366934719333113
2024-03-04,0.005036329345706549
2024-03-05,0.004915316264076824
2024-03-06,0.004693479035547177
2024-03-07,0.004740349919351331
2024-03-08,0.004740890619040577
2024-03-11,0.004713007170681192
2024-03-12,0.004748890734519398
2024-03-13,0.004721851813239481
2024-03-14,0.003673976928589301
2024-03-15,0.0038651820780934345
2024-03-18,0.00376961167268866
2024-03-19,0.0036906607855815786
2024-03-20,0.003913276423027756
2024-03-21,0.003872104920763972
2024-03-22,0.0037849255427227333
2024-03-25,0.0037948547282909578
2024-03-26,0.0036874048908601695
2024-03-27,0.0037948023704722856
2024-03-28,0.003813883942402026
2024-04-01,0.0038311425531696434
2024-04-02,0.0032315723422080018
2024-04-03,0.0032082120005045103
2024-04-04,0.0034930021329973504
2024-04-05,0.00361166836299673
2024-04-08,0.003466489324313913
2024-04-09,0.0035064983077025417
2024-04-10,0.004395764975248158
2024-04-11,0.0046794006509521015
2024-04-12,0.005061322342567208
2024-04-15,0.004919366785105759
2024-04-16,0.004826070396649787
2024-04-17,0.004876299144152855
2024-04-18,0.00487506751434692
2024-04-19,0.004613904145831009
2024-04-22,0.004761349284832856
2024-04-23,0.004805101449019965
2024-04-24,0.004821742775234304
2024-04-25,0.004821538322935679
2024-04-26,0.004742056551615097
2024-04-29,0.004679609764658399
2024-04-30,0.005528038818781273
2024-05-01,0.005562628520253825
2024-05-02,0.005561548420081565
2024-05-03,0.005634504098122382
2024-05-06,0.005650688508535537
2024-05-07,0.005639118645780628
2024-05-08,0.005584978849593103
2024-05-09,0.005339283366548527
2024-05-10,0.005030565790430098
2024-05-13,0.004775777932070793
2024-05-14,0.004893244193145812
2024-05-15,0.005349614413466481
2024-05-16,0.005360403722630815
2024-05-17,0.005400226099497453
2024-05-20,0.005359294366684727
2024-05-21,0.005134116872861625
2024-05-22,0.0055119223392180745
2024-05-23,0.0060413318940780525
2024-05-24,0.006044899942714955
2024-05-28,0.005978509409233412
2024-05-29,0.006226183173627012
2024-05-30,0.005333897197905985
2024-05-31,0.005323698455109996
2024-06-03,0.005378465391195302
2024-06-04,0.005296889965057962
2024-06-05,0.005422819468417714
2024-06-06,0.005420114965815631
2024-06-07,0.006548759515935753
2024-06-10,0.00634784922299916
2024-06-11,0.006376106230276242
2024-06-12,0.006412368838180395
2024-06-13,0.006327785323730973
2024-06-14,0.0059754722084361615
2024-06-17,0.0059430238676346754
2024-06-18,0.0058992130107558055
2024-06-20,0.005914206694160616
2024-06-21,0.006047414988002421
2024-06-24,0.00579508699791783
2024-06-25,0.0052581086090140745
2024-06-26,0.0053712826873434615
2024-06-27,0.005454921089328941
2024-06-28,0.005236034362905811
2024-07-01,0.0052483743431401475
2024-07-02,0.005266315463344231
2024-07-03,0.005372287624705137
2024-07-05,0.00558356212692889
2024-07-08,0.0053924371486502466
2024-07-09,0.00538147380703856
2024-07-10,0.003894195626003392
2024-07-11,0.003952171242378291
2024-07-12,0.003936930719899022
2024-07-15,0.003843856760143314
2024-07-16,0.004258662554191833
2024-07-17,0.004519408751219104
2024-07-18,0.004760041161336174
2024-07-19,0.005237920301395569
2024-07-22,0.005255015787426675
2024-07-23,0.005060925963620721
2024-07-24,0.005547889399769436
2024-07-25,0.005736104878518927
2024-07-26,0.005919597971417617
2024-07-29,0.005840050385682514
2024-07-30,0.005790238225867583
2024-07-31,0.006431655540045328
2024-08-01,0.006544361508181331
2024-08-02,0.006407652966739227
2024-08-05,0.006882207276507911
2024-08-06,0.006859919918390588
2024-08-07,0.00689760200659139
2024-08-08,0.007329586738900749
2024-08-09,0.007282254689105682
2024-08-12,0.007419788120587113
2024-08-13,0.007550114486852022
2024-08-14,0.007211007940054265
2024-08-15,0.007164301608684316
2024-08-16,0.007266543958397401
2024-08-19,0.006890559256980046
2024-08-20,0.006880741690517657
2024-08-21,0.0068795238034875346
2024-08-22,0.0067796443230135435
2024-08-23,0.006717185311932338
2024-08-26,0.006563200095249042
2024-08-27,0.006555234976074738
2024-08-28,0.006698083240845578
2024-08-29,0.006073487436025652
2024-08-30,0.005955723459876711
2024-09-03,0.006136793337332139
2024-09-04,0.005152685314121614
2024-09-05,0.005064334274231614
2024-09-06,0.005346873996688696
2024-09-09,0.0049032844507112296
2024-09-10,0.004921458100563477
2024-09-11,0.0047766091736109444
2024-09-12,0.0048802702019355194
2024-09-13,0.004931436621458082
2024-09-16,0.0048835524172696244
2024-09-17,0.004646220368944714
2024-09-18,0.004796484554325046
2024-09-19,0.005265725102893173
2024-09-20,0.005294784019336471
2024-09-23,0.0048520987279709864
2024-09-24,0.004667086446655634
2024-09-25,0.004736466681905835
2024-09-26,0.004747269746168401
2024-09-27,0.004618220224354748
2024-09-30,0.0046902219181522665
2024-10-01,0.0046744727150069935
2024-10-02,0.00437881102949811
2024-10-03,0.004475688692992932
2024-10-04,0.004494655485509222
2024-10-07,0.004293232145845317
2024-10-08,0.00418612549537327
2024-10-09,0.004143679031770139
2024-10-10,0.004130904173742371
2024-10-11,0.003952386743909507
2024-10-14,0.0037978903402657565
2024-10-15,0.003795045656347737
2024-10-16,0.003790399527951519
2024-10-17,0.0035487623541693163
2024-10-18,0.002977316303409165
2024-10-21,0.003034578758463774
2024-10-22,0.003082653861593609
2024-10-23,0.0033450081704639485
2024-10-24,0.0034048148084479288
2024-10-25,0.0033570049316928737
2024-10-28,0.0033274219612321114
2024-10-29,0.0033898712348112846
2024-10-30,0.0033793548200429014
2024-10-31,0.004322918905366808
2024-11-01,0.0043073819677659445
2024-11-04,0.00431576569889714
2024-11-05,0.004250999117186246
2024-11-06,0.004437034666618969
2024-11-07,0.004965638238989908
2024-11-08,0.004964124327664461
2024-11-11,0.005207255648047645
2024-11-12,0.005357636167025964
2024-11-13,0.005398249750575113
2024-11-14,0.0053406477007347675
2024-11-15,0.005401359550244779
2024-11-18,0.0056307409581900295
2024-11-19,0.00574105846579293
2024-11-20,0.0057012738114846796
2024-11-21,0.00554399424610504
2024-11-22,0.005608525870336092
2024-11-25,0.005721600699147642
2024-11-26,0.005735007182524389
2024-11-27,0.005654000009818986
2024-11-29,0.00583381267551635
2024-12-02,0.005195185108414067
2024-12-03,0.00516757190550013
2024-12-04,0.005229312762340459
2024-12-05,0.005197224033535053
2024-12-06,0.005041849121082943
2024-12-09,0.004499194760645727
2024-12-10,0.0045327041119238645
2024-12-11,0.0041565119108072585
2024-12-12,0.004329633176417217
2024-12-13,0.004466119930816915
2024-12-16,0.0043899828829338065
2024-12-17,0.004276639279455368
2024-12-18,0.005820153504986171
2024-12-19,0.005703764344631067
2024-12-20,0.006035682755461017
2024-12-23,0.005948245778406374
2024-12-24,0.005902455191398489
2024-12-26,0.0058354376404584915
2024-12-27,0.005992375638334935
2024-12-30,0.006004278053361032
2024-12-31,0.005792079257698715
2025-01-02,0.005875991957417624
2025-01-03,0.005886206157123878
2025-01-06,0.005793037832113735
2025-01-07,0.005800677677640643
2025-01-08,0.0058278438451415905
2025-01-10,0.005873433126201098
2025-01-13,0.005832893727402668
2025-01-14,0.00573034392707785
2025-01-15,0.006226151360828554
2025-01-16,0.006134889558905215
2025-01-17,0.006126201202555361
2025-01-21,0.006421524275246232
2025-01-22,0.004633625713628876
2025-01-23,0.004599747698685327
2025-01-24,0.004306358890646872
2025-01-27,0.004571020960547568
2025-01-28,0.004625644972766209
2025-01-29,0.004706023590544864
2025-01-30,0.004590640282390987
2025-01-31,0.0045374808474001015
2025-02-03,0.004545792608772737
2025-02-04,0.004638916105816486
2025-02-05,0.0047034561671553295
2025-02-06,0.004721874668079509
2025-02-07,0.004730568663525547
2025-02-10,0.004906437646872869
2025-02-11,0.004771607159566118
2025-02-12,0.004751050805259414
2025-02-13,0.004997352402388907
2025-02-14,0.004659993028290812
2025-02-18,0.004701904503725526
2025-02-19,0.0047026644694836755
2025-02-20,0.004404847443421264
2025-02-21,0.004549273040757275
2025-02-24,0.004547206325649196
2025-02-25,0.004649987794560995
2025-02-26,0.004374651170064406
2025-02-27,0.004966708028052203
2025-02-28,0.004987212918560462
2025-03-03,0.0047457446642847
2025-03-04,0.0047565566802095435
2025-03-05,0.004773125793841242
2025-03-06,0.004911233942744767
2025-03-07,0.004768856306019187
2025-03-10,0.005171429495341861
2025-03-11,0.005132019359802446
2025-03-12,0.004808539249528406
2025-03-13,0.004867059851741225
2025-03-14,0.0050303571999053874
2025-03-17,0.004682361703757704
2025-03-18,0.004630361072446408
2025-03-19,0.004707999986966315
2025-03-20,0.004694976520591745
2025-03-21,0.004728879474560496
2025-03-24,0.004691928973821923
2025-03-25,0.0047294337679553555
2025-03-26,0.004800385231665941
2025-03-27,0.004843833842265386
2025-03-28,0.004187054100022973
2025-03-31,0.004398670311599758
2025-04-01,0.004397676972268896
2025-04-02,0.004365468913624549
2025-04-03,0.005559708039264713
2025-04-04,0.00787442752317809
2025-04-07,0.008201357735485996
2025-04-08,0.008040879574979724
2025-04-09,0.013127168346151514
2025-04-10,0.013285529819924006
2025-04-11,0.013455618955847255
2025-04-14,0.013427056476308968
2025-04-15,0.013399870116811293
2025-04-16,0.013432352910233846
2025-04-17,0.013390123310061132
2025-04-21,0.013386675316504278
2025-04-22,0.01338667069101056
2025-04-23,0.013399335570808602
2025-04-24,0.013695242750184477
2025-04-25,0.013625984720821804
2025-04-28,0.013661419468425312
2025-04-29,0.013648242714587222
2025-04-30,0.013584932071437135
2025-05-01,0.013672590202741405
2025-05-02,0.013678914453755941
2025-05-05,0.01325372990649437
2025-05-06,0.011603704067082126
2025-05-07,0.011172773902949922
2025-05-08,0.011249528619679287
2025-05-09,0.005642007918326254
2025-05-12,0.005164128175264432
2025-05-13,0.004811756821264848
2025-05-14,0.005211563258831333
2025-05-15,0.005492209060719253
2025-05-16,0.005482682975153759
2025-05-19,0.005476785179488799
2025-05-20,0.005513833446212753
2025-05-21,0.005697258125921811
2025-05-22,0.0056709812731299035
2025-05-23,0.005046827499554332
2025-05-27,0.005056208945176217
2025-05-28,0.00501021197064934
2025-05-29,0.005085793068074611
2025-05-30,0.005079184107602035
2025-06-02,0.0051698300323344895
2025-06-03,0.005192384856441592
2025-06-04,0.005057808642635325
2025-06-05,0.0049849189191706915
2025-06-06,0.005022713083091583
2025-06-09,0.004735331912674934
2025-06-10,0.004739800750900386
2025-06-11,0.004732181043260493
2025-06-12,0.004874607109544708
2025-06-13,0.0044270193590608764
2025-06-16,0.00417443243823116
2025-06-17,0.004150523680448043
2025-06-18,0.004122660002930045
2025-06-20,0.004043596101112836
2025-06-23,0.003919753163016265
2025-06-24,0.003887070838783431
2025-06-25,0.003731238644171381
2025-06-26,0.0037518760236396422
2025-06-27,0.003869542642545066
2025-06-30,0.00400570533446977
2025-07-01,0.003966411030795051
2025-07-02,0.00349604603791941
2025-07-03,0.003479673961200896
2025-07-07,0.00349620227455557
2025-07-08,0.003487717670548182
2025-07-09,0.0034838809830856684
2025-07-10,0.003469699126690515
2025-07-11,0.003451323878747924
2025-07-14,0.003452569146961636
2025-07-15,0.003298056281015059
2025-07-16,0.0033791172805650894
2025-07-17,0.003314907330231676
2025-07-18,0.003299772050711453
2025-07-21,0.003518465485526862
2025-07-22,0.0035531952783609435
2025-07-23,0.0035141488027169193
2025-07-24,0.0035802886980932547
2025-07-25,0.003598591861197768
2025-07-28,0.0036320262022108345
2025-07-29,0.003404220803134418
2025-07-30,0.0035424866345959293
2025-07-31,0.0035191331702047334
2025-08-01,0.0036495494637821717
2025-08-04,0.003967953953789729
2025-08-05,0.0039038500542935587
2025-08-06,0.003747068449734194
2025-08-07,0.003632542480222214
2025-08-08,0.0036353885058014908
2025-08-11,0.003876473927243349
2025-08-12,0.003906370014845954
2025-08-13,0.0037814843384495755
2025-08-14,0.003839578348123891
2025-08-15,0.00386231946101122
2025-08-18,0.003870501667427813
2025-08-19,0.003640566164636233
2025-08-20,0.003582623207301561
2025-08-21,0.00362283670638192
2025-08-22,0.00424865263502742
2025-08-25,0.004306596410374248
2025-08-26,0.004324255163200426
2025-08-27,0.004321755898380299
2025-08-28,0.003957285974246952
2025-08-29,0.00395834074800957
2025-09-02,0.003926911515689741
2025-09-03,0.0037991001508387878
2025-09-04,0.0037525343590758824
2025-09-05,0.0038361418587813906
2025-09-08,0.00393375346536757
2025-09-09,0.0039734648442583875
2025-09-10,0.0036407656461652474
2025-09-11,0.0036358477552431608
2025-09-12,0.0036614209543546156
2025-09-15,0.003566011970208036
2025-09-16,0.003501115061600007
2025-09-17,0.0036810486810139893
2025-09-18,0.003572170252126992
2025-09-19,0.0036190490572946665
2025-09-22,0.003471704818110072
2025-09-23,0.0030344084022405748
2025-09-24,0.0032412893053020623
2025-09-25,0.003267620649149012
2025-09-26,0.0032856918561714544
2025-09-29,0.003449059347980711
2025-09-30,0.003452781662866492
2025-10-01,0.0034244339532887827
2025-10-02,0.0033941042816778536
2025-10-03,0.003390020659649704
2025-10-06,0.0034661990297972754
2025-10-07,0.003372733756780041
2025-10-08,0.0035280928108260847
2025-10-09,0.004101864453078687
2025-10-10,0.0042571379857629784
2025-10-13,0.004954734824239589
2025-10-14,0.004887836175331229
2025-10-15,0.004984490005491355
2025-10-16,0.0048862202597655105
2025-10-17,0.005114764015363273
2025-10-20,0.005878917208396374
2025-10-21,0.0078005268673556494
2025-10-22,0.007832637750370559
2025-10-23,0.0076792964191067375
2025-10-24,0.007649379809851986
2025-10-27,0.007815907688961695
2025-10-28,0.007732457430219795
2025-10-29,0.007772725324884525
2025-10-30,0.007768886598629977
2025-10-31,0.00777034004841097
2025-11-03,0.0077670243668648805
2025-11-04,0.007972137830220783
2025-11-05,0.007999818128780268
2025-11-06,0.007841505965035486
2025-11-07,0.007681736095123814
2025-11-10,0.008167088572149244
2025-11-11,0.007691416922649568
2025-11-12,0.007754654160182807
2025-11-13,0.007915489192658469
2025-11-14,0.007870504666238847
2025-11-17,0.007922576443580508
2025-11-18,0.0069417775437744505
2025-11-19,0.00535889464587183
2025-11-20,0.0054241886369790614
2025-11-21,0.0054789524777044945
2025-11-24,0.005980233285763651
2025-11-25,0.005907916825394403
2025-11-26,0.0059863143762504305
2025-11-28,0.005995735540199701
2025-12-01,0.006019400099933004
2025-12-02,0.006029715694015609
2025-12-03,0.00603118225469637
2025-12-04,0.005566924998551262
2025-12-05,0.005562124552747854
2025-12-08,0.0055715743774120965
2025-12-09,0.005562909468536326
2025-12-10,0.004818537079702236
2025-12-11,0.004859710340777549
2025-12-12,0.004773716911531973
2025-12-15,0.0042523337077545005
2025-12-16,0.003909287163160489
2025-12-17,0.003535256074655686
2025-12-18,0.0035382595936142647
2025-12-19,0.003547751512211238
2025-12-22,0.0036782205074572874
2025-12-23,0.0037457431752283233
2025-12-24,0.003217255174441675
2025-12-26,0.0032271309468022164
2025-12-29,0.004825077813377433
2025-12-30,0.0047165169332579904
2025-12-31,0.004890821318824216
