Date,SPY,IEF,GLD
2010-01-04,,,
2010-01-05,0.002644196752004113,0.004381202143399321,-0.0009112174071557178
2010-01-06,0.0007035622997912938,-0.004043480116699527,0.016364952672509148
2010-01-07,0.00421271137104462,0.0,-0.006207031449164013
2010-01-08,0.0033221395583247215,0.0012375273945997023,0.004950755381378791
2010-01-11,0.0013954536163858222,0.0006736405205618468,0.013201473675457542
2010-01-12,-0.009369669414317272,0.007164105214075178,-0.021134489951311508
2010-01-13,0.00841035933790657,-0.004807241275343266,0.00945827937853938
2010-01-14,0.002700759745733805,0.004695759148361844,0.004383402504944733
2010-01-15,-0.01128742286630846,0.004452222254004212,-0.010498532177149578
2010-01-19,0.012418482948667986,-0.0017792062652297602,0.0059357674133195815
2010-01-20,-0.010220955865079873,0.0034430891872059277,-0.023406622544498212
2010-01-21,-0.019416596875494463,0.003652046929820685,-0.01451645533950785
2010-01-22,-0.02254395791858066,0.0008830318083496991,-0.001864497387188635
2010-01-25,0.005114740562675912,-0.00220938275921867,0.002888473340999731
2010-01-26,-0.00419967367087537,0.0019888057032471096,0.0007439937221862536
2010-01-27,0.004746199664619866,-0.002321255090580898,-0.009622184538243594
2010-01-28,-0.011538454348174021,-0.00033157167530628584,-0.0004694185510532023
2010-01-29,-0.010928543858756079,0.0038665987275869895,-0.0048955498497216254
2010-02-01,0.0154312781582151,-0.003435249760546988,0.022305058135940747
2010-02-02,0.012030715301433403,0.001663442723422115,0.007173093057516233
2010-02-03,-0.004994995252718404,-0.004776722505756226,-0.003948040904900196
2010-02-04,-0.0313525823781271,0.008206088174696369,-0.04064946190433538
2010-02-05,0.0020647341559980603,0.003197668122315811,0.0029657764294865885
2010-02-08,-0.00724500847434939,-0.0008802703690484748,-0.006132631197051985
2010-02-09,0.012481521427423203,-0.005414591516557543,0.013082093628457692
2010-02-10,-0.001959931044901886,-0.0027725475140467637,-0.0027549621443077044
2010-02-11,0.01041156546721922,-0.0012229196420801003,0.01894044377226045
2010-02-12,-0.0008329861463201027,0.0023328242284632594,-0.0008404197035734029
2010-02-16,0.015612972264297476,0.002216428246091695,0.02381725974040183
2010-02-17,0.004726809769729279,-0.005328793776649299,-0.0033810306977537508
2010-02-18,0.005878440182250699,-0.003567914790001403,0.006659727627097212
2010-02-19,0.002071287535387434,0.0005587961306714462,-0.004648011335302016
2010-02-22,0.0001799933406410048,-0.0007815692694030929,-0.003660675124823598
2010-02-23,-0.012218989276813197,0.007567924291783434,-0.010877691236586884
2010-02-24,0.009155610149162996,0.0005548927931862124,-0.00492450499761965
2010-02-25,-0.001354379341618639,0.0036500821643237202,0.008809784398268405
2010-02-26,0.0006320934984831439,0.0015453585038365247,0.010287614912395604
2010-03-01,0.010331383383086923,0.001038552362271794,0.0
2010-03-02,0.0027664728213130374,0.0005517517584170406,0.014425256805689735
2010-03-03,0.0008911475130961577,-0.0009934827788633527,0.005479471397486613
2010-03-04,0.003022885986761814,0.0017654486275553438,-0.0071922941134516805
2010-03-05,0.01419185082508978,-0.0047533080997865795,-0.0001805113929824742
2010-03-08,0.00017554153534948824,-0.002663308228179062,-0.008428164684993966
2010-03-09,0.0016612865286278478,0.0025526527443240354,-0.001457159035853195
2010-03-10,0.004445728499454127,-0.0016641360213771605,-0.011458028889065552
2010-03-11,0.004166372480430169,-0.0008885167229468749,0.0011977451434272979
2010-03-12,8.64195793308653e-05,0.0015559558346733837,-0.00600326475867341
2010-03-15,0.00026001059753788525,0.0,0.0037908941588105094
2010-03-16,0.007934509835506809,0.0038744264166235,0.018651124814839548
2010-03-17,0.0059097075278140565,0.001214268227976767,-0.007364051605517119
2010-03-18,-0.0005126743361083541,-0.0026519136453151404,0.006820378596121834
2010-03-19,-0.005074265436106451,-0.001329428605779448,-0.01884602118244505
2010-03-22,0.005331814320618022,0.0033187012008797367,-0.004906724488663805
2010-03-23,0.007008296829804195,-0.0021000266479740404,0.005276077362753817
2010-03-24,-0.0048663744983947765,-0.01001186052076175,-0.018824492289793326
2010-03-25,-0.001627634418284174,-0.0036947745117883457,0.004505317583276991
2010-03-26,-0.0006004794936584901,0.0023528668520196305,0.01680865686452737
2010-03-29,0.006327823163458923,-0.0014567010673331993,0.0014723814641710575
2010-03-30,0.0006814225190261425,0.0010083146716244329,-0.007198247903796862
2010-03-31,-0.0034125486288951734,0.002349201121861988,0.009035611315004743
2010-04-01,0.006814182773304367,-0.0020745801906612016,0.01195219915601875
2010-04-05,0.008116437071739036,-0.00902414367716986,0.0056974809249874525
2010-04-06,0.002354731355822537,0.0029418728586447784,0.0012617106108123721
2010-04-07,-0.005728735633176996,0.006194929926344628,0.013063885742511161
2010-04-08,0.003457842245870424,-0.0011240540396366683,0.0014213706092300882
2010-04-09,0.00654607419703801,0.0011240540396366683,0.00874987119150461
2010-04-12,0.00158784300682413,0.0026899225985062003,-0.005559222339984515
2010-04-13,0.0007519412434362494,0.0019026290494128517,-0.0028356216460245776
2010-04-14,0.011284797536101898,-0.002686228290691872,0.003012551773768024
2010-04-15,0.0008252957463117383,0.0016793977587870046,0.005470304321851138
2010-04-16,-0.016040331091703663,0.006021589430503127,-0.021433553562709484
2010-04-19,0.003763103635294307,-0.0024478782206509564,-0.0008093560236552833
2010-04-20,0.008890508571293587,0.00044470788190764665,0.002785119789124657
2010-04-21,-0.001820980569147146,0.0032269855050470753,0.007597109309406491
2010-04-22,0.0029789800121005072,-0.002334775886700946,-0.004193637495524705
2010-04-23,0.006506587356896354,-0.0027873829668791927,0.011998598472109379
2010-04-26,-0.003783503810587341,0.0006695598873980302,-0.003894865830639027
2010-04-27,-0.023934357077708412,0.009327435104497184,0.01653654778371827
2010-04-28,0.007567170284322522,-0.0050967562148214185,-0.002795491486585533
2010-04-29,0.012321179525303982,0.0016643055809497653,-0.0002624679990343992
2010-04-30,-0.017107227440837924,0.006080815765041159,0.009406112146595369
2010-05-03,0.012878822084874564,-0.0026231781976600033,0.0032022420391024653
2010-05-04,-0.023796245244645853,0.006738931800736481,-0.007458842798920173
2010-05-05,-0.005974110568916835,0.0038461324805227903,0.0019133210932080758
2010-05-06,-0.033777125585451984,0.010908911750765249,0.02911415163899367
2010-05-07,-0.014986684419142193,-0.0027161365740369092,-0.0018584329204847094
2010-05-10,0.04309821656543367,-0.007644049616441606,-0.0059362195954255625
2010-05-11,-0.0028448355201708964,0.0012045191461407256,0.025942805079309572
2010-05-12,0.013889026689358097,-0.002521022338434875,0.006114187831151696
2010-05-13,-0.012508693782347535,0.002740550557718713,-0.006943357126726113
2010-05-14,-0.01827085312964183,0.006437641649070791,-0.0015771788582181756
2010-05-17,0.0005262089342430443,-0.0021772660597347837,-0.00842621364048668
2010-05-18,-0.013695423328272227,0.0072765921802186995,0.0010885264147750817
2010-05-19,-0.005710294286219941,0.0008648854646491344,-0.024226160830335353
2010-05-20,-0.03849087374082405,0.00968409368179568,-0.006796610129533143
2010-05-21,0.014493877056166227,0.0005349767278115536,-0.005366542125113227
2010-05-24,-0.012914485699638156,0.0,0.013962091277818445
2010-05-25,0.0010209814107398074,0.0034189255932712825,0.00444069285880655
2010-05-26,-0.006046580225312681,-0.0020284517648248013,0.009413635235164364
2010-05-27,0.03294899095814596,-0.009556597083822282,0.0018552983674489099
2010-05-28,-0.0126287108421419,0.0045211795965309776,0.0015994852276124405
2010-06-01,-0.016967233982481567,0.001291670916022447,0.008626934066195524
2010-06-02,0.02570626364299944,-0.005717887728849291,-0.0010847752867189087
2010-06-03,0.0034386226344667037,-0.0014066807677561854,-0.015311140459368211
2010-06-04,-0.035769137265889484,0.01377147754990471,0.010373302792193506
2010-06-07,-0.012529152356343332,0.00405254380170561,0.019113058305127772
2010-06-08,0.010655035829836734,-0.003090763479023373,-0.004041391686318008
2010-06-09,-0.005360558557471862,0.00010684653841508407,-0.003643011529050888
2010-06-10,0.028812696719279884,-0.009330089147359999,-0.013276163318659329
2010-06-11,0.00484387941019726,0.00633594643777613,0.008703719694755918
2010-06-14,-0.0015513724673068552,-0.0008569501723849626,-0.0034222616854409083
2010-06-15,0.022483065823762693,-0.0031111666616610023,0.011555051138783412
2010-06-16,-0.00035730771474717926,0.0027913599245223963,-0.005469896230116511
2010-06-17,0.0016070618579311358,0.004704843790671376,0.01296306533767666
2010-06-18,0.0010828800765487756,-0.0020296597489348756,0.007600251453539819
2010-06-21,-0.002867825124987178,-0.0007496389339420872,-0.02006483258108105
2010-06-22,-0.0166538678190431,0.005974417157228906,0.008766162443343717
2010-06-23,-0.003107823533020415,0.0037152083851106354,-0.004125418496021105
2010-06-24,-0.01670927109086673,-0.0008481643580520171,0.0028896292842945925
2010-06-25,0.004180199455851685,0.0015898786303072399,0.011964406044451259
2010-06-28,-0.003156879573459115,0.007068646633271669,-0.013697206629814218
2010-06-29,-0.03136157612150381,0.004300389111148384,0.0014853964638135153
2010-06-30,-0.009545792504094486,0.0014643516240822052,0.0033752134718403326
2010-07-01,-0.004466345632375912,-0.0004397244663563171,-0.038878885924842344
2010-07-02,-0.0054642842919543355,-0.0017843388862130993,0.012312786265651354
2010-07-06,0.006534379464792295,0.0024133934905785637,-0.01685142623284719
2010-07-07,0.031010136737819494,-0.0031484304590758683,0.010416771036919847
2010-07-08,0.0098469431892525,-0.002420435158124512,-0.004426705679849263
2010-07-09,0.007437684931094424,-0.002637670427157346,0.009763642764658798
2010-07-12,0.0006481531662290152,0.001688840940295755,-0.008655160400421025
2010-07-13,0.014975711045658535,-0.004968941932410154,0.008655160400421025
2010-07-14,-9.120479460822395e-05,0.004968941932410154,-0.0005070359076375652
2010-07-15,0.00027349704765988747,0.005153993593918216,-0.000591888512841976
2010-07-16,-0.02792079824142668,0.005754665316033858,-0.013282487126808462
2010-07-19,0.005889111596020236,-0.0026118401278436565,-0.00808950027487576
2010-07-20,0.011030794843109426,0.0010455318746434017,0.007918090681685364
2010-07-21,-0.013083541190377801,0.0063534178086444015,-0.006881773841044492
2010-07-22,0.02207655506198858,-0.0055171602271899545,0.008680404641995487
2010-07-23,0.008641520381566181,-0.0032414567411729323,-0.006610921544710102
2010-07-26,0.010361949713921348,-0.00031463326466418806,-0.004922074719322822
2010-07-27,-8.974223547220106e-05,-0.0034634787533782685,-0.017552688498184033
2010-07-28,-0.006475292684564593,0.004300634932233649,0.002375791006871353
2010-07-29,-0.004884295809770123,0.002091147287688777,0.00447233732619523
2010-07-30,-0.00018174337334464497,0.0058329437197865985,0.010444841709822406
2010-08-02,0.02233013934464889,-0.003097168043832532,0.0004328706471268262
2010-08-03,-0.004800314975948794,0.0046899943797233945,0.003887163799397797
2010-08-04,0.006660873830992564,-0.004166946021930684,0.006273952596501431
2010-08-05,-0.0010627269177536647,0.004790430506101728,0.002225094038606379
2010-08-06,-0.004084431541796718,0.006523393501669084,0.007324732365885822
2010-08-09,0.005323841040963728,-0.00020635847341132774,-0.0037408206861497817
2010-08-10,-0.005412740164230101,0.0050460929401356935,0.002806975212677365
2010-08-11,-0.027789982708710248,0.005633731213962712,-0.0033182233156114904
2010-08-12,-0.00614841308970604,-0.0025570058060191414,0.012113149233667464
2010-08-13,-0.0029504399417952243,0.004292711989182685,-0.00025261067028914397
2010-08-16,-0.0004617936061190875,0.0072132946633960415,0.008303024914577684
2010-08-17,0.012210200255205805,-0.005075053834447729,0.0001670005247422779
2010-08-18,0.001823884143601795,-0.0010180642667423356,0.003917171473901249
2010-08-19,-0.017550138792885583,0.004473081891910979,0.0014130601122221975
2010-08-20,-0.0032497771760864325,-0.0032506386376898178,-0.003494746175242369
2010-08-23,-0.003819827475414428,0.0013207766937934906,-0.0015850050567998153
2010-08-24,-0.014954298037552327,0.00789308758406193,0.004830540187787946
2010-08-25,0.0038771724910224847,-0.004546021334946637,0.008274083236647023
2010-08-26,-0.006724316354009829,0.004546021334946637,-0.0033014352071623065
2010-08-27,0.015371428337835447,-0.01155648409428256,0.00041329960092006957
2010-08-30,-0.014611397014450134,0.007617727885987691,-0.0008267069892493595
2010-08-31,0.0,0.004442743323684439,0.009630085060906346
2010-09-01,0.02947268563161831,-0.007226586203543661,-0.0031997351237427196
2010-09-02,0.009269617523409934,-0.00418020328323454,0.004918433276591472
2010-09-03,0.01288770948323048,-0.0057373112052205855,-0.003522430858827086
2010-09-07,-0.011336367346512333,0.007880497843499867,0.006869477016185677
2010-09-08,0.006998537449671716,-0.0027561471585464403,8.151368239062151e-05
2010-09-09,0.004608543175901758,-0.007901659091366753,-0.009415892562921968
2010-09-10,0.005036061090539334,-0.002890029614531109,0.001397557033752328
2010-09-13,0.011061844021674538,0.004742462749782739,-0.0009040527231114481
2010-09-14,-0.0006213565194617132,0.005026677737576257,0.019541363578778892
2010-09-15,0.0038098215213491216,-0.003485021429457724,-0.0006452186217993372
2010-09-16,-0.0002653622795429911,-0.0034975466690729817,0.005551728568144121
2010-09-17,0.00037378117729591764,0.002264613786441494,-0.0007223690048192566
2010-09-20,0.015174549736871157,0.0030792070022149787,0.0026462613270075153
2010-09-21,-0.002016208078876147,0.009283989457441244,0.009088067711881642
2010-09-22,-0.004925429266121384,0.001521483983184524,0.0015066400907297606
2010-09-23,-0.008144304352880383,0.001418179818149845,0.0007921275940185879
2010-09-24,0.020412247976961062,-0.00497339748954051,0.003083123365456686
2010-09-27,-0.0048013672989037914,0.007704011959670964,0.00023676081451817765
2010-09-28,0.003494004307831311,0.0033263472453741727,0.008877752103090941
2010-09-29,-0.0017454321225311986,-0.0024184941551945727,0.0007818489523421235
2010-09-30,-0.002974535775027043,-0.0012107275229382708,-0.00031261851296093823
2010-10-01,0.004196684454404576,0.0005362500054122421,0.00778759462161549
2010-10-04,-0.007531972101399553,0.0035350642999718573,-0.003496890769369543
2010-10-05,0.01993199977045812,0.00020143541738626425,0.01950340225140046
2010-10-06,-8.6165383388348e-05,0.006430818562162877,0.006240446856903503
2010-10-07,-0.0012076174007544793,0.0010013182788446429,-0.010984948981022313
2010-10-08,0.005593477960394999,0.00039944083172560596,0.009846345633437892
2010-10-11,0.0009435261648906845,0.001000243749238905,0.004773561868528731
2010-10-12,0.0030810207796472255,-0.002901383555554915,-0.0024975344847284475
2010-10-13,0.007747520310876332,0.0,0.015863209004852052
2010-10-14,-0.003908730472687694,-0.005729152758004119,0.0050591035458271705
2010-10-15,0.0020412250747749994,-0.004342425281474327,-0.007972380291159098
2010-10-18,0.0049153937206760645,0.00474564186904658,0.004478333523157296
2010-10-19,-0.01319045762126958,0.0034192073475098894,-0.031546911814677614
2010-10-20,0.009718283037498665,-0.0006021095229469253,0.009256897200788039
2010-10-21,0.0022033356516883984,-0.005541282765092248,-0.014187944908196748
2010-10-22,0.0018605438363215043,0.00030310282500334296,0.0020061311504173673
2010-10-25,0.0029529445267479915,-0.00030310282500334296,0.00859634097185058
2010-10-26,0.00016836259688535193,-0.006689175660643976,0.00022923454070244986
2010-10-27,-0.0028678994230944,-0.005813578583232726,-0.010445567805728473
2010-10-28,0.000169328425058346,0.005813578583232726,0.013192407592507394
2010-10-29,0.0007596243734884212,0.004464234678797752,0.010460109173882515
2010-11-01,0.00033729343010957535,-0.0016754112468371218,-0.005292194751345569
2010-11-02,0.007899219890720843,0.003349671034249546,0.004311547969696683
2010-11-03,0.004009647912343262,0.003236032755496332,-0.006968127295408522
2010-11-04,0.0190754124499799,0.008047227818817504,0.03333635562596715
2010-11-05,0.0037552299922456456,-0.004216686261484526,0.0025697022239414835
2010-11-08,-0.001876016843873174,0.00030157155062671137,0.010213058409749287
2010-11-09,-0.0072104629171096946,-0.008483970810036823,-0.016022601839731365
2010-11-10,0.004021282173035878,0.003745905548048434,0.01209565855069794
2010-11-11,-0.0037745009758802794,-0.0011122331236848026,0.0030556455565671214
2010-11-12,-0.011908698098774373,-0.00833038649754858,-0.02926319831605717
2010-11-15,-0.0014153914663532774,-0.012935915525864594,-0.009545029587656906
2010-11-16,-0.015702040326202926,0.007412381577024618,-0.011010377007280248
2010-11-17,0.0005077363383332312,-0.0028758255537546518,-0.004514997714772484
2010-11-18,0.014610967316741608,-0.0023688599776052754,0.013030179764403904
2010-11-19,0.0027475680741249064,0.002059841514450156,0.0008324236217625014
2010-11-22,-0.0008321908094863772,0.005336882435275747,0.009635717541740085
2010-11-23,-0.014582633553922975,0.002045120977335557,0.006943235453942265
2010-11-24,0.01466598442676581,-0.010783710567953797,-0.0017127297791521556
2010-11-26,-0.011715529769277033,0.004327806167982118,-0.008006268905469405
2010-11-29,0.0030255996818686626,0.0021560081020206567,0.003000481613542938
2010-11-30,-0.005638476925389213,0.001742979938622824,0.014204706278409418
2010-12-01,0.021044532730924992,-0.013237914602302503,-0.00029537138827784304
2010-12-02,0.012727298794730224,-0.0024998092931909355,-0.0013305341112292979
2010-12-03,0.0026895237647828196,0.00010429770393471927,0.02100571493850989
2010-12-06,-0.0010588002706306554,0.006236466760964454,0.007504135483825003
2010-12-07,0.0005701173474932375,-0.016717946727943023,-0.01894037683401084
2010-12-08,0.003656902359162828,-0.008572753612763329,-0.012606652684668873
2010-12-09,0.0038858056584167855,0.0021232541841964547,0.0042937721872258194
2010-12-10,0.005800785706658651,-0.008519968931217647,0.0002955059117617509
2010-12-13,0.0006427562280828525,0.0032033565750513304,0.004715247621071228
2010-12-14,0.0008828025115006355,-0.010611467863807178,0.0009549986110490849
2010-12-15,-0.004582457778378846,-0.0041030819285321485,-0.010927425511095379
2010-12-16,0.005784694470982288,0.005933599816025925,-0.006629195688780953
2010-12-17,0.0010706961002826532,0.008568690224350028,0.0029103367256331225
2010-12-20,0.0024104552549388814,-0.00010782256161157022,0.0067580641920992335
2010-12-21,0.006320328646280515,0.0021312959042081303,0.0015531320483725963
2010-12-22,0.0031054321435588506,-0.002770958533762524,-0.001997295201813465
2010-12-23,-0.0014319246282772369,-0.003528088332729773,-0.002891992523506026
2010-12-27,0.00039785173361028825,0.0038474505545238458,0.0026698369445323777
2010-12-28,0.0014318335338412425,-0.010559531452164705,0.0161625389018063
2010-12-29,0.0007147903923137022,0.011180042009282687,0.0035645873339973377
2010-12-30,-0.0015896580372043445,-0.002032626924037828,-0.004950202442880247
2010-12-31,0.00023866168718900127,0.005022179222978096,0.012257650782176555
2011-01-03,0.010285015596897651,-0.0030965452719380337,-0.005203836674789741
2011-01-04,-0.0005509757699000417,0.0023493606331435046,-0.023832475368098294
2011-01-05,0.005184035969102219,-0.010831660130306453,-0.0028240572403506192
2011-01-06,-0.001960797121406621,0.005162840862992013,-0.004026801058528484
2011-01-07,-0.001964176248885785,0.006628395578804458,-0.0018697884851865965
2011-01-10,-0.0012590625988098125,0.0034050010806252473,0.004034322186689643
2011-01-11,0.0035377693281697375,-0.003936871470004988,0.0058730314038273335
2011-01-12,0.008983722196300725,-0.0028836087302241964,0.004068526754664958
2011-01-13,-0.0016344559104419787,0.006713847466163436,-0.010463555902437527
2011-01-14,0.007218575216146661,-0.002765859841904472,-0.010197288500116919
2011-01-18,0.0016998125079918935,-0.0024523520208878935,0.005561341914814832
2011-01-19,-0.009853563356893247,0.0025593951726161634,0.0021711298182145455
2011-01-20,-0.0013265136564530877,-0.007804863673276152,-0.019025217431059005
2011-01-21,0.00226168928920778,0.0033219320943924657,-0.0012965579493560142
2011-01-24,0.005670504463995307,0.00010716576560021451,-0.0051264366488759094
2011-01-25,0.0005419305281435527,0.005014908704758625,-0.0019964262189162696
2011-01-26,0.0038634090246283392,-0.006085000507207283,0.0081145474648876
2011-01-27,0.002464478483462429,0.0037403222079070986,-0.024934738182944116
2011-01-28,-0.01761669076292982,0.004576458556956098,0.018202729323755662
2011-01-31,0.007488172593789422,-0.003936225003711158,-0.0031520585138853363
2011-02-01,0.015881863941932473,-0.004660411918304241,0.007135549830275423
2011-02-02,-0.0019134148830302067,-0.0023652364884316768,-0.002679474165923068
2011-02-03,0.002219503917917365,-0.005720082117560921,0.013325916144527383
2011-02-04,0.002824673895743146,-0.006189106523109444,-0.004093034478557023
2011-02-07,0.006233261026312498,-0.00043571967073408047,0.000151811452785644
2011-02-08,0.0045362755027209545,-0.0068889882337792585,0.011026520280860375
2011-02-09,-0.0022655276289977877,0.005689838097248767,-0.0005258409922781482
2011-02-10,0.00037794454926487475,-0.003278959901077627,-0.0016546424472636545
2011-02-11,0.005952899474350737,0.004586411739001761,-0.003997431521033157
2011-02-14,0.0024009389590267105,0.00032741796934043776,0.004749808107153086
2011-02-15,-0.0031526328109032775,0.0022847115885547,0.007642808665807799
2011-02-16,0.00629558247235007,-0.0014144279731764797,0.0009699324016301247
2011-02-17,0.0029836742901627744,0.0036939315512301008,0.006985145327737641
2011-02-18,0.002083630562453642,-0.00021801310888669434,0.0027362589093060663
2011-02-22,-0.02027400166665494,0.009606256900748456,0.006477679138460424
2011-02-23,-0.0061634502091330035,-0.0024734823497958303,0.008911682609680227
2011-02-24,-0.000687187156242608,0.002580700145366599,-0.007518549348771941
2011-02-25,0.010636542145409322,0.003217201239160694,0.006572791889415619
2011-02-28,0.00617701619718769,-0.00042837031034181905,0.002036059244667321
2011-03-01,-0.016813558342597013,0.0011374155931944685,0.017069773077460937
2011-03-02,0.002136561959042993,-0.005267991537253103,-0.0007858590263394305
2011-03-03,0.017077591356033928,-0.006814884585289782,-0.013165197646375582
2011-03-04,-0.007520781251801445,0.007138407390934631,0.009083177750322413
2011-03-07,-0.007881949628272267,-0.0024820135317629166,0.0026516309475601574
2011-03-08,0.008711878874702705,-0.00237917443951563,-0.0025799111915452144
2011-03-09,-0.0014337818381404688,0.005830318362142428,0.0003587405497560425
2011-03-10,-0.01867952450083088,0.008468481061740363,-0.011833598965568903
2011-03-11,0.0069026518369987855,-0.0023512959909028908,0.0032609684267885797
2011-03-14,-0.006056184814267951,0.002244288234231284,0.004619608225729266
2011-03-15,-0.011523418069388391,0.0036232747999216386,-0.01882799260593515
2011-03-16,-0.018686073531083203,0.00847374746385654,-0.0002201664404459791
2011-03-17,0.013148144398722472,-0.0030638442512689323,0.005343855984730972
2011-03-18,0.0036303246677515943,-0.0006345738696698078,0.010169288734283022
2011-03-21,0.015379221409538069,-0.005201010462012157,0.005549394715688827
2011-03-22,-0.003474594924409935,0.0005328738485781415,-0.0006470134817231354
2011-03-23,0.0028576972902616404,-0.001277679408332233,0.0092344211024189
2011-03-24,0.009517846224592397,-0.00512457229231611,-0.00801259922091102
2011-03-25,0.0030513995604044553,-0.0026805578539237374,0.0002872255603376672
2011-03-28,-0.0024404200400116594,0.00032201889271110673,-0.0051836059361383136
2011-03-29,0.006696403406336593,-0.0029009840368852124,-0.0023847279396553844
2011-03-30,0.00687752489094251,0.0034379132164366055,0.0033226803681456474
2011-03-31,-0.0013568637452019416,-0.0025776731314310908,0.00854493007836954
2011-04-01,0.004214589028588733,0.0021330599917535054,-0.004730200662966588
2011-04-04,0.0008260179780457122,0.002255861300781703,0.004587159742600377
2011-04-05,-0.0001497597310571308,-0.005057521526558695,0.015680244064512294
2011-04-06,0.0031468266193686034,-0.004324756056189649,0.0023204441860720237
2011-04-07,-0.0025470236794893353,0.00010946851535997837,0.0009125601693487084
2011-04-08,-0.0034560443784208417,-0.002929795626489984,0.00803728799885306
2011-04-11,-0.003015139827874158,0.0013029196404987786,-0.007125452862238646
2011-04-12,-0.007502005878462725,0.005626913327144045,-0.007247164730864064
2011-04-13,-7.639014500959718e-05,0.0038771169003561923,0.002045736608144999
2011-04-14,0.0007603761590342373,-0.0033374587856593863,0.013370425768477467
2011-04-15,0.0036420360213620384,0.007305139682191708,0.008585564685085423
2011-04-18,-0.011272247167080529,0.002459587383761175,0.006048472882944189
2011-04-19,0.005728223587605719,0.0012809002876466025,0.0
2011-04-20,0.013539667055801452,-0.003953871966650979,0.003898423967414466
2011-04-21,0.005095964316815582,0.0007492856820112692,0.0016369222633993985
2011-04-25,-0.0010471010873871478,0.0035247553055031133,0.0008854577994359403
2011-04-26,0.008568551644860811,0.004255851277147116,-0.003341794989776048
2011-04-27,0.00650736671076757,-0.0028699781359708965,0.01908165378533777
2011-04-28,0.0032375422112869146,0.0038245445608895423,0.004146955091005822
2011-04-29,0.002348475644134318,0.0020137097462811226,0.016877119028976928
2011-05-02,-0.0015403404659997122,-0.00030809608730564264,-0.012946818420867423
2011-05-03,-0.003603185525541619,0.0026500637473496624,-0.00352991651100254
2011-05-04,-0.006653286687984483,0.0025384338038154652,-0.014448752090856054
2011-05-05,-0.009089543654105192,0.004951035806389115,-0.029260291794056315
2011-05-06,0.004406187590148214,0.000525268630548581,0.012674628960668066
2011-05-09,0.003867034415911519,0.0014689045178046811,0.014213726890232259
2011-05-10,0.008499712147969518,-0.004834476715737779,0.003522009979278984
2011-05-11,-0.010580228742935738,0.0035761417094590797,-0.009237945533017822
2011-05-12,0.004749512523052779,-0.0022081273920777633,0.00034116640407155785
2011-05-13,-0.007729388809786464,0.0038868269639431574,-0.0065703572965727375
2011-05-16,-0.006361434671907418,0.0024072671444379523,-0.0017870091740066485
2011-05-17,-0.0001501383273021517,0.0029245371797284037,-0.004343115459450431
2011-05-18,0.00889664462845463,-0.005752168889753051,0.0059241102924119105
2011-05-19,0.002378433011058334,0.001048842836357089,0.000343263817748074
2011-05-20,-0.007976333764663224,0.0024065392872136826,0.012553972615642728
2011-05-23,-0.01166911706107765,0.0013577332525560593,0.002302563183491202
2011-05-24,-0.0008326950840125136,0.0010434747256855559,0.005127833323306241
2011-05-25,0.003328739429551142,0.00010485648391966862,-6.726457516759154e-05
2011-05-26,0.0045970544787730105,0.005509549170376715,-0.002425881288391274
2011-05-27,0.0038273878194425848,-0.00010383656134660413,0.00993560628079404
2011-05-31,0.010357203829065575,0.001554645124893561,-0.0004008656386123022
2011-06-01,-0.022717174803753792,0.008207178165642759,0.0018027330517966789
2011-06-02,-0.0010621238087447082,-0.005989256623705863,-0.002738745622201222
2011-06-03,-0.009994395146643242,0.003928273016502004,0.004804501553226537
2011-06-06,-0.010637604532417022,-0.0006195649235927192,0.0017292622165889782
2011-06-07,-0.0006199355956173491,0.0018561149606606264,-0.00039878737524734476
2011-06-08,-0.004196338602395322,0.0021613598329306427,-0.00406356099270333
2011-06-09,0.007602511136775902,-0.004017474793591269,0.004993851388959136
2011-06-10,-0.014008375606008094,0.003195131420007158,-0.008805874461023322
2011-06-13,0.0007836819082820412,-0.002163029822624729,-0.009898745332088232
2011-06-14,0.012605943160463262,-0.00797115849709229,0.006072032480569867
2011-06-15,-0.017945418027051296,0.010751448200612579,0.0030222458840745148
2011-06-16,0.0022019965655992735,0.0027722528105584843,-0.001006366607308351
2011-06-17,0.0029797902683359467,-0.0007176132983319761,0.006490278771680735
2011-06-20,0.005102957882143322,-0.0015415160421135,0.000600035605057947
2011-06-21,0.013611039364607613,-0.0013361847323167808,0.0048538659999231015
2011-06-22,-0.006043929635793255,-0.0004121693722920483,0.0015245138749051534
2011-06-23,-0.0028795811379707104,0.005237230347010069,-0.017706734216213604
2011-06-24,-0.011681394909309972,0.0041906967920528615,-0.014121089335866976
2011-06-27,0.008871608497703853,-0.0038838240198826313,-0.0036302570573196746
2011-06-28,0.012968522257542858,-0.009257542560536791,0.0034935800405468953
2011-06-29,0.008527368119153778,-0.006011452604922418,0.006407132466265786
2011-06-30,0.009517449660904731,-0.00343634910306978,-0.008049656026432928
2011-07-01,0.014667782175778576,-0.002501852277862149,-0.007355805010162975
2011-07-05,-0.0008217491950333056,0.006270107587196705,0.018458359922485457
2011-07-06,0.0011950754053415835,0.0017689357174965892,0.008632944574224588
2011-07-07,0.010322022877547354,-0.0038548286668014242,0.0016103488438776736
2011-07-08,-0.007117556880069209,0.010591787036533518,0.00734810337655567
2011-07-11,-0.018245574383565,0.0076149634912958675,0.00887891039862243
2011-07-12,-0.0043285431372313,0.0014332788991850975,0.0077540665303148515
2011-07-13,0.0033423860434176333,0.00163721575797382,0.008927726045871331
2011-07-14,-0.006925912701297499,-0.005739668007396226,0.0025916426711081186
2011-07-15,0.005788158120781262,0.004102452249422406,0.0042616690244967614
2011-07-18,-0.008235107908437733,-0.0006137616004737723,0.008788653016896575
2011-07-19,0.016101243775141327,0.003782750751354591,-0.012274058243285424
2011-07-20,-0.0006032410802490062,-0.004909869441696912,0.008755048684884414
2011-07-21,0.013775990728407628,-0.005552956697251865,-0.007656478889253471
2011-07-22,0.0006688040389946082,0.0038082749130889937,0.008297158381419756
2011-07-25,-0.005588245232464928,-0.003189413469953273,0.007784134589571501
2011-07-26,-0.003742648556628758,0.004216026915471183,0.0027292577237112425
2011-07-27,-0.02068849356278779,-0.0016435036199613506,-0.0036830230779658635
2011-07-28,-0.0029137794113207605,0.0019513259357299972,0.0008267138480819725
2011-07-29,-0.006858055896446835,0.012032657505571365,0.006146757162874827
2011-08-01,-0.00426196590200334,0.0036306563627377386,-0.00360743453355461
2011-08-02,-0.025879380386062856,0.00917036316505726,0.023807683707061322
2011-08-03,0.005403869551541263,0.0008015949686894785,-0.00018574519969138947
2011-08-04,-0.047973974129639,0.013144100833609507,-0.005277422552616429
2011-08-05,-0.001497835238955858,-0.011641684015480713,0.006886100677145457
2011-08-08,-0.06734049157960609,0.01578675474146607,0.032660154649896356
2011-08-09,0.04545056794898095,0.005796021804957974,0.008876271378883693
2011-08-10,-0.045183374585394454,0.013135621956089416,0.03479474038575514
2011-08-11,0.043905528671767335,-0.014802224980488887,-0.022182601344646002
2011-08-12,0.006710499615437904,0.006942278796047141,-0.00457854037976535
2011-08-15,0.020944061870097563,-0.003710301279237882,0.01070906924245385
2011-08-16,-0.008575580069813071,0.004586157241830868,0.012264385531167932
2011-08-17,0.0006681835492248211,0.00698409022184876,0.002870760456120891
2011-08-18,-0.04407521391158298,0.0052062936428454165,0.01874311163551834
2011-08-19,-0.016465516905258326,0.0010574397746321296,0.012469732629723396
2011-08-22,0.000798839952741659,-0.001826799555082026,0.025458112015236622
2011-08-23,0.03238070045911723,-0.004049853632644762,-0.03820924283947136
2011-08-24,0.013985810685635869,-0.010784072886755425,-0.03447040239609578
2011-08-25,-0.015360927825252446,0.006135275040588084,0.004127831942993154
2011-08-26,0.014429060768364366,0.0031978355487263244,0.029216271136055738
2011-08-29,0.028331159556105767,-0.006601547075566039,-0.020378675540845492
2011-08-30,0.002633046368942793,0.006891743613823387,0.02952143126148865
2011-08-31,0.0044280874645048485,-0.003585574090442023,-0.007735058209084933
2011-09-01,-0.010528059999503903,0.007937346800477307,0.0008436339994108977
2011-09-02,-0.025881929595846564,0.009128967235700003,0.029743880060709493
2011-09-06,-0.007324098342158969,0.001338102101755112,-0.001857276970475219
2011-09-07,0.027817397851948478,-0.005363694065309232,-0.03233790382183166
2011-09-08,-0.010446339446761321,0.004886765597056808,0.026360554098634026
2011-09-09,-0.026559269444239142,0.004862194870646874,-0.006123991593192102
2011-09-12,0.006449209157831426,-0.0030486491273995497,-0.022554605449326637
2011-09-13,0.009129498179411222,-0.002961942137919671,0.010529052886616874
2011-09-14,0.013748824541316651,0.0005742617081017087,-0.007477120273184923
2011-09-15,0.017110437494711306,-0.007486858114013728,-0.015984031396099496
2011-09-16,0.005901170541943834,0.0019247202773637895,0.00930295164559336
2011-09-19,-0.010007572424880706,0.00814087775458372,-0.015572543748898049
2011-09-20,-0.001163955518435067,0.0013343763852082802,0.01415132181765344
2011-09-21,-0.029901294453847704,0.004278382395274782,-0.012537030407862915
2011-09-22,-0.03285826933561253,0.009251626082622089,-0.02650162857784988
2011-09-23,0.006006957890478226,-0.008304526688112546,-0.056271494776759745
2011-09-26,0.02350233091678522,-0.004177311308068532,-0.013989774992148263
2011-09-27,0.011121551395500973,-0.006684047028553408,0.019170336530176968
2011-09-28,-0.020630180431778555,0.00019184636758140527,-0.027838335971409833
2011-09-29,0.007872502418234895,0.0,0.009429196621174363
2011-09-30,-0.02530692116929778,0.00630149502382249,0.002280217713431121
2011-10-03,-0.02887038928669483,0.009217128863161506,0.018181236292018177
2011-10-04,0.0216861108763311,-0.005115559335348685,-0.02084198016777883
2011-10-05,0.01834633167520039,-0.00418821091387489,0.01147920072312214
2011-10-06,0.017929101738465292,-0.0069863198648771885,0.00643852038239956
2011-10-07,-0.0067184990060162875,-0.005199895620480177,-0.008196078194995238
2011-10-10,0.03289856116277168,-0.010579334056352252,0.02536970694062113
2011-10-11,0.0010028567097073449,0.0033120704500895215,-0.0071918319117338925
2011-10-12,0.008733771143075941,-0.0034086610397023875,0.00713052198207631
2011-10-13,-0.001989580879124375,0.0039923637621024355,-0.005897495052749946
2011-10-14,0.01694962515778009,-0.004968596674314263,0.006754651748948959
2011-10-17,-0.019275597767118846,0.006522071029718468,-0.004784984318898289
2011-10-18,0.019357430085487515,-0.001068017598278459,-0.004807990522259331
2011-10-19,-0.011899603345668197,0.0015534390356419792,-0.012247215797120958
2011-10-20,0.004365683378029672,-0.0020388957927677254,-0.013222651084731751
2011-10-21,0.018809270909348363,-0.0018486180140788733,0.011031029647083912
2011-10-24,0.012186681146767242,-0.0004862823614315559,0.00935927440880402
2011-10-25,-0.019635654608204156,0.008536209138794604,0.027986224133307758
2011-10-26,0.010107464811702549,-0.007367717300248877,0.01087129005583698
2011-10-27,0.034242348975126013,-0.012139446295502232,0.012761764976101375
2011-10-28,-0.0002334300949318191,0.005990196362128053,0.0004127255759716064
2011-10-31,-0.024401115810440466,0.0133229590813011,-0.013532963163571665
2011-11-01,-0.02828444339843017,0.011922756666303158,0.00023905679353752873
2011-11-02,0.01617971978174637,-0.0023941553438122654,0.009986961282971052
2011-11-03,0.01806336298915756,-0.004709176363223655,0.015611583405325646
2011-11-04,-0.006118108527164878,0.0029819500033081425,-0.005079236179331481
2011-11-07,0.006197086002931229,0.0011525244928272116,0.023885642975553623
2011-11-08,0.012749249362951076,-0.0045197201224427275,-0.008321169193389544
2011-11-09,-0.037607941049458304,0.008826643501998355,-0.008449074737466589
2011-11-10,0.009374334150961339,-0.004883880814259278,-0.005419481906887569
2011-11-11,0.018647325401413006,-0.004617401651756836,0.016343494900231015
2011-11-14,-0.009519469688919813,0.006248755423378327,-0.0043784478152666395
2011-11-15,0.004929954593607455,-0.0013432386110938666,0.0009233822403347247
2011-11-16,-0.015989883770186175,0.003640878883435228,-0.010728818833075415
2011-11-17,-0.01600447262082927,0.0020056605390266213,-0.026049069788271595
2011-11-18,-0.0010652010465665995,-0.0037290022192806305,0.0031070114130358206
2011-11-21,-0.01920273135752204,0.002774312230034326,-0.024886493203201354
2011-11-22,-0.003935654917201603,0.0030515237950670127,0.011009493958958672
2011-11-23,-0.02231255138956989,0.0034230473872778333,-0.002907833444255381
2011-11-25,-0.0018895726971024374,-0.006378496634066977,-0.00871350577932617
2011-11-28,0.028555747044569202,9.50573361260254e-05,0.01957466978116784
2011-11-29,0.002836027980626099,-0.0019123588017881943,0.0014992056580318547
2011-11-30,0.0403253643316317,-0.005853179979329326,0.019287858882639952
2011-12-01,-0.00016004078860287763,-0.0002899631226647159,-0.0029432561018172265
2011-12-02,-0.0008803658738569808,0.004428053311554159,0.0011194724078151808
2011-12-05,0.010833152052525996,-0.0005767034731736231,-0.014830905352806845
2011-12-06,0.00031673028153011984,-0.002597817768883459,0.005126600507155743
2011-12-07,0.003715528362834064,0.004517590995286369,0.00722795533288334
2011-12-08,-0.0221806379006102,0.005070289760748636,-0.02039547275827136
2011-12-09,0.016800567260263577,-0.006893905773474707,0.0025272182778426355
2011-12-12,-0.014705422622556696,0.00345319621016138,-0.02685985286476722
2011-12-13,-0.009382919829627134,0.004584853125880528,-0.022095571965698113
2011-12-14,-0.010702718416074397,0.004185261889547931,-0.03572036229643505
2011-12-15,0.0036079241275270846,-0.0008548252985063343,-0.0036694724115005073
2011-12-16,0.0014811754603734073,0.004833148319574931,0.018858628346003492
2011-12-19,-0.010748925594458392,0.003397595248059382,-0.002321836715305281
2011-12-20,0.029811147478362443,-0.009086300217653331,0.013532357682449536
2011-12-21,0.0019347267127001189,-0.0032372289005264676,0.0011460365099758008
2011-12-22,0.008819862556868507,0.0012389486087664991,-0.007152076380172012
2011-12-23,0.008901265877660158,-0.004104909484864194,0.0017288576765004393
2011-12-27,0.000790639061583498,0.0005653496816107051,-0.008996872529867694
2011-12-28,-0.013210489213236976,0.006301228831040007,-0.02536584226278027
2011-12-29,0.010281218354360355,0.0012365038715325127,-0.004579113105256383
2011-12-30,-0.004928549201797416,0.0035113332108869244,0.010915393959511022
2012-01-03,0.015810893241583912,-0.006367314591341433,0.025528278105769076
2012-01-04,0.0015674420466131878,-0.0031508079957074386,0.005053962921992117
2012-01-05,0.002658956855881023,0.00019224630108283236,0.006804643552456469
2012-01-06,-0.0025805992286320745,0.003911195014089763,-0.0036827893483133423
2012-01-09,0.002424281779020987,0.0001907582395448415,-0.0044628506016808345
2012-01-10,0.008633246270871808,-0.0020016184196318676,0.013581470383932981
2012-01-11,0.0005421513688457225,0.005803376190286258,0.006471693519725541
2012-01-12,0.0023961293530723182,-0.0020891679492098802,0.004436855940286755
2012-01-13,-0.005186732476066602,0.0044575249049954024,-0.007007977486654937
2012-01-17,0.0038734174762398155,0.0009459931740778416,0.007755890232572504
2012-01-18,0.01099515818023633,-0.0031240527237672566,0.0068302412862033535
2012-01-19,0.005262704104697313,-0.005993673596382365,-0.002354284429157971
2012-01-20,0.0037206071489599424,-0.0034405940118578116,0.0052584864346112425
2012-01-23,-0.002580212941756699,-0.002204435411113259,0.00670295103252716
2012-01-24,-0.0011403942072032436,0.0011508472671826198,-0.007073309078254653
2012-01-25,0.008332722895829647,0.00478057365150697,0.02685667465367203
2012-01-26,-0.005142741728979772,0.00532714989366756,0.005094596396547857
2012-01-27,-0.00045529125293786166,0.0030316483272336825,0.01011189273071711
2012-01-30,-0.0034196259515555383,0.003399530426227315,-0.005578663971878228
2012-01-31,-0.00038040709550113405,0.0037636413189767737,0.007588812095341346
2012-02-01,0.008718963852395234,-0.0034772097488904308,0.0014754923655564411
2012-02-02,0.0015838056073178564,0.0014143038541147845,0.00874909717897765
2012-02-03,0.013921573860360859,-0.007950258588477865,-0.020137109848909596
2012-02-06,-0.000669104547135646,0.002751121609521512,-0.0027477869553917955
2012-02-07,0.0025255607594578677,-0.006464202097617111,0.014961121796296162
2012-02-08,0.0029630491937293613,0.00047644791769219097,-0.007096404464512318
2012-02-09,0.0012569559347683779,-0.002290427295907449,-0.002852704427427355
2012-02-10,-0.007415045347949345,0.005622313611637786,-0.005251264443437265
2012-02-13,0.007415045347949345,-0.0006660685997568194,0.002211237260991261
2012-02-14,-0.0012569559347683779,0.0020890064810039632,-0.0023309301516363234
2012-02-15,-0.004670908721192468,0.000759227547864505,0.0059064426447283935
2012-02-16,0.011012275253846404,-0.00456103657720508,-0.0006545512723761249
2012-02-17,0.0026423337963903393,-0.0010479863533605638,-0.003876515274363612
2012-02-21,0.00043997480912949527,-0.0036298677664206025,0.021693069581143476
2012-02-22,-0.0032292055698350808,0.003915554679024602,0.011164193939316114
2012-02-23,0.004400927279172073,0.0014295094812544207,0.0004624917963242936
2012-02-24,0.0021931142503239798,0.0007603124288442231,-0.004576451404741277
2012-02-27,0.0016788260489910556,0.003323380214020233,-0.003082017911286705
2012-02-28,0.0029118526961564584,0.0004739108867655162,0.010371242371298273
2012-02-29,-0.003933330097613208,-0.0039874897601137604,-0.05448687444865641
2012-03-01,0.005168500656333563,-0.0032448347341800243,0.014022637552039363
2012-03-02,-0.003054424342074924,0.004006709493895144,-0.0016218911795986557
2012-03-05,-0.004086701895595013,-0.0020012980455943463,-0.004156772524682495
2012-03-06,-0.014733137320035006,0.004189269108914928,-0.01796909643202138
2012-03-07,0.006951935462820025,-0.0019019562812800928,0.005699815813343889
2012-03-08,0.009899448150315848,-0.0029551698206580213,0.010033186704287544
2012-03-09,0.0038603793325462377,-0.0007638116975128284,0.00663336021743266
2012-03-12,7.259328892139649e-05,-0.0002867801577393081,-0.007904687473264893
2012-03-13,0.017865424018397746,-0.007192934314615762,-0.016923177406092726
2012-03-14,-0.0010716961620786947,-0.01152142404157086,-0.016963750001679045
2012-03-15,0.005772738831076651,-0.0002918739358008793,0.009418404028558314
2012-03-16,0.001383637532728521,-0.00029257174239294415,0.0013648567003103906
2012-03-19,0.003912776145017283,-0.006156158383510579,0.0017962362702599322
2012-03-20,-0.0029152711480042726,0.0004896922349360011,-0.00907622449399792
2012-03-21,-0.0016391196683605003,0.005082700276436647,0.0004994807381013544
2012-03-22,-0.007229536625668054,0.0012660620983391269,-0.004002753243232071
2012-03-23,0.0032275242717636488,0.0036927430658799665,0.01220813304647983
2012-03-26,0.013937666764683776,-0.0011651121714884027,0.017611569127534032
2012-03-27,-0.00311192695883733,0.005521093842338232,-0.007080901307620735
2012-03-28,-0.004970971189890427,-0.0017402177693064402,-0.01065451794932315
2012-03-29,-0.0017099537158236089,0.004151798157518982,-0.0014250489249674203
2012-03-30,0.004127497990278783,-0.004925885737440794,0.0051947943274397446
2012-04-02,0.007288074801901523,0.002391731267035624,0.005045278224364402
2012-04-03,-0.004097395124883718,-0.007380342735890721,-0.018895974885956512
2012-04-04,-0.009960115747243314,0.0050567941863892685,-0.016903541070223405
2012-04-05,-0.0005005215093794035,0.004451126205220923,0.00697258675422141
2012-04-09,-0.011294594928432211,0.01018224805309309,0.006673391569320231
2012-04-10,-0.016927654958279525,0.004671869257170336,0.010796815836105367
2012-04-11,0.00806158555589409,-0.003907475877209521,-0.00018622949457292037
2012-04-12,0.012980765139319672,-0.0020069792947667864,0.010068896893171697
2012-04-13,-0.011959316339502202,0.006009491314889814,-0.011435703837607392
2012-04-16,-0.0006564749145887561,-0.00028463783908794227,-0.0024275594635376763
2012-04-17,0.014703680146686438,-0.0010473882605230855,-0.0013096363661055932
2012-04-18,-0.003385223012426941,0.001998120204656395,-0.005883121540853686
2012-04-19,-0.006441609389225,0.0011401632646403925,0.0007529342193191013
2012-04-20,0.0016685176121074008,9.495495209144167e-05,0.0006897239210807982
2012-04-23,-0.008444399929802948,0.0019923705175264317,-0.0029502294460597156
2012-04-24,0.003794398441972824,-0.0025621361466665604,0.001444833119036204
2012-04-25,0.013598941392674035,-0.0012363200806362329,0.002006723784330866
2012-04-26,0.006944295406551504,0.0033242391561891793,0.008794715591677438
2012-04-27,0.0016397040441740174,0.001042227966191689,0.0021711872276650723
2012-04-30,-0.003710929684665132,0.0008516098216899692,0.003093487493850411
2012-05-01,0.006201129133216021,-0.0018211489086983335,-0.0034653347638569088
2012-05-02,-0.0029887613651746747,0.0018967684844648502,-0.004535505137662987
2012-05-03,-0.007654865691041124,-9.492129977228814e-05,-0.010138997417698192
2012-05-04,-0.016289850990275134,0.003972055847796696,0.0031403115630244116
2012-05-07,0.0007296719839073873,-0.0002819135886973356,-0.002448592564865848
2012-05-08,-0.0040199438967780665,0.0022629262467797062,-0.019551224600228956
2012-05-09,-0.005949448107195998,0.0008478195907226649,-0.00985609662085185
2012-05-10,0.0020610769130309237,-0.0014133666120930144,0.0019402609012093563
2012-05-11,-0.0030190188144336716,0.0032930197956453355,-0.007848817296009614
2012-05-14,-0.011122931174024409,0.004406751593711178,-0.014628459435203744
2012-05-15,-0.005757926729260454,0.0002804492187706842,-0.010562401311462466
2012-05-16,-0.003832215382117532,0.0007475778879424411,-0.0018716500642463885
2012-05-17,-0.014942027656167589,0.0037303071252630104,0.022101053281684102
2012-05-18,-0.008595613174366079,-0.0006517732991531133,0.01138779161955572
2012-05-21,0.017042109020953156,-0.002611252054363078,0.0006467713402269482
2012-05-22,0.0017413005643591717,-0.0021503874636703557,-0.016757749444190395
2012-05-23,0.000529250491492661,0.002617548490768229,-0.003029351796368651
2012-05-24,0.001963792004584519,-0.002149772902703795,-0.0013859452168922815
2012-05-25,-0.0032499180582954423,0.0028959000090456044,0.008352766698997982
2012-05-29,0.012039531711226736,-0.0008396393689729109,-0.010931873240010326
2012-05-30,-0.014616756841734357,0.009477552618102791,0.005875957660694375
2012-05-31,-0.0022029705802459887,0.003878097061955188,-0.0019109059027897501
2012-06-01,-0.025499384758469468,0.008552492752383678,0.03804809984180757
2012-06-04,-0.0004684495432396574,-0.005780362085920032,-0.001143464145896722
2012-06-05,0.007543755509088257,-0.003318141578590783,-0.001144870256241326
2012-06-06,0.02221984950123357,-0.006576363453760337,0.0004454100462343291
2012-06-07,0.000606216541257254,0.0024133125683478696,-0.017388437571983495
2012-06-08,0.007919839109894689,0.0007413206467070665,0.0014875385514176998
2012-06-11,-0.012778553448057117,0.0026827501025943334,0.004063373582424035
2012-06-12,0.011425280066249321,-0.005372522990212403,0.007055420696368664
2012-06-13,-0.00641553168879927,0.005280991290987025,0.004209384361180568
2012-06-14,0.010544885220964417,-0.002683382450026528,0.0040016878921314
2012-06-15,0.01017536116670481,0.004621197324946813,0.0005703370916343431
2012-06-18,0.001936239745809587,-0.00027719180070651106,0.0005700119926439484
2012-06-19,0.009625861209087816,-0.0034184035259912093,-0.00488743251355217
2012-06-20,-0.001622048270221832,-0.002038326959289627,-0.0076007291017896605
2012-06-21,-0.02269427925359313,0.002130888312983359,-0.025651569647767936
2012-06-22,0.007672345767150368,-0.004358605571344043,0.004070084458850154
2012-06-25,-0.01616493652943607,0.0054680956149573134,0.007310705795067207
2012-06-26,0.005013189933172235,-0.0022204056656143223,-0.007441769628189654
2012-06-27,0.008976186625028859,0.0013891272125379217,0.0013750646525156895
2012-06-28,-0.0028576340378894116,0.0032323054179919097,-0.01171527648442705
2012-06-29,0.024620995002603507,-0.0046214326305298314,0.02703926037894977
2012-07-02,0.0030073611724397153,0.004627972572359695,-0.0006446184566977209
2012-07-03,0.006572100117677948,-0.002495879735523232,0.015165930436317865
2012-07-05,-0.004522523640454246,0.0026807115809024396,-0.011368929003809924
2012-07-06,-0.009549074057574103,0.0035028383321282774,-0.012734817475435811
2012-07-09,-0.00125546246211794,0.002757763478708597,0.0021445114458558123
2012-07-10,-0.008758321321683304,0.0004579972911669117,-0.012345429133628905
2012-07-11,0.00014914719481762262,-0.000917351655000509,0.005505759456807979
2012-07-12,-0.0048567761406861365,0.0022928523949978796,-0.0026180337806911425
2012-07-13,0.016638593582299244,-0.0008249206451900193,0.010106714486149748
2012-07-16,-0.0023602235882966838,0.0021980557242144982,0.0004540770166103769
2012-07-17,0.006843917932030763,-0.0025651709327645378,-0.004810237265714612
2012-07-18,0.007379604302009568,0.0010087895539365732,-0.0027404308099869823
2012-07-19,0.0026169472052171017,-0.0014671805065882282,0.002153848840419137
2012-07-20,-0.009190396966689107,0.003937843724501455,0.0018888999802886275
2012-07-23,-0.010163690357694932,0.0016433757428711004,-0.004173461525684985
2012-07-24,-0.008623968517243341,0.00191467058103445,0.0031969069033825903
2012-07-25,0.0002240269044984089,0.0005466197780394921,0.013907490755906693
2012-07-26,0.016363035064142828,-0.0031000442054391897,0.007041420048144786
2012-07-27,0.018265221275194143,-0.007238056323053854,0.00489956132478131
2012-07-30,0.0,0.0032134034615411977,-0.00069848315538934
2012-07-31,-0.0070193671234575206,0.001739535404876591,-0.005988723225470061
2012-08-01,-0.0008717051480937599,-0.0036544218822154306,-0.00866421414888574
2012-08-02,-0.006928804938134192,0.002388790104556726,-0.006531497290067634
2012-08-03,0.019639395979939245,-0.0052438433830879205,0.009170809124330326
2012-08-06,0.001935325549220046,0.0006458320854019206,0.004810013989643203
2012-08-07,0.005001161389799336,-0.00526836297801303,-0.00012799457656331725
2012-08-08,0.0012110308566528616,-0.0013908590947551147,0.0012789166070783509
2012-08-09,0.0008533731367643682,-0.000742551080643139,0.003253965059812458
2012-08-10,0.001634744387271958,0.0028742830831296473,0.0012094547976166936
2012-08-13,-0.0004973081460386553,-0.000648185599091633,-0.007599660994753066
2012-08-14,0.00014205406189660152,-0.0049237232962449085,-0.005528431293767788
2012-08-15,0.0011359826590195965,-0.005040817447521384,0.0032179200395558993
2012-08-16,0.007351228095504148,-0.002435881777903326,0.005957880902347057
2012-08-17,0.0013371190695101731,0.0012182928689821182,0.0010214739315967947
2012-08-20,7.080403733716878e-05,0.0005623880230034572,0.0034396702075536467
2012-08-21,-0.00302927975958589,0.0008426002906407604,0.00993400774254738
2012-08-22,0.0004231266487755292,0.007736805729286367,0.010708631507447386
2012-08-23,-0.008212347307128276,0.0017620551652566263,0.008373997600347849
2012-08-24,0.006024194553146067,-0.0004631694357053462,0.0004940519516534181
2012-08-27,0.00021216561272296985,0.002592240247615507,-0.0037732430064041367
2012-08-28,-0.000989597277984977,0.00037036261153300387,0.0017337390057781121
2012-08-29,0.0007774316652620072,-0.0006477436515659463,-0.00651712616497413
2012-08-30,-0.007233691436472789,0.0018487474280002303,-0.000435938254212509
2012-08-31,0.00475743698906772,0.006443116774356383,0.02278842769888989
2012-09-04,-0.0009211520856196032,-0.0022897938394104145,0.0015819565772519084
2012-09-05,-0.0008515205979824358,-0.00036819319981518106,-0.0010340836860329716
2012-09-06,0.020093416480802873,-0.006839993940563005,0.0035237086061066236
2012-09-07,0.0038875651186707216,0.0012967261195475643,0.021301036576637067
2012-09-10,-0.005697566693237732,0.0004634028438772475,-0.006850824577862014
2012-09-11,0.0027835640923896676,-0.0018538417278994856,0.0036397345213226018
2012-09-12,0.0033299332000016335,-0.004928567901192338,0.0001191368766439993
2012-09-13,0.015121503989535157,0.0028857025136472814,0.019987101882922964
2012-09-14,0.004424106034743858,-0.009432427163170054,0.002856260822614587
2012-09-17,-0.0034012516209314114,0.002062303010291089,-0.008182448737127146
2012-09-18,-0.0008185049814111167,0.0025242701775782805,0.007716671888582383
2012-09-19,0.0005456339126892473,0.0023326407019750306,0.00011648676464570684
2012-09-20,6.842364715975435e-05,0.0005591024095252806,-0.00157340591988131
2012-09-21,-0.0004183060826719043,0.0021397879071045622,0.0028535993614635657
2012-09-24,-0.001509358503304803,0.0022283280120936055,-0.005306001406337302
2012-09-25,-0.010698937643799589,0.0037024973819974605,-0.0016382823469838215
2012-09-26,-0.005636864914962736,0.004148248717741332,-0.005637496337022263
2012-09-27,0.009376865077175722,-0.0021180192109353513,0.014789097981363852
2012-09-28,-0.004642596623953388,0.0,-0.002614514773052079
2012-10-01,0.002636381789398179,0.0018536553396151234,0.002324330786665385
2012-10-02,0.001038160580312919,-0.0006453910254489159,-0.001103325893474505
2012-10-03,0.004074682748906433,0.0010140671979588234,0.0017996437460308101
2012-10-04,0.007142366142756096,-0.003969235256000125,0.006936025341043539
2012-10-05,6.872304832672427e-05,-0.004541331951527283,-0.005718789264474999
2012-10-08,-0.003427203016512337,0.003246336875440292,-0.003307468523918722
2012-10-09,-0.009936841224135406,-0.0020391150999650165,-0.006180042594964519
2012-10-10,-0.0064005609797952445,0.0024090243103378484,-0.0008776828487819799
2012-10-11,0.0005582202256517732,0.0009250858657141592,0.0028057709614905946
2012-10-12,-0.0032839220195057806,9.263413808557885e-05,-0.007381893897354885
2012-10-15,0.008293528078241685,0.0002780426658084423,-0.01010611973949782
2012-10-16,0.010082696980996175,-0.0047264838045286695,0.006335646333618605
2012-10-17,0.004524203408650784,-0.006335573981928633,0.0007080193841471072
2012-10-18,-0.0026023158532355595,-0.0017776235377908733,-0.004433548655383923
2012-10-19,-0.016805132310852677,0.004204802263453544,-0.010841136052605727
2012-10-22,0.00013973021565760746,-0.00336279487014135,0.003646697239813257
2012-10-23,-0.013973556694931943,0.004760507998763153,-0.012912759766492421
2012-10-24,-0.002832127700854059,-0.0021439919622796566,-0.003451467757775717
2012-10-25,0.0029030026715517465,-0.0036460454473088433,0.007011656174181979
2012-10-26,-0.0005660452910714042,0.006348576110828397,-0.0005423202272236693
2012-10-31,0.0,0.0040863818354131,0.00540937230887284
2012-11-01,0.010415986291112844,-0.0019974767364283608,-0.004565910521291627
2012-11-02,-0.008931688732755738,0.0008368243616949655,-0.021116195671156746
2012-11-05,0.002047080686581104,0.002412211824410093,0.0038669883407536076
2012-11-06,0.007794743881188282,-0.0045518243259934366,0.01863318155834115
2012-11-07,-0.022924634860674864,0.008345903376072883,0.001141876000917641
2012-11-08,-0.012097126921459811,0.0044231605047651,0.008969205970755567
2012-11-09,0.0008691555166846499,9.120367242942962e-05,-0.0010124664362507474
2012-11-12,0.0007957012812624953,0.0006439962515436548,-0.0022072390699001687
2012-11-13,-0.0034776880122873166,0.0011932513031736036,-0.0020923088878497254
2012-11-14,-0.013590291020533662,0.00027552897223692696,0.00023930879407796368
2012-11-15,-0.0016937546008382043,-0.00045913041773015806,-0.006301992859589767
2012-11-16,0.004925404301117098,0.0006417927776949384,-0.0012651232479692354
2012-11-19,0.020036770183122776,-0.0020189274467448115,0.011925176433462248
2012-11-20,0.0004312675052000614,-0.004145017736798984,-0.0028634257792106155
2012-11-21,0.0018662864417757774,-0.001477694012724129,0.0010150660402494793
2012-11-23,0.013532788060504508,-0.0005543994407490871,0.012160205973812843
2012-11-26,-0.0021242247668391556,0.001663233118269325,-0.0010618685408747552
2012-11-27,-0.005118045991850728,0.002305651823457211,-0.0042585145282361125
2012-11-28,0.008020568851373255,0.0012881608907120423,-0.012885721450134113
2012-11-29,0.004654387490119483,0.0010117113150043267,0.003775449497570804
2012-11-30,0.00021122246184024362,-0.0001844424774537501,-0.006782066259329866
2012-12-03,-0.0049364014802746325,-0.00039517163800706356,0.00048167758860007126
2012-12-04,-0.0014148975765868599,0.0017476258338291473,-0.010346525202362677
2012-12-05,0.0017681213558651265,0.0008267979524942959,-0.0018262807650328838
2012-12-06,0.0033866595353400086,0.0005504077804081575,0.0023127323829195134
2012-12-07,0.003023842303259805,-0.002849118383238647,0.004004152985563891
2012-12-10,0.0004210649214364537,0.0009201754891270397,0.0038675379164638812
2012-12-11,0.006785685103544381,-0.0019329567715296037,-0.0009051692074031337
2012-12-12,0.0004878896415583256,-0.004247042239030385,0.0007242193101495431
2012-12-13,-0.006150493005655733,-0.0019449510911160317,-0.008481356697993547
2012-12-14,-0.003723487633577882,0.002223285371807826,-0.0014611280186986875
2012-12-17,0.011684272487738845,-0.00528683341356917,0.0018869503829597178
2012-12-18,0.011066780649442443,-0.003913763922958502,-0.014455725078867054
2012-12-19,-0.007456736449131363,0.0013994010254831935,-0.0024091149465750306
2012-12-20,0.0057357255681882435,0.0006525255523719409,-0.012196073797179352
2012-12-21,-0.00911853612116964,0.002697818658042195,0.003749339567436394
2012-12-24,-0.0030858209382058632,-0.0010225766686602356,0.0018070937392540287
2012-12-26,-0.0042241989909150846,0.0020569720862315677,0.0009956669468955681
2012-12-27,-0.0013417523557199829,0.0020421160419621387,0.002360719739152195
2012-12-28,-0.01086642211068689,0.0023161221425427314,-0.003854592163680337
2012-12-31,0.016853348122774392,-0.0052884733112099624,0.009176719889400609
2013-01-02,0.02530692485968533,-0.004569505722826328,0.0070727801089134346
2013-01-03,-0.0022615876943952173,-0.005152957556160409,-0.012146779740191072
2013-01-04,0.004382019258554415,0.0004695759086468243,-0.004725755022232825
2013-01-07,-0.0027362065756575404,0.0005632777210786699,-0.0063151476395502115
2013-01-08,-0.0028817212025167294,0.0024371459406378193,0.007062780803268609
2013-01-09,0.002539028457040793,0.0005613007593767705,-0.0004360197219952511
2013-01-10,0.007917889746311246,-0.0029046302233881605,0.009241174883853454
2013-01-11,-6.754165114575272e-05,0.0031851141977607966,-0.005695893235337479
2013-01-14,-0.0006805700780168067,-0.000374221613998138,0.002975797243476741
2013-01-15,0.0006805700780168067,0.0024302784077914197,0.006294400919113485
2013-01-16,-0.0001364689577210143,0.0013058433084642829,0.0005534660222785703
2013-01-17,0.0064398227480237935,-0.00457851182379887,0.004294560017826576
2013-01-18,0.0022271324111313717,0.002806337040868634,-0.00159300219743308
2013-01-22,0.005379197972405159,0.000839259416608229,0.003550021116017099
2013-01-23,0.0016077407244017294,0.00046661463743724596,-0.0028144380313381845
2013-01-24,0.00026810217998285424,-0.0016801765341751818,-0.011028103746167695
2013-01-25,0.005606060370710431,-0.006655827991698615,-0.004781604983568499
2013-01-28,-0.0011987700752191799,-0.0020707652295186563,-0.0022434148172019164
2013-01-29,0.003924030730182437,-0.0015086380849753667,0.0043576526233159996
2013-01-30,-0.003924030730182437,0.0005662008833136056,0.00742621717699965
2013-01-31,-0.002468343371485382,0.0008479219434365248,-0.006122691411325043
2013-02-01,0.010234498262065017,-0.0034026519977432557,0.0015496671610710777
2013-02-04,-0.011304295585799373,0.0057594586759188715,0.0034008569302850233
2013-02-05,0.010047487911656994,-0.0035838820849356523,-0.0002469026145641706
2013-02-06,0.0007279752222464353,0.0030191046552694445,0.0026514131006232233
2013-02-07,-0.0013239105311209087,0.00047125274197057365,-0.003392675486915131
2013-02-08,0.005548279107823184,0.0007529022405590169,-0.0016696396112383383
2013-02-11,-0.00019716021628912728,-0.0010359575456666548,-0.011641494508639383
2013-02-12,0.0016458387475584146,-0.0010368373649836116,0.0011890388683575281
2013-02-13,0.0008548653349764734,-0.0034945850358720776,-0.005267437597442637
2013-02-14,0.0009198707452453547,0.0042484813079450845,-0.004410825853454092
2013-02-15,-0.0011827652467797378,-0.0009415108053874022,-0.016491485732013977
2013-02-19,0.007466764045259033,-0.0016045735580201281,-0.002764428009122355
2013-02-20,-0.012541905255093688,0.0021693530936293115,-0.025362374765629525
2013-02-21,-0.006097451161157785,0.0019776159966466977,0.007761616845874286
2013-02-22,0.009725277782678177,0.0012221199384665482,0.0022906918469711712
2013-02-25,-0.019210472441752557,0.007674220023232259,0.008916105586720846
2013-02-26,0.006822438137183973,-0.0018670120884491936,0.012107340694240243
2013-02-27,0.01251952247349486,-0.00046631020495002673,-0.01061816244744751
2013-02-28,-0.001976864975373971,0.0014010701125846126,-0.01020919415626853
2013-03-01,0.0032926913947619596,0.002490990055437514,-0.0036668293712533995
2013-03-04,0.005310959040844665,-0.0023322822542120036,-0.0009188120822605228
2013-03-05,0.008918626040321342,-0.001028534952294713,0.0005251531495993333
2013-03-06,0.0013599648564976974,-0.0031841610969873813,0.005562599618897934
2013-03-07,0.0018105176903668863,-0.0038535372258658995,-0.003530294522698263
2013-03-08,0.0042551430527133505,-0.005098686081717041,0.0001310037451860424
2013-03-11,0.0037889711640408663,0.0004735064370349207,0.0018318537547603597
2013-03-12,-0.0022455804251908518,0.002739728007786546,0.00781302833234676
2013-03-13,0.0014117969199869407,-0.0008489139856946437,-0.0034432307449767663
2013-03-14,0.0053101180325123565,0.00028266238977092684,0.0001300775293699985
2013-03-15,-0.0013209601575372432,0.00348759539040433,0.0020801316122227576
2013-03-18,-0.005534134336362406,0.0032868358792805807,0.008921158533619078
2013-03-19,-0.002325908638816543,0.00308935928958487,0.004494947099121127
2013-03-20,0.006961067543921118,-0.003839822276182403,-0.004559370369457305
2013-03-21,-0.008578957751669058,0.0026235816640891585,0.0056479509395988
2013-03-22,0.008000644269312573,0.00037470425721952694,-0.004490045653721353
2013-03-25,-0.004185968751444946,0.00074783185728311,-0.0019949010771060927
2013-03-26,0.007970671035635313,0.0010279578165164338,-0.003355302290943385
2013-03-27,0.0,0.00428658872636678,0.004127968876901811
2013-03-28,0.003068801163909285,-0.0018613767226884903,-0.00587460886592428
2013-04-01,-0.003965397292557071,0.002654946047352169,0.0014234036058695665
2013-04-02,0.004922000666534032,-0.001955804364686564,-0.014588376987558327
2013-04-03,-0.010190603819369315,0.0041858579326783385,-0.011215297746717923
2013-04-04,0.00405030963888553,0.0039839698976198434,-0.0029234122040566746
2013-04-05,-0.004501310426999083,0.0031391071778203994,0.016628587367167214
2013-04-08,0.006744604497796125,-0.0032313873251910152,-0.004262680775851457
2013-04-09,0.0034508170446132524,0.0003698303340877729,0.007725031383894354
2013-04-10,0.012174262114715617,-0.004168020622416613,-0.017034818641169736
2013-04-11,0.0032719034629487,0.0011127267273893793,0.0019880924290127666
2013-04-12,-0.0024534654924774912,0.005548077524764494,-0.048144932178247224
2013-04-15,-0.023446006991861168,0.002209940415338174,-0.09190507457983799
2013-04-16,0.014655168242510896,-0.0028552415024689637,0.01128333874421461
2013-04-17,-0.014719542066508495,0.0018430333610748306,0.0005269098319828913
2013-04-18,-0.006273595891308936,0.0005525418604825916,0.010704956398210008
2013-04-19,0.008655747603737218,-0.0005525418604825916,0.008674096350889116
2013-04-22,0.004428499069595304,0.0005525418604825916,0.017778517935289173
2013-04-23,0.010256276438354028,-0.0006441722576369102,-0.0074240752826577605
2013-04-24,0.0006336948995766534,0.0004597729761295355,0.010826556137055299
2013-04-25,0.004045393522528862,-0.001105403510878844,0.0232868363089338
2013-04-26,-0.0017678463190415883,0.0035881972935349893,-0.005096643006130996
2013-04-29,0.00667614512880732,-0.0003672295229542044,0.009816111845741382
2013-04-30,0.0023824633075628654,-0.0001843270932013752,0.003297447184859692
2013-05-01,-0.00880592796573687,0.0032614419240468706,-0.011695241331580064
2013-05-02,0.009244464802387498,0.0,0.005723773264219467
2013-05-03,0.010089939022568828,-0.008564641663366679,0.0011971282175666786
2013-05-06,0.0025374743128887545,-0.0012955428743222086,0.00042216128304417566
2013-05-07,0.0050560665415266826,-0.0013904163894356003,-0.012529729074763907
2013-05-08,0.004539936528413335,0.0012052153420354372,0.01470823959319656
2013-05-09,-0.0028195709108693734,-0.0001857113361074525,-0.011649859087373926
2013-05-10,0.003248342045568897,-0.0056675673675998794,-0.00863021254118923
2013-05-13,0.0007954676319075205,-0.0017709909450269734,-0.008416504259273871
2013-05-14,0.01028078036838842,-0.0040218964789895395,-0.0044888226191428515
2013-05-15,0.0053719558263019,0.002619899228970546,-0.023345595911786532
2013-05-16,-0.00470660367522413,0.004755810402462757,-0.004019122278807075
2013-05-17,0.009631016518293123,-0.005410550448188722,-0.02277960146905933
2013-05-20,-6.004493975986236e-05,-0.0007479752620858093,0.030431648851024562
2013-05-21,0.001435964979727089,0.0026175797640277665,-0.01671673431161569
2013-05-22,-0.007444905643647637,-0.00796707533369645,-0.007099209752431612
2013-05-23,-0.0028967743082937147,0.0010347523338190001,0.020034420891586358
2013-05-24,-0.0008469143365807952,0.00037577126624466217,-0.00633460492114768
2013-05-28,0.005971138174482249,-0.011815118980831762,-0.002020498451057229
2013-05-29,-0.006515498992534674,0.004080280214355803,0.009988129408434077
2013-05-30,0.0036853954144584478,9.418784156789428e-05,0.013773982178960864
2013-05-31,-0.014456114333694536,-0.0027494951170137227,-0.020546128336998315
2013-06-03,0.00549105770460212,0.0014445736318968727,0.019155238706458633
2013-06-04,-0.0048183451795917875,-0.002567100979399939,-0.009420830883637876
2013-06-05,-0.014099749938476513,0.004842963268966827,0.0021422615389319333
2013-06-06,0.00901207254232439,0.0012304093901542856,0.0074250993255775555
2013-06-07,0.012640169696427783,-0.007788148226592462,-0.024092192496150133
2013-06-10,0.0,-0.0024822969538558226,0.004939787449919741
2013-06-11,-0.010368498868398746,0.0024822969538558226,-0.005164893663560655
2013-06-12,-0.008312234849017663,-0.004490644714089775,0.007476670343019798
2013-06-13,0.01509446720980634,0.0075374948468773795,-0.0038060756896864945
2013-06-14,-0.006292105591064079,0.001330010258864256,0.005145905283358232
2013-06-17,0.0076918156335752386,-0.002376525732896262,-0.004921623736294123
2013-06-18,0.007874697376561102,-0.0005711020475844819,-0.012335615865618266
2013-06-19,-0.013913345736748184,-0.01380492162990965,-0.01172370719121929
2013-06-20,-0.025090520025085716,-0.0045469907009465516,-0.05501208351122244
2013-06-21,0.0032049101371365296,-0.010627112986972165,0.011663149049637056
2013-06-24,-0.012716527815357814,-0.0024536182920744665,-0.00899678918866087
2013-06-25,0.00956867909621284,-0.0011790024355109452,-0.00371867107297863
2013-06-26,0.00985211173779188,0.0040246858140031705,-0.042943536802465765
2013-06-27,0.0058524650581164295,0.005374140129976723,-0.019981847694739763
2013-06-28,-0.004105272518264869,-0.0011701462296844767,0.0269746040479939
2013-07-01,0.0058421604633593915,0.000381060697610458,0.016816885336968568
2013-07-02,-0.0009297969787409599,0.00039111932514401815,-0.008955978266061315
2013-07-03,0.0004340364406196784,-0.0019547225887155406,0.005731107587480189
2013-07-05,0.010730955810334564,-0.016966609083364226,-0.02219244107344842
2013-07-08,0.005688553832235321,0.005852461799119801,0.011953053151682269
2013-07-09,0.007171563453688634,0.0016796210148894986,0.009245063039677426
2013-07-10,0.0003634922694795151,-0.003561174624795882,0.0027320810310946797
2013-07-11,0.013528893281765875,0.009958867497284807,0.026837949821574725
2013-07-12,0.0004175495628073733,-0.000785302177510161,-0.0008857802448476448
2013-07-15,0.003813607469848712,0.003136512269534819,0.0004027469930765193
2013-07-16,-0.0037536309969654624,0.0004894494954204021,0.00570121659360634
2013-07-17,0.0025634685427275983,0.004392601711706412,-0.01265074444459735
2013-07-18,0.005462763826725947,-0.0046862827732789825,0.005579624197673105
2013-07-19,0.0017749424195514507,0.0054655150464633095,0.008831130466870896
2013-07-22,0.001948961966826701,-9.71464090904206e-05,0.029377940831470717
2013-07-23,-0.0021261345061773795,-0.0011688902892510455,0.006729945073880472
2013-07-24,-0.003672450411312589,-0.006746456873994333,-0.017341725231021954
2013-07-25,0.002430236531040464,0.0014696771651765417,0.009291457084115606
2013-07-26,0.0010647849044174151,0.0008815329268481165,0.0008545396647843262
2013-07-29,-0.0030800342979420137,-0.0020568806955001406,-0.0024100890856848523
2013-07-30,0.0,-0.0002943293965245175,-0.002728136915658652
2013-07-31,0.0007117150533906269,0.0006861315421584635,-0.0012495787031889805
2013-08-01,0.011492035382107524,-0.008865107142521644,-0.010606207573641058
2013-08-02,0.0016979062887081398,0.008482049114897805,-0.001976519588740011
2013-08-05,-0.0014638983317043497,-0.0031473891982445323,-0.005236889446046611
2013-08-06,-0.005698175265061778,0.00029536921769945934,-0.013858480621278702
2013-08-07,-0.003245896776070012,0.0036369703933081254,0.0014509135479645607
2013-08-08,0.0036583743170242045,0.0014718908141571063,0.021593596772190082
2013-08-09,-0.002890022977405593,0.0006859813327819708,0.0
2013-08-12,-0.0011820033930467488,-0.0019605509844176083,0.017735565654739993
2013-08-13,0.002952336887100948,-0.00906746275393111,-0.01082275526153964
2013-08-14,-0.005142806486762019,0.0008904315160185305,0.009815472951498982
2013-08-15,-0.014084673501065126,-0.005555446899419003,0.02063828989949723
2013-08-16,-0.003311360307669098,-0.003886390333923906,0.006735556363017814
2013-08-19,-0.006412443779615806,-0.00430400100401318,-0.004308614943246525
2013-08-20,0.004904002724809509,0.005401255399437588,0.0033275569963091556
2013-08-21,-0.006179877389325128,-0.006304222169513984,-0.0028730521644417806
2013-08-22,0.009074636636589695,-0.00040153475587523246,0.005587376516652753
2013-08-23,0.0033660530674630706,0.0056085025299648095,0.01561420093950705
2013-08-26,-0.0037277552722203566,0.0019947530914627976,0.004068828031624783
2013-08-27,-0.016215087666298977,0.005665224709031413,0.009551895301497915
2013-08-28,0.0035450511855179556,-0.0040720989127613905,-0.00029249824790511525
2013-08-29,0.0015848826217883527,0.0009950648073671076,-0.006163432755339038
2013-08-30,-0.0031726299080245823,-0.0018908284190990443,-0.009242551987357572
2013-09-03,0.004511841050929277,-0.005691469265010518,0.013282390492897811
2013-09-04,0.00823916240844369,-0.003315719116145921,-0.012985238492023932
2013-09-05,0.001265916770003983,-0.00767865487559849,-0.018437205979178195
2013-09-06,0.0004821274776061202,0.006066880133919206,0.014642627040753808
2013-09-09,0.009530148692925344,0.002014107247413577,-0.001790571518921702
2013-09-10,0.007370133883457086,-0.004638226522288846,-0.0163376349454607
2013-09-11,0.003133346656010616,0.00504060273652307,-0.0003037393323612747
2013-09-12,-0.00265986321218481,0.00010090268868978569,-0.031077790087025825
2013-09-13,0.0022467484010082472,0.0013063969452620228,0.0011742263444238787
2013-09-16,0.0057709276431152645,0.002207228557076668,-0.010776072852725527
2013-09-17,0.00445236308539787,0.002001191358419696,0.00039535918570798856
2013-09-18,0.011507702301656764,0.012324140410659545,0.04263532751336552
2013-09-19,-0.0016775051405586439,-0.003463867655653985,-0.001971448259468822
2013-09-20,-0.007015561383614255,0.0009913494871103268,-0.029188479494947295
2013-09-23,-0.004638488782359396,0.0037555294020394925,-0.003209239412731435
2013-09-24,-0.002356378619239763,0.003642755953992882,0.000862040000545683
2013-09-25,-0.002894350256123168,0.002748925901535415,0.008812610259893106
2013-09-26,0.003837746657831431,-0.0021587463394974193,-0.007794819989308088
2013-09-27,-0.004607066555943895,0.001374496346907783,0.009191529856392044
2013-09-30,-0.005342476458729983,0.0016660593686763647,-0.006144359705341884
2013-10-01,0.007884524493169565,-0.002229050437202673,-0.028407152018487203
2013-10-02,-0.000945235539340672,0.001669900498684207,0.019631079706306842
2013-10-03,-0.009263428765658333,0.0013730920091159504,0.0009440116150258859
2013-10-04,0.007548111943023628,-0.0027480719925572217,-0.005123983685185962
2013-10-07,-0.008682974274578648,0.0008838393334835715,0.00873437207458938
2013-10-08,-0.011714413742272,-0.0004905801890373596,-0.0018820415130882395
2013-10-09,0.0007251147086169141,-0.001770232703573349,-0.010177208307516672
2013-10-10,0.021328714098926227,-0.002166618749568805,-0.01469795600294077
2013-10-11,0.006422528900706048,0.0014779226534038514,-0.013529579748560394
2013-10-14,0.00398567382972459,-0.003353630030284549,0.001874289402112872
2013-10-15,-0.007280377021597673,0.00019766699586476477,0.007300498898775487
2013-10-16,0.01386950603789927,0.00482892095703491,-0.0015368016784753635
2013-10-17,0.006660786750622094,0.005685464280269059,0.030923704639582716
2013-10-18,0.006731928728095582,9.73365586816044e-05,-0.0044834283018238
2013-10-21,5.743948564429502e-05,-0.0006838502039050454,0.0010243461627261752
2013-10-22,0.005774527527488971,0.006920821371371844,0.01841494752561257
2013-10-23,-0.004800621699930119,0.0017457986232543021,-0.005038137227834305
2013-10-24,0.003317219919437342,-0.0020377059772052064,0.00935844621349613
2013-10-25,0.0045571674587217,0.0017471985142352153,0.0043018411406920976
2013-10-28,0.0015898139995318417,-0.0009701898829090894,0.0007661546853192647
2013-10-29,0.005319997996502401,0.001358140925999507,-0.006069186843828511
2013-10-30,-0.004979652153284775,-0.002621520641270081,-0.0013108546592706105
2013-10-31,-0.0028396533557062398,-0.0011670650832034113,-0.0144558996030284
2013-11-01,0.002386370466282983,-0.005561337175847392,-0.006203647298539394
2013-11-04,0.0035118366156545733,0.0019583742141922045,-0.0011034001172998131
2013-11-05,-0.0031717746179484863,-0.0045107486624171855,-0.0019733992654948906
2013-11-06,0.005092873045001944,0.003042227868863101,0.005044142185376188
2013-11-07,-0.012724044797173484,0.0026412889847780008,-0.008209655231932622
2013-11-08,0.0134012244777022,-0.011300656978789902,-0.015013896979636954
2013-11-11,0.0001690631072390758,-0.0004938125509799107,-0.0033044239634358874
2013-11-12,-0.0020323582867325385,-0.0008901630722748521,-0.011529892263514085
2013-11-13,0.00799214241929036,0.00414739864372482,0.0032613280708257975
2013-11-14,0.004977224823303317,0.0048170912976086555,0.011492504258155734
2013-11-15,0.00434182331774835,-0.0007842072308070769,0.00040229335990016324
2013-11-18,-0.003505594899697151,0.0035270887847111965,-0.01148785517697437
2013-11-19,-0.002175755860255535,-0.0037236867603853696,0.0004067148534696585
2013-11-20,-0.003133160946930502,-0.005512650554129195,-0.023286477860624544
2013-11-21,0.00803636484174941,0.0008877661946513626,-0.001499627884855137
2013-11-22,0.004989879586647206,0.002855965216830292,-0.0001667995702190339
2013-11-25,-0.0009957343933653107,0.0007863501561988784,0.004492901489941303
2013-11-26,0.0002763022516818481,0.0021604786954680932,-0.005327125906488206
2013-11-27,0.002432690090316214,-0.002258688597337688,-0.0030090344685493875
2013-11-29,-0.0006628552212628591,-0.0005900631023951775,0.010326523179381653
2013-12-02,-0.00260012456244052,-0.004303392427864594,-0.02618913427270897
2013-12-03,-0.0043298342935012,0.0017788777861138527,0.003226607638787904
2013-12-04,-0.00011167350555574274,-0.004552864195279227,0.01681277006313131
2013-12-05,-0.004405023211258907,-0.0024826932414185876,-0.013934549467759183
2013-12-06,0.01111527243017818,0.0008948759047928689,0.0021110414726726034
2013-12-09,0.002538393684565321,0.0011909479076628315,0.009820854927032663
2013-12-10,-0.0035892495020046766,0.004159243893402831,0.01738884972238619
2013-12-11,-0.01129452303910039,-0.0038615518321449827,-0.007911686919718441
2013-12-12,-0.003307083436005165,-0.0028808355072191816,-0.021493611686152825
2013-12-13,-0.00011151975120426982,0.0014915206480052845,0.009172415436119685
2013-12-16,0.006212296830289787,-0.0004972296729448544,0.0025934275495753667
2013-12-17,-0.003185480951142239,0.00317558756406644,-0.008727091540916554
2013-12-18,0.016928434771646295,-0.0037715782250389296,-0.008803924689540388
2013-12-19,-0.0011563186105876255,-0.004186379288000808,-0.024008388970940153
2013-12-20,0.005799803893165922,0.0030912537013705332,0.009707154887455438
2013-12-23,0.005328345805948764,-0.003191409369366127,-0.0031964326223477
2013-12-24,0.0021889787858766496,-0.003902188282124186,0.004575471214311122
2013-12-26,0.005071304432616053,-0.0008644501824912609,0.005497345915553176
2013-12-27,-5.439469994161783e-05,-0.0006035072519559037,0.0032498521874089192
2013-12-30,-0.0001630993970467287,0.002712562515090333,-0.014881383746899957
2013-12-31,0.004721767048567749,-0.0045236356385025545,0.0063064728922821445
2014-01-02,-0.00963014568255982,0.0039209926001610995,0.016060461656273617
2014-01-03,-0.00016392872102954925,-0.0006021906279904954,0.010872886502992785
2014-01-06,-0.0029020286288989894,0.002808549239562197,0.001758860402907736
2014-01-07,0.006122953920727703,0.0016007416779002526,-0.00570663101235791
2014-01-08,0.0002179997159448277,-0.0049116486688571825,-0.005908660231013663
2014-01-09,0.0006533039168576948,0.002609101784754486,0.002874262992047072
2014-01-10,0.0027190149809834807,0.00838377917941191,0.015080740254614255
2014-01-13,-0.013394050714273575,0.0028776937381111978,0.006299710080651444
2014-01-14,0.010838807752954871,-0.0037727779424443497,-0.00938114282687419
2014-01-15,0.00537551196296171,-0.0008959871905460659,-0.0019202320624573943
2014-01-16,-0.0013005250726196849,0.002784357015576333,0.0010857988198340607
2014-01-17,-0.004238758910006801,0.002380149410170951,0.009471650934748332
2014-01-21,0.0029362334967091286,-0.0010903916115152512,-0.010223281251882987
2014-01-22,0.0006513725872840936,-0.0027800564559887775,-0.00426970809094307
2014-01-23,-0.008226904725447959,0.006738464332710414,0.021579378638349134
2014-01-24,-0.021566789451808788,0.004041286616319084,0.004097023071524042
2014-01-27,-0.004930988066011999,-0.0030540779983381228,-0.010935375825425808
2014-01-28,0.005937287280422865,0.0014786378605364803,-8.269303790786608e-05
2014-01-29,-0.009651789610473749,0.004718396043084105,0.012488900176089501
2014-01-30,0.010544541120909301,-0.0009813061043253413,-0.022292903069312864
2014-01-31,-0.0058757389337875665,0.003917871459293565,0.0026682222466369865
2014-02-03,-0.02276262632052184,0.0054218205940124164,0.010190249127034257
2014-02-04,0.006980209602887477,-0.0030249435852498507,-0.002723800407789412
2014-02-05,-0.0012545826247718495,-0.00362137772233595,0.002476499971910684
2014-02-06,0.013100147331914336,-0.0018645118247402337,-0.0004123452992867982
2014-02-07,0.012319845082114256,0.0026492310437422617,0.007641467858454654
2014-02-10,0.0018348403223429344,0.0004897150992668742,0.006120219937764126
2014-02-11,0.010884773944756176,-0.004416891146483692,0.011646867732522104
2014-02-12,0.0004941636845980923,-0.002363889825509169,0.0005627211416356914
2014-02-13,0.005150050442799703,0.004722204851533185,0.008482745858973573
2014-02-14,0.005503133369429314,-0.0006874002828824999,0.013141446769645349
2014-02-18,0.0011949987411545848,0.002452096684606886,0.001964251246385551
2014-02-19,-0.00664400229368578,-0.0019615741638041584,-0.008909310249907598
2014-02-20,0.005884188101742183,-0.0010800848553182973,0.01047791408716403
2014-02-21,-0.0011417266245352664,0.0012769626173980697,-0.0001567257863737126
2014-02-24,0.005531772949880498,-0.000982287359298617,0.010991291396995173
2014-02-25,-0.0003786620662582507,0.0034323041930024445,0.0017041151320098535
2014-02-26,5.410336035627239e-05,0.0029319208463878255,-0.008549765062402237
2014-02-27,0.0052334523486621265,0.0011717491756799703,0.0007022460492862592
2014-02-28,0.0025262214042189868,-0.0009761644338128761,-0.004534400720141107
2014-03-03,-0.007057105387549001,0.004933729830280065,0.020705563722893672
2014-03-04,0.013957731883115443,-0.007713295466066583,-0.012434038231916134
2014-03-05,0.0009063378177236459,0.001077874870815343,0.00163067722850041
2014-03-06,0.0022873285333755433,-0.0043185874678783875,0.009881951730484673
2014-03-07,0.00042496588629870047,-0.004335619433243565,-0.008331467261762704
2014-03-10,-0.0005309603221403947,0.0010858680893246486,0.00030987952174754696
2014-03-11,-0.00495482016019988,0.0009866475080624326,0.005637265108701328
2014-03-12,0.00026663294100615076,0.003933704772032698,0.014525092398289807
2014-03-13,-0.011276319331348539,0.005873966353838966,0.0034095741251416456
2014-03-14,-0.0028120323325344643,9.688840571886459e-05,0.006709152953836117
2014-03-17,0.009002851175782034,-0.004008500919852942,-0.011029851819063019
2014-03-18,0.007112541479811441,0.002446179358598144,-0.007778612345921587
2014-03-19,-0.005342724156279566,-0.009328885478398163,-0.019559193839779887
2014-03-20,0.005822536286228974,0.00019676853420147467,-0.0017971931407432251
2014-03-21,-0.003886347047717287,0.0018726034158342841,0.004759503433198198
2014-03-24,-0.004144071599514909,0.00039397981430333573,-0.01798596218413362
2014-03-25,0.0047348261868638275,-0.0005905794973770639,0.001821160116319831
2014-03-26,-0.007218426898691455,0.004225593284844287,-0.00794222244050502
2014-03-27,-0.0021106895055158503,0.000980255271166186,-0.0065600821195666015
2014-03-28,0.004917928901694069,-0.0035330470654679758,-0.0002408089919869738
2014-03-31,0.008161195161868307,9.809063502874693e-05,-0.007656055088047786
2014-04-01,0.00660880236629513,-0.0020704994687710254,-0.0017813868735334637
2014-04-02,0.0033410092798682456,-0.00435172086442126,0.007508818200658851
2014-04-03,-0.0013245075179870724,0.0006937873187702337,-0.00322270283206727
2014-04-04,-0.011892638098018438,0.006122887031928315,0.013227188238039034
2014-04-07,-0.0111128546259609,0.002359394811273674,-0.005269862274747794
2014-04-08,0.004114530967747498,0.0013741352787022265,0.009402401345719014
2014-04-09,0.010693307257808371,-0.00029427740643406253,0.0018224588899720118
2014-04-10,-0.021229638787625404,0.0042095261510413096,0.005447472804124054
2014-04-11,-0.009049627977708141,0.0020497843458997522,-0.0006300845312461334
2014-04-14,0.007847431550607631,-0.0015614296711348175,0.00722193399791049
2014-04-15,0.006864777681658829,0.0011709805788049366,-0.018631632703177026
2014-04-16,0.010422547448444064,-0.0015614478936214482,0.00039838308299611214
2014-04-17,0.0013960081795421075,-0.005682151972647986,-0.006312705550471698
2014-04-21,0.00348096662759545,-0.00019670154791739947,-0.004096572985582192
2014-04-22,0.004534601741051247,-0.0003922284028705647,-0.003709375196707221
2014-04-23,-0.0023448030685502275,0.0025518395328045784,-0.00016156292345392842
2014-04-24,0.002025099425013721,-0.0002938937139242981,0.006443284399614946
2014-04-25,-0.008232614539835481,0.001371754957316007,0.006960328544120209
2014-04-28,0.003162406569039433,-0.001470333196640361,-0.004394582256213475
2014-04-29,0.004644543077663599,0.0008827958877706266,-0.00016013969152073315
2014-04-30,0.0029782460626854856,0.002642339084742318,-0.005138917563783707
2014-05-01,0.00010624117104285347,0.0028749243236747546,-0.0033868120568971705
2014-05-02,-0.001435059481704748,0.0014636140435237976,0.01012621771606792
2014-05-05,0.0019123582604354539,-0.0005849721906781014,0.009232823210054697
2014-05-06,-0.008741671055841671,0.0011700936136760376,-0.0019032349869849696
2014-05-07,0.005871960103041474,0.0007796624296725341,-0.014471611157945041
2014-05-08,-0.0010652675005307088,0.001070443625917683,0.0
2014-05-09,0.0014910370090044367,-0.0007784354077626787,-0.0005638997673953483
2014-05-12,0.009688658890097734,-0.002632034313752918,0.006745961691050795
2014-05-13,0.0008953091379586553,0.003895863434506097,-0.0027250474989193307
2014-05-14,-0.004748566036126611,0.004559670774643365,0.009664218850403472
2014-05-15,-0.008819602462675213,0.00357373664797489,-0.008300797439581231
2014-05-16,0.003462837476507552,-0.0021237297883551776,-0.0021662996131937007
2014-05-19,0.0036624227880421856,-0.0012567396882268156,0.0006423786190596914
2014-05-20,-0.006325309671197488,0.002898522260505132,0.0008825820644808857
2014-05-21,0.008389525773313977,-0.0015447485306925302,-0.0024088902731866924
2014-05-22,0.002429138123039465,-0.001064284319611808,0.002248445354555706
2014-05-23,0.004000822418099403,0.0020297276131273634,-0.0012841805482510793
2014-05-27,0.00612770014477082,0.00028969456790761683,-0.021595283572805712
2014-05-28,-0.0007314319889184517,0.005485118002272138,-0.005348719092920895
2014-05-29,0.005159707146356496,-0.001247977185793836,-0.0021474734237063586
2014-05-30,0.0016099443279200543,-0.0007691784689036751,-0.004225901225547446
2014-06-02,0.001141362720213479,-0.004585748838063175,-0.006080086737565438
2014-06-03,-0.0005186309077336304,-0.0050454610631245345,0.0025865033749123967
2014-06-04,0.002020888899233242,-0.0007787906867839922,-0.0020853324948184593
2014-06-05,0.006501061013579168,0.0014596375291562325,0.007486945414296287
2014-06-06,0.004771290893116564,-0.0007779667002001389,-0.00041449870757492846
2014-06-09,0.0010230185808195458,-0.001459989943097817,0.0003316000625028792
2014-06-10,0.00010248398073642306,-0.0017554741863285983,0.006114693163497442
2014-06-11,-0.0034828575134344675,0.001365253586114612,0.00016477983735452284
2014-06-12,-0.007104913934377954,0.0038905829507340783,0.010079951867739467
2014-06-13,0.0030438331753748216,-0.0019432525495943764,0.0026058621978233276
2014-06-16,0.0008235737578461411,0.0,-0.004401351318836788
2014-06-17,0.0027755509849898274,-0.0041912814490796535,-0.0011442534259886727
2014-06-18,0.007313262871541326,0.005260542519221367,0.0031843210782076525
2014-06-19,0.0011204587814725997,-0.0025292071639198,0.03421674499309191
2014-06-20,0.0020277443349554503,0.0011681665114018358,-0.0034722449435067304
2014-06-23,-0.0003059622560561692,-0.0006817055872962996,0.0027629658487136055
2014-06-24,-0.006042271151159184,0.004081230578051986,0.0010243461627261752
2014-06-25,0.004509432017205661,0.0009692296700363201,7.870619988992189e-05
2014-06-26,-0.0007161680022091943,0.002611342794933691,-0.002049460796069269
2014-06-27,0.0019425700395547807,0.0,-0.000552505581640439
2014-06-30,-0.0005110326101114282,0.0007736794626422849,0.010836302664764652
2014-07-01,0.006671161639797418,-0.00327495080217588,-0.0026589235253347
2014-07-02,0.0010142567643196543,-0.004084062795268295,0.0
2014-07-03,0.004906402622587791,-0.002048352358519523,-0.004237574298798563
2014-07-07,-0.003487375510893287,0.002438263109718619,-0.001101636895383784
2014-07-08,-0.006450988262815649,0.004567079906967031,0.0003935853683652013
2014-07-09,0.004474313508641359,0.00019391299289051034,0.006041340057119093
2014-07-10,-0.0039652050435217134,0.0021301761444076917,0.005460634339477188
2014-07-11,0.001374770811062298,0.0016429032040656821,0.0018654249196528028
2014-07-14,0.0050226086522240365,-0.002223808242430181,-0.024048290991992793
2014-07-15,-0.001874526777284835,-0.0008707256166839983,-0.00951058070848898
2014-07-16,0.0036950190883784373,0.001451630655048497,0.0035270773350868367
2014-07-17,-0.011431450231245144,0.00578708750562118,0.01682174981323037
2014-07-18,0.010167156902278762,-0.0020213441407985755,-0.007582368755593372
2014-07-21,-0.0018730106514786016,0.00028875102027026145,0.0016635571611116617
2014-07-22,0.004348687514654337,0.0012513229290576078,-0.004760390518763202
2014-07-23,0.0022175354200300035,-9.541178093286362e-05,-0.0009547670752025894
2014-07-24,4.988452578746916e-05,-0.00405048041806122,-0.010161340911870376
2014-07-25,-0.004692222548022151,0.003857599017335289,0.011513699150427215
2014-07-28,0.0004044479515243893,-0.0011557470380711976,-0.0016708368622557757
2014-07-29,-0.00430633355924126,0.0013486284387971281,-0.003030585975809963
2014-07-30,0.00015197222840956925,-0.007050123423893773,-0.0029596079595899383
2014-07-31,-0.01994547295939153,-0.0002904582537315292,-0.011602760367427578
2014-08-01,-0.003060371279335783,0.005868327468109058,0.00799130762964051
2014-08-04,0.007194401417192076,0.0005789827680633408,-0.0031404736308626724
2014-08-05,-0.009742894636327826,0.0004820362744606399,-0.0009682492234865947
2014-08-06,0.0003118365208960583,0.0008679111911309434,0.014426758317503285
2014-08-07,-0.00542907438982887,0.004519446935836946,0.004050052304525487
2014-08-08,0.011502554039837243,-0.0008639958717679974,7.926565064675373e-05
2014-08-11,0.0028937459374223096,-0.00048034186472101226,-0.001824338047458518
2014-08-12,-0.001394139809551831,-0.001441929209360815,0.00023813280255602365
2014-08-13,0.006746110129532745,0.0032652906276364746,0.0016654041582135903
2014-08-14,0.004710701565386444,0.0020120649964745496,0.0008712575320020122
2014-08-15,-0.00020450158102391924,0.004010974086375185,-0.0065927733819828305
2014-08-18,0.008344502849236157,-0.0031506378615047126,-0.004152731310402835
2014-08-19,0.005205266992514446,-0.001051974510640541,-0.0022432214180039267
2014-08-20,0.0026679847837183246,-0.0029716821289369477,-0.0036962603887067402
2014-08-21,0.00291179627591287,0.0021091912705797355,-0.0108459499104816
2014-08-22,-0.0015553130536467563,9.710698512765958e-05,0.0025196517444801003
2014-08-25,0.005057553411000448,0.0007653838732295526,-0.0036596192356670443
2014-08-26,0.0006495894121805179,-0.00019129105539406055,0.0049575510486130625
2014-08-27,-0.0003998981114410327,0.0027722990289902327,-0.00024323006176274475
2014-08-28,-0.0005491421016357023,0.0013356186811659398,0.0054989650617534025
2014-08-29,0.002843957984134171,9.559256163349517e-05,-0.0011296651673688984
2014-09-02,-0.0004982068330967593,-0.006409887710388418,-0.018003818664947602
2014-09-03,-0.0005486214999219641,0.001440751020054698,0.004101728422874373
2014-09-04,-0.0014477169601319062,-0.0035568496243918446,-0.005500142384415874
2014-09-05,0.0044853581938006926,0.0002888884250005219,0.004763039303480099
2014-09-08,-0.002589211880413167,-0.0010598587786141422,-0.01095603196506545
2014-09-09,-0.006350779622200875,-0.0023158069293787165,0.0011589354452103962
2014-09-10,0.003755499244276095,-0.0025146718097257548,-0.005059527219948734
2014-09-11,0.0011486787822834188,-0.001260342184000507,-0.006590779328068841
2014-09-12,-0.005858216804230487,-0.0037892213032781896,-0.00916553798561015
2014-09-15,-0.0007538517129219713,0.001848555231436677,0.002193926623932363
2014-09-16,0.007510552135151727,-0.00029220817958997003,0.0016002230258527206
2014-09-17,0.0013455628856560153,-0.0025304295372912122,-0.010915206737386995
2014-09-18,0.005316137456219394,-0.0006818956963856593,0.0020397581785855934
2014-09-19,-0.0009016778228092548,0.0037958783885860825,-0.005875628567548752
2014-09-22,-0.00775308668421637,0.00213494271774195,-0.002051790658185837
2014-09-23,-0.005740536751357439,0.002129426278949076,0.006397974562940334
2014-09-24,0.00779745490498307,-0.0028091101681653186,-0.00468780248018863
2014-09-25,-0.016267340050120538,0.004838361927147261,0.0029004996819050888
2014-09-26,0.007914298062934755,-0.002126073188970956,-0.002815116684032226
2014-09-29,-0.0018210274839107754,0.003187368853317274,-0.0002563012510607976
2014-09-30,-0.0026357594414463392,-0.0008686529907899754,-0.007031410399421567
2014-10-01,-0.013644367745529351,0.008366847332457183,0.004807267982801733
2014-10-02,0.00015414869550056665,-0.00297623864417762,-0.0002569378627690355
2014-10-03,0.01094929561719482,-0.00028828912138934015,-0.01841415564252724
2014-10-06,-0.001171107995926235,0.0016332122114111058,0.012313702004798976
2014-10-07,-0.015556778124921955,0.005841244730321549,0.002840071033501701
2014-10-08,0.017338194800160522,0.003526615317715809,0.009494153355036339
2014-10-09,-0.02003240509390647,-0.001714141004458547,0.0014461162700847296
2014-10-10,-0.011479769954896746,0.003899527422907667,-0.0004251418052048095
2014-10-13,-0.016563501860125562,0.0052075956592512185,0.007877727689300507
2014-10-14,0.001545958750637233,0.0019814519265519692,0.0005904407146894997
2014-10-15,-0.006788981856017173,0.005638990273316047,0.003367302917756554
2014-10-16,-0.0008585164421157643,-0.002721102106686857,0.0019310980168238956
2014-10-17,0.011741785671514293,-0.00291788816662919,-0.0019310980168238956
2014-10-20,0.009662859508737576,0.0014130840968098468,0.006784273141083652
2014-10-21,0.0196170039826864,-0.0027331127998957427,0.0018346564364613016
2014-10-22,-0.007136208983384407,-0.0002834943765721576,-0.0056818361839994225
2014-10-23,0.011557776467021164,-0.004162725910565435,-0.006894837025991585
2014-10-24,0.007665644137496486,0.0008530302402851575,-0.0014353713145327518
2014-10-27,-0.0013754011684383727,0.001041395219290031,-0.0024533739338830074
2014-10-28,0.01140494077502563,-0.0024631693198502447,0.00033876114991393536
2014-10-29,-0.0015135456769606037,-0.003325228456930951,-0.014413236564221776
2014-10-30,0.006390186873945325,0.0010462528990649034,-0.010535513585850254
2014-10-31,0.011370643191987995,-0.001617311523515852,-0.022208494160596892
2014-11-03,0.000545783308113279,-0.0003721625326491562,-0.004537191400506124
2014-11-04,-0.003475741574742841,-9.556087387174728e-05,0.0006239666286802503
2014-11-05,0.006296409681230131,0.0002860842856549084,-0.02189178261505731
2014-11-06,0.003994849138760692,-0.0030569388224686023,0.0008193776453397916
2014-11-07,0.0009349308078290264,0.006390926461135038,0.027733471313512226
2014-11-10,0.003142647730181025,-0.004096870558102594,-0.0224688513596627
2014-11-11,0.0009800725153423784,9.484467762810311e-05,0.014202502378614312
2014-11-12,-0.0010780597608688325,-0.0003823856731299813,-0.00483136766316683
2014-11-13,0.0011270017942246469,0.0016227274827977922,0.001523486160512455
2014-11-14,0.0002446742433903637,0.0020954904762362503,0.024764713533655502
2014-11-17,0.0006366001079065597,-0.0011421567471865401,-0.0036758151058755573
2014-11-18,0.0057569638367303,0.0011421567471865401,0.008729867518399992
2014-11-19,-0.0016069175418822468,-0.0026677940440960057,-0.011979356533504237
2014-11-20,0.0017530290579390595,0.0018108238794551923,0.01032651427666309
2014-11-21,0.005336352131347866,0.001998487447893993,0.004603689167084646
2014-11-24,0.0028024174434557736,0.0011392688301947729,-0.002429491687805374
2014-11-25,-0.0007243074580758346,0.0024655621504034997,0.0023428067947754982
2014-11-26,0.0025559090156130893,0.0017029818559661791,-0.0019085074799196633
2014-11-28,-0.0021213870945162583,0.0038681749647269115,-0.026841959934436943
2014-12-01,-0.006973846265188044,-0.0024551431219368425,0.03909721071410299
2014-12-02,0.0064428179992619405,-0.004454858565119402,-0.012428974377113988
2014-12-03,0.0038558668657939776,0.00038061655139109973,0.010282221622139431
2014-12-04,-0.0011069324398764735,0.0035069511879424198,-0.003875846369652436
2014-12-05,0.0016360962180481664,-0.005599152838375865,-0.01259186420265479
2014-12-08,-0.0067054198148994715,0.0033256327166766297,0.011728543111015455
2014-12-09,-0.0006780055457964451,0.003691191272129579,0.020601691573212122
2014-12-10,-0.016160856513445232,0.004524999509911254,-0.0019479434950335772
2014-12-11,0.00505694575419291,-0.0016942651527367403,-0.0022915065517858935
2014-12-12,-0.016293504061325237,0.008163369368705098,-0.0023819558010531594
2014-12-15,-0.006893199547102213,-0.0036516923577902816,-0.026058456631024463
2014-12-16,-0.008051855453603096,0.005052260364378114,0.00488356745874885
2014-12-17,0.01941522328588441,-0.00692924722084598,-0.005933184879209463
2014-12-18,0.024427702432756604,-0.005654262245104569,0.007671599736507773
2014-12-19,0.004246068212834686,0.0036788722510321392,-0.0033055430745703163
2014-12-22,0.004589231749780431,0.0,-0.019532501975925598
2014-12-23,0.0013490028248597241,-0.008319832592013299,0.0016866692377108805
2014-12-24,9.576063582716898e-05,0.0007222789627086001,0.0002660527710922622
2014-12-26,0.00321984252655394,0.0013292242630491558,0.018102473257655127
2014-12-29,0.0013425521139520669,0.0034102231619099754,-0.010153292143778359
2014-12-30,-0.0053807011990612,0.0011341928854911032,0.01337022418073186
2014-12-31,-0.009972293821072675,0.0011324389074962582,-0.01416227120027358
2015-01-02,-0.0005349866414654514,0.005081891475033906,0.0043925221460412445
2015-01-05,-0.018224958184484663,0.006083002815814531,0.014964618775983318
2015-01-06,-0.009463928726762383,0.006695431095678828,0.011334482171420746
2015-01-07,0.01238443098007913,-0.0001854185460352653,-0.005908836993975264
2015-01-08,0.017589116981151065,-0.004086912464061676,-0.004217399700950253
2015-01-09,-0.008045572970213577,0.004920472783855878,0.011320872784881253
2015-01-12,-0.007864859610108077,0.0035134273380572623,0.011025431201654001
2015-01-13,-0.002816408147160665,0.0009229145122935378,-0.0033794717396942175
2015-01-14,-0.006055513531488366,0.004599740094854532,-0.0016093040146012427
2015-01-15,-0.0092025669702549,0.008499752362784996,0.024864209830663953
2015-01-16,0.013029316454828077,-0.007399127243156833,0.012979679533520638
2015-01-20,0.0021301241123525827,0.0022893054535648716,0.013618890362550928
2015-01-21,0.00503537340003124,-0.004767806048730172,0.00024156831945010282
2015-01-22,0.014761006677399102,-0.002485574956071268,0.00801736013457699
2015-01-23,-0.005497415642739867,0.006521595397601665,-0.00801736013457699
2015-01-26,0.0023387871109079583,-0.0022917130786694884,-0.010031679362329626
2015-01-27,-0.013278415138328725,0.0013756579846528894,0.011399158685806654
2015-01-28,-0.012907219874587206,0.007667370058794809,-0.007909034514029578
2015-01-29,0.009201149515672746,-0.003553256752779177,-0.021788035528434335
2015-01-30,-0.01265439911104771,0.008722432932390944,0.022031068542068155
2015-02-02,0.012307727864970808,-0.0012510232396802934,-0.008378450604819676
2015-02-03,0.014357962448039885,-0.008472718667093204,-0.011254031870982395
2015-02-04,-0.0038153709672865688,0.001645443531343993,0.00436878878628022
2015-02-05,0.010044617283762491,-0.0036604474188139946,0.0017257602352120927
2015-02-06,-0.0027694662235226986,-0.011247116315140637,-0.02620456493117196
2015-02-09,-0.004485671810876113,-0.000464123928865412,0.00445733705254181
2015-02-10,0.010596827724590696,-0.0025074322709937036,-0.005891255467082246
2015-02-11,0.0005800718001491845,-0.00037140825316051007,-0.011887730385767625
2015-02-12,0.0095712007237303,0.00037140825316051007,0.002303628403526048
2015-02-13,0.0041078799609612915,-0.0033531149590855236,0.005439474740014383
2015-02-17,0.001571832914652127,-0.007115792778122021,-0.016838734326833027
2015-02-18,9.512463400174198e-05,0.004780860687338517,0.002840494303460339
2015-02-19,-0.0007141832599071307,-0.0025289300126525305,-0.00344407003588465
2015-02-20,0.005982436691640558,-0.0005627402179921859,-0.005708895866844976
2015-02-23,-0.0001417656153241964,0.004586517507496168,0.0013003471683985524
2015-02-24,0.0028362975952926917,0.006607634072957502,-0.0014738237281033406
2015-02-25,-0.0008498266961076695,0.0009278428275427686,0.003810143280624345
2015-02-26,-0.0011817958372883908,-0.005949571093464279,0.003192846928134152
2015-02-27,-0.003411897756018689,0.0035369175815240794,0.0007751278516163751
2015-03-02,0.006293583934095182,-0.0074715196265220385,-0.004140821554351248
2015-03-03,-0.004112828700169047,-0.0021591396164399868,-0.001816994513188952
2015-03-04,-0.004224620738908058,0.0007520517497976442,-0.0031225683060647214
2015-03-05,0.001093817354282045,0.0005626450099889269,-0.0009560698660537881
2015-03-06,-0.014164232869277704,-0.010279610445089737,-0.027684033513420303
2015-03-09,0.004135934135962138,0.004634936142340784,0.0009828943243306298
2015-03-10,-0.016354981177261863,0.004236117533235273,-0.004924161015297024
2015-03-11,-0.0023445171821885324,0.0017837874929282904,-0.006031419233618607
2015-03-12,0.01263394283168573,0.0009369969466401784,-0.00027090603074864106
2015-03-13,-0.006151303074461545,-0.0014999888501039393,0.0014440077763353543
2015-03-16,0.013272043313575566,0.0034663585880219117,-0.0006315097549611792
2015-03-17,-0.0029768341402274245,0.002055008736992825,-0.005429372519536457
2015-03-18,0.011949948162193635,0.011413735899666655,0.019409393965784005
2015-03-19,-0.00457220266611813,-0.004716449861194683,-0.0007122036244302521
2015-03-20,0.00878828151549893,0.004070371894535185,0.011334565478750669
2015-03-23,-0.0019505789393381434,0.0012925612509535611,0.006319701703631608
2015-03-24,-0.005634562847404823,0.003037677916816861,0.002446901321802031
2015-03-25,-0.014762622567563,-0.004330239167770422,0.0013955838286019429
2015-03-26,-0.002384268330643202,-0.005647570166996019,0.006515812793653986
2015-03-27,0.002287644389828536,0.0038922812527122375,-0.0036436736475300435
2015-03-30,0.012125792237093869,-9.304318837788372e-05,-0.01145065238553844
2015-03-31,-0.008778094320707197,0.0025865814206831317,-0.0007914897422240941
2015-04-01,-0.0035426725159979355,0.004748298665019135,0.016924374949796928
2015-04-02,0.0035909578176402945,-0.0028554537703522342,-0.0027720019363934867
2015-04-06,0.006711018658704049,0.0012901696548430763,0.012156925637931693
2015-04-07,-0.00264995667373924,0.0008294403684834251,-0.004982843844588913
2015-04-08,0.003371326431774513,-0.0009204072563253618,-0.0055272563602128955
2015-04-09,0.004413640796583351,-0.004062925032552123,-0.0069523444531913725
2015-04-10,0.005442692000495519,-0.0002768081982189585,0.011273125412459173
2015-04-13,-0.004533165208481016,0.002032900607867205,-0.007182773547924626
2015-04-14,0.0019111278475678617,0.0029505325417407136,-0.006098084431298112
2015-04-15,0.004476812528953822,0.0005524276859585342,0.008613598755223606
2015-04-16,-0.00028503878306906927,0.0007362778041981599,-0.003471334974760154
2015-04-17,-0.01157038994793691,0.0020203842947585926,0.004942989742755088
2015-04-20,0.009095592887877757,-0.001837263642708642,-0.007641555546604728
2015-04-21,-0.001192141757616838,-0.0021155260610434823,0.005736617532051902
2015-04-22,0.004902131710830204,-0.005821648300802451,-0.013524881601083116
2015-04-23,0.002512762753632103,0.003053504573870214,0.007265135996097349
2015-04-24,0.002318100135886958,0.0035035717769522634,-0.014141033700354022
2015-04-27,-0.0041663702956586945,-0.0015655412809723046,0.019967374395762683
2015-04-28,0.003173830087349394,-0.0046201858961154585,0.008633395454348936
2015-04-29,-0.004123178061396615,-0.003712352462841295,-0.007073870774362057
2015-04-30,-0.010071425952926205,-0.0002796039174350895,-0.017818629233653738
2015-05-01,0.010783412318802199,-0.005481330396903239,-0.0034429465428864603
2015-05-04,0.0028433221588750612,-0.002062910447531152,0.00897969447690894
2015-05-05,-0.011518074423185531,-0.0016906016332232099,0.0028006293425999473
2015-05-06,-0.004124973335292381,-0.004900107917458207,-0.0005245000462394955
2015-05-07,0.003981376240144385,0.0042419875018939734,-0.008253646349356103
2015-05-08,0.01308035010515951,0.0038492993952132792,0.004837540136522378
2015-05-11,-0.004784045402151271,-0.009888157877833592,-0.00386815815419439
2015-05-12,-0.0029960215555409064,0.0007572166790215107,0.008507714570104241
2015-05-13,0.0001906505318052254,-0.0013248040873099498,0.017745568671579726
2015-05-14,0.010373259758427622,0.003403032932131289,0.0053908250551018
2015-05-15,0.0010835654256924343,0.007146765057269633,0.002982393037475717
2015-05-18,0.003101628091311426,-0.006769250244884617,-8.51064576155025e-05
2015-05-19,-0.00032825635363575856,-0.004443655340191199,-0.013967043221182252
2015-05-20,-0.0007041767886910577,0.0021770795927684716,0.0016381642703535704
2015-05-21,0.0029078914664397715,0.005938734896826503,-0.0033654032062084838
2015-05-22,-0.0023912394463314612,-0.002258537588962106,-0.0007782781051668408
2015-05-26,-0.0108102168938915,0.006197820642759311,-0.014727247977664781
2015-05-27,0.009447188664498007,-0.0005615675709185197,-0.0001756301338398103
2015-05-28,-0.0011288091908223663,0.0009363563751589865,0.0011407772346867517
2015-05-29,-0.006232114340006589,0.000561411748047469,0.0007014013330435276
2015-06-01,0.0020342009874338984,-0.004422178628654905,-0.0008767951003623153
2015-06-02,-0.00099291587049688,-0.006987128740994386,0.0040269605877938375
2015-06-03,0.002646340049087925,-0.00856413356973551,-0.007189857367223773
2015-06-04,-0.008482659659830638,0.004861572851134532,-0.0070646979352710915
2015-06-05,-0.001714774518230655,-0.007253531261783408,-0.005331436918291743
2015-06-08,-0.00616866258393145,0.0014360124838459498,0.0029358308942226685
2015-06-09,-0.00014406283599388559,-0.00325750411425485,0.0022183779511246726
2015-06-10,0.01192210383670922,-0.0038463338726204555,0.008473122987024517
2015-06-11,0.0032184884466843755,0.007868498108108746,-0.004580669046919006
2015-06-12,-0.007684415577213777,-0.0005743600735268473,-0.00026490157397418557
2015-06-15,-0.004294656796480112,0.0023892996197982797,0.004406069740064744
2015-06-16,0.0054367146243263775,0.003808869618776356,-0.0036115754437746617
2015-06-17,0.0016157658598725533,0.0005698750881215631,0.004666106837939665
2015-06-18,0.010345588370022973,-0.0007598431260547045,0.012829091016651084
2015-06-19,-0.004448877061697942,0.005309335557913464,-0.0017357836863238774
2015-06-22,0.005109767220695005,-0.008451569475104392,-0.012939534822472787
2015-06-23,0.0007079266709588694,-0.0030562673311571587,-0.006621663748214601
2015-06-24,-0.00728961497845404,0.0029608767112003775,-0.0026610185778750406
2015-06-25,-0.003044713613936878,-0.0024832610785523457,-0.0013331015376758515
2015-06-26,-0.00019083172249789726,-0.00479175956043143,0.001066623365012731
2015-06-29,-0.021193379198006568,0.011557585136558579,0.004520702131841858
2015-06-30,0.0020914332716808204,-0.0027579690359562647,-0.006210070886036867
2015-07-01,0.007983453936737384,-0.00524042470840147,-0.0034767084633964274
2015-07-02,-0.0009163868916139961,0.003542334223933352,-0.0019665798355692488
2015-07-06,-0.00284964491406825,0.007044254974158726,0.0026806862873876014
2015-07-07,0.006268687281933083,0.0026526177293613173,-0.011668702760757377
2015-07-08,-0.016919422057455336,0.003965779861034413,0.0029749330386001915
2015-07-09,0.001807239720967857,-0.00699818508778538,0.0024275514386138397
2015-07-10,0.012512942127190563,-0.00695243780087651,0.0011666795517468742
2015-07-13,0.010976922079761309,-0.0026791776883232643,-0.004494793701908861
2015-07-14,0.004328602368755874,0.00315757694570884,-0.0022549958125184233
2015-07-15,-0.0003320710551353301,0.0038126980379615816,-0.005251204440368085
2015-07-16,0.007992101632862791,-0.00038028817903157375,-0.0036377042236317436
2015-07-17,0.0008473123932626336,9.506216735388762e-05,-0.010164462693893483
2015-07-20,0.0005176162059949974,-0.0020004601027858726,-0.02752685674211186
2015-07-21,-0.0039588041258022955,0.002761662704652501,-0.0031268723268027543
2015-07-22,-0.0017963459473122612,0.0012358249978143832,-0.005424190670740181
2015-07-23,-0.00564564828662828,0.004076710210772383,-0.004494830976284447
2015-07-24,-0.010425996461166598,0.0009455845388419704,0.009729155735813677
2015-07-27,-0.005834640036548322,0.0033029398377619756,-0.004661992801278103
2015-07-28,0.0122082642955057,-0.002830715269735329,0.0015246432799855825
2015-07-29,0.006855258415136234,-0.0014178091068686172,0.0014272948765041704
2015-07-30,0.00023711169760698425,0.0011345383551821797,-0.008594414514632831
2015-07-31,-0.0015190611172242185,0.00584205749257638,0.006309807471318152
2015-08-03,-0.0033782568395297474,0.00304347920420156,-0.007941503115089787
2015-08-04,-0.0019562221978493,-0.005172169628239409,0.002015250319480799
2015-08-05,0.0032897281127670652,-0.0038741151665160345,-0.003649612745896036
2015-08-06,-0.00822124769332433,0.003496459784245509,0.004416281036678349
2015-08-07,-0.001921789320711298,0.003953758631039861,0.0024875838994233845
2015-08-10,0.012520727948020394,-0.004142639819488814,0.010172637809865215
2015-08-11,-0.009064389943816309,0.006583346325538919,0.0050948398439469855
2015-08-12,0.0011973529939943717,-0.0003747440618004916,0.013924787857254373
2015-08-13,-0.0012454172836742217,-0.0026295515884591225,-0.008294156742539194
2015-08-14,0.003635918265407767,-0.0010343809300152884,-9.360475673148017e-05
2015-08-17,0.005571095057290698,0.0017859781093276794,0.0026170571520376384
2015-08-18,-0.002900720381436628,-0.0015978544836974251,-0.0001866751617241036
2015-08-19,-0.007936759333620813,0.0060976363963316516,0.013354574963244659
2015-08-20,-0.02110218232617367,0.0027077915096453964,0.017261484729985455
2015-08-21,-0.030565032211296916,0.004002589646217025,0.006228253314387366
2015-08-24,-0.043019248546686484,0.001670469009568798,-0.005413696203742546
2015-08-25,-0.011837640157236429,-0.005486435791302036,-0.01247223689054966
2015-08-26,0.03767491258330935,-0.006173420083303682,-0.013743752566773182
2015-08-27,0.02443466142830797,-0.0005628878222037059,0.0005571512452684502
2015-08-28,4.996173886961941e-05,0.00018729527903094123,0.008963637985393902
2015-08-31,-0.008112086790231565,-0.0016906199767365848,0.001103372201255226
2015-09-01,-0.03030211179829756,0.004482133404177802,0.0034858971109343884
2015-09-02,0.018803030217488192,-0.0027229364979204362,-0.0053254574714518554
2015-09-03,0.0007165078205577657,0.0024411525227332476,-0.0072069646875858595
2015-09-04,-0.015252942608425357,0.0030897581084934345,-0.0032508130940547275
2015-09-08,0.024821053936735282,-0.004403434668971862,0.0002790454421459643
2015-09-09,-0.013462608892679029,0.0003753279785625452,-0.013012113659039315
2015-09-10,0.005427183730157381,-0.002255007486158256,0.0023528316012582096
2015-09-11,0.004533967830873564,0.0026306552514654413,-0.00207013897549313
2015-09-14,-0.0037174760536711204,0.0009376281863033853,0.0005650019663852035
2015-09-15,0.012422509623967848,-0.007905373072052413,-0.003017159470431352
2015-09-16,0.008628995186565902,-0.00028343752287351975,0.01322655217203117
2015-09-17,-0.002250702154740658,0.008282957600805219,0.010198550265311468
2015-09-18,-0.01647641321846205,0.004675109386611531,0.007352256373074795
2015-09-21,0.005154532768542275,-0.005706884578794202,-0.006246004616141221
2015-09-22,-0.013064839484083102,0.004960367287202061,-0.006841722923156546
2015-09-23,-0.001599641828961218,-0.0011205924738657558,0.00398130520726081
2015-09-24,-0.0036223812987188353,0.0014943331198074006,0.020758796296513005
2015-09-25,-0.00025959498608241205,-0.002617377052939851,-0.006173422414313734
2015-09-28,-0.025417234372548947,0.0056922676737309885,-0.012739020432957382
2015-09-29,0.0005845540995634835,0.003436141817877214,-0.004066501065043582
2015-09-30,0.018486805662337957,0.00018560564134251223,-0.010426483637298034
2015-10-01,0.0026055221433285425,0.0007797316044033664,-0.0012172598628676923
2015-10-02,0.014827308901224967,0.004812485834496449,0.020953802922526243
2015-10-05,0.0176385328863784,-0.005555173256973411,-0.0020205850578971507
2015-10-06,-0.003431893183991619,0.0020405877785183435,0.00997130322711648
2015-10-07,0.008157094463569159,-0.0025046037664004928,-0.0014574940081351073
2015-10-08,0.008986056830917022,-0.0026047401312778717,-0.0051178832963483245
2015-10-09,0.0005961367441003063,0.000559121090108583,0.01572691239154267
2015-10-12,0.0009435033161659945,0.003344812685666554,0.0039607110144830315
2015-10-13,-0.006322298413188321,0.0009278846714702027,0.00492901527809142
2015-10-14,-0.004805733501052956,0.005452708173969256,0.017282274992371782
2015-10-15,0.015237753523575925,-0.003416617958678536,-0.0045794588755319054
2015-10-16,0.004536643262354367,-0.0008318881295927838,-0.007086601152338723
2015-10-19,0.0004916225469537849,-0.000463094793939689,-0.004186912999915471
2015-10-20,-0.0012791698957173026,-0.0034329636094598825,0.006318212020553382
2015-10-21,-0.006223040077402153,0.0034329636094598825,-0.008910332230671614
2015-10-22,0.016752703143550818,0.0010175823743612256,-0.00035807819279032316
2015-10-23,0.010902018833671256,-0.005658904440812407,-0.0017026075113335537
2015-10-26,-0.0024609028149731316,0.002601862960662338,-0.0006279971024891751
2015-10-27,-0.0019339274965126663,0.0025025538997285324,0.002241047948968955
2015-10-28,0.011310441360609325,-0.0051973648660821326,-0.008091400160860296
2015-10-29,-0.0005743905647577208,-0.006160632707658209,-0.009614564390769686
2015-10-30,-0.00431917841364271,0.0019642421204650873,-0.0038352540915997935
2015-11-02,0.011761596097318971,-0.0028769802050625515,-0.0065171345988011
2015-11-03,0.0028952244215121326,-0.0026315814343478294,-0.014937356022442394
2015-11-04,-0.0030378516992906057,-0.0010358386315623136,-0.009485885776108205
2015-11-05,-0.0009990475804562138,-0.0006592006994710076,-0.003118965054795808
2015-11-06,-0.0005232593124873119,-0.006809779011819117,-0.014685120688171516
2015-11-09,-0.009375837524396857,-0.00170980835462764,0.0028777291011321537
2015-11-10,0.0023047240330233976,0.001899018500366445,-0.0021095148178789103
2015-11-11,-0.0039398650696211845,-0.0004742540307693943,-0.003365211295873749
2015-11-12,-0.014057760357721882,0.000569449329104188,0.00019257167853314883
2015-11-13,-0.011291813265685846,0.0037878176590488977,-0.002796404320480228
2015-11-16,0.015092470794335178,0.0013223168707847677,0.0014474024653425843
2015-11-17,-0.0007300712236695261,-0.0002831404396408388,-0.013297966180688015
2015-11-18,0.01574164183873883,-0.0004722022451897345,0.00087907383461161
2015-11-19,-0.000862967438772344,0.0021705817227424262,0.01097148988073382
2015-11-20,0.003637841019975774,-0.0013210922733843944,-0.004548773723664468
2015-11-23,-0.0011473949247777782,0.0013210922733843944,-0.00808374704283299
2015-11-24,0.001338658926870906,0.0009420432058373507,0.006627707399357696
2015-11-25,-0.00014350980831512317,0.0005651687480439094,-0.00467384836580198
2015-11-27,0.0011461989853813748,0.0010346849629963017,-0.011879763588946268
2015-11-30,-0.004160658974499576,0.0003761510699415993,0.006595467871597371
2015-12-01,0.009490470037960996,0.005304114744496324,0.003525964629824685
2015-12-02,-0.010257381299356716,-0.002812744695649627,-0.015667624313787876
2015-12-03,-0.014101706305732264,-0.010572588034870378,0.010570606410359673
2015-12-04,0.019315338842178953,0.003694155230470564,0.021966035488281577
2015-12-07,-0.006076903772903819,0.0032093705773439396,-0.013063212596420293
2015-12-08,-0.00674237588630433,0.0005651781368500863,0.0016544033114076484
2015-12-09,-0.007810139147608197,0.0015064091453176331,-0.0019466324270576152
2015-12-10,0.00257761794303768,-0.0021660910412499845,-0.0008772000837344862
2015-12-11,-0.01957136336252141,0.007979813138547343,0.005445871172153893
2015-12-14,0.005039673009821222,-0.007414213357959554,-0.012884508990748778
2015-12-15,0.010443539857923234,-0.002546614503883049,-0.002656086119114498
2015-12-16,0.014525693517419391,-0.0026475958243867836,0.012043063036934143
2015-12-17,-0.015355535870572368,0.004157524406265267,-0.022141125877213952
2015-12-18,-0.017975527812969183,0.003576647995143567,0.015207174746720398
2015-12-21,0.008215194004735693,0.0004697717745667518,0.010819352064225463
2015-12-22,0.00903368977309782,-0.0028215784676284272,-0.005248854487692967
2015-12-23,0.012307097530520394,-0.002262695309557472,-0.00292800379436553
2015-12-24,-0.0016516686021539329,0.0018326659212721808,0.007206940922790395
2015-12-28,-0.002287822592037081,0.00018893742001413472,-0.007597994957112775
2015-12-29,0.010615455450389888,-0.005297679625698493,-0.000684694084735149
2015-12-30,-0.00711286128901456,0.0003795889639421901,-0.007661355596265018
2015-12-31,-0.010053824853450521,0.0011363320780430897,0.0003943308023188763
2016-01-04,-0.014078274792650447,0.004252197585789652,0.013995827340626654
2016-01-05,0.001689745391617592,-0.00028254980864605983,0.00281458831856618
2016-01-06,-0.012694126693902241,0.006019143404498273,0.014337487598989895
2016-01-07,-0.024284159310731468,0.002154065047927922,0.014040676150810505
2016-01-08,-0.01103734306696591,0.00252279844863601,-0.004437539422203152
2016-01-11,0.0009898241968651078,-0.0031772648120513836,-0.008934594646017757
2016-01-12,0.008035869376340266,0.004483440343969747,-0.005072983236858342
2016-01-13,-0.025256644333301992,0.0039070527789322185,0.004882048039545062
2016-01-14,0.016282912379614878,-0.002044664824608411,-0.016367021706295226
2016-01-15,-0.021699653240061068,0.00464112261848193,0.01023674024483423
2016-01-19,0.001330568382434727,-0.0012972504805688345,-0.0009612465570265627
2016-01-20,-0.012898257761140286,0.004901843178426013,0.013279386437522689
2016-01-21,0.005586628433808194,-0.0024947623317954637,0.001138149765659513
2016-01-22,0.02030749159061873,-0.0022215270546555033,-0.004655791285644639
2016-01-25,-0.01523185520882997,0.003331659794603148,0.010233193541102636
2016-01-26,0.013550754366713491,0.0007387737620430102,0.011341913483231991
2016-01-27,-0.010942565491706802,0.0007386785159884113,0.003721294829618138
2016-01-28,0.005195483842027393,0.001290791471529218,-0.010736241929349077
2016-01-29,0.024084813226974866,0.005329476908457309,0.0038408969118526315
2016-02-01,-0.0003614539834053687,-0.002306464474445491,0.010232704202856269
2016-02-02,-0.018186602151152087,0.007058739765010813,0.0003700683510885483
2016-02-03,0.005977077107047535,-0.0010962183527665204,0.010674654427774932
2016-02-04,0.0015670648890209193,0.0023741117303410775,0.012009967818587874
2016-02-05,-0.019234095889093084,0.0012773278385997955,0.0157031357661932
2016-02-08,-0.013552335676807026,0.007442910993213481,0.013354185862516132
2016-02-09,5.3880714553145026e-05,0.0001808140762165067,-0.0021986728524323595
2016-02-10,-0.0008631238439820166,0.0029799515939092913,0.007717958411725512
2016-02-11,-0.013093477551728405,0.004586966202872134,0.0394021382372749
2016-02-12,0.020407216977918807,-0.007656880168164015,-0.005896714530816638
2016-02-16,0.01673759595926505,-0.002989039172829777,-0.030800736245396365
2016-02-17,0.016202534194013296,-0.0024515638413022955,0.006167287420776546
2016-02-18,-0.004104031713352718,0.004625991514110694,0.024041860433202444
2016-02-19,-0.00046887020811858804,0.0,-0.006020275750380222
2016-02-22,0.014375640935875289,-0.000995341670022576,-0.017935040917057776
2016-02-23,-0.012710193002155812,0.0019905746211037467,0.014868593832169097
2016-02-24,0.004565215991670257,0.0,0.0033215495905070114
2016-02-25,0.012039175604540375,0.0029790669827329808,0.0026323418605178617
2016-02-26,-0.0023042684828809,-0.004879516264674422,-0.0068927436472607795
2016-02-29,-0.007873122087959317,0.001628976126047732,0.012980023419283171
2016-03-01,0.02323447598161188,-0.007846508136998054,-0.007360151335801035
2016-03-02,0.004482568020963917,-0.0017358582109228138,0.007697256644730643
2016-03-03,0.003912071408996631,0.0011882330681380893,0.017125877155555358
2016-03-04,0.003248303870309499,-0.003385061662593003,-0.0015750194994792466
2016-03-07,0.0007975947652312243,-0.0020187524860997286,0.004965240864288845
2016-03-08,-0.010977472934674104,0.005768723616411897,-0.004633448267751028
2016-03-09,0.004927207225341235,-0.003933585218781843,-0.00832782948151145
2016-03-10,0.00080215642811865,-0.003580919795859394,0.015928644015462012
2016-03-11,0.016008555180871298,-0.002855865361524046,-0.017351282566945514
2016-03-14,-0.0012832009643970466,0.0007380969422410288,-0.012980634673389169
2016-03-15,-0.001630805082740494,-0.00018478715577341376,0.0007632306454699034
2016-03-16,0.005770145886292433,0.005241675955356406,0.022050755561495272
2016-03-17,0.006324162541807787,0.001100013717268311,-0.003821864877364689
2016-03-18,0.003922090500227071,0.001738839278010218,-0.0027507557147483652
2016-03-21,0.001417714588396457,-0.002838852995278529,-0.0070364166993144295
2016-03-22,-0.0005373381492752571,-0.0021116360450186278,0.0029378329691907012
2016-03-23,-0.006621394677465808,0.0045848562079493504,-0.022890088658628294
2016-03-24,-0.0004430599963205495,-0.0010068930489621764,-0.0024040431975169696
2016-03-28,0.0005904963234097949,0.001464714030268155,0.0023182652611009047
2016-03-29,0.00920762954650911,0.006744004527658554,0.01835540705340133
2016-03-30,0.004378072414043643,-0.0013629916459887426,-0.014076410310244647
2016-03-31,-0.0024296523374909285,0.0036306123567628745,0.004600850924386002
2016-04-01,0.006788727775603576,-0.0002900737856386115,-0.006053640735366628
2016-04-04,-0.00324331854895199,0.0011798785205421325,-0.006692995408569047
2016-04-05,-0.010038058686236084,0.003982110759042534,0.012916668207256343
2016-04-06,0.010861956749609547,-0.002169782605872861,-0.00613813693586529
2016-04-07,-0.012037798812966294,0.005145993794573478,0.0141798015621033
2016-04-08,0.002692792743802741,-0.0015315995597653398,-0.0015187338768045677
2016-04-11,-0.0023499386745475803,-0.00018017752793308972,0.013419630057020626
2016-04-12,0.009270006238941697,-0.003977596757841262,0.00016664672071531328
2016-04-13,0.010050238790721089,0.0007240894267708242,-0.010719526565990734
2016-04-14,4.795835899518153e-05,-0.0023552101775479173,-0.014075152256168622
2016-04-15,-0.0011063110698836809,0.002988358616889286,0.0068927436472607795
2016-04-18,0.007002003826086067,-0.0009951276145407917,-0.0015276274565971804
2016-04-19,0.003149522034540553,-0.0016310583537748613,0.015506833308651657
2016-04-20,0.0009523702041587256,-0.005090805066110704,-0.005114248016109713
2016-04-21,-0.0053931427311813,-0.001643132463063246,0.0037753050369175867
2016-04-22,0.0,-0.0010953251606631298,-0.012894694659209449
2016-04-25,-0.0017239773234534184,-0.001097415152202963,0.0028799271415289596
2016-04-26,0.001484661013757993,-0.002106959103417516,0.003967367637515373
2016-04-27,0.0020561478064662353,0.005486411168984517,0.0028603028699203392
2016-04-28,-0.009117173672592571,0.003459452124634943,0.018724801093336296
2016-04-29,-0.005413527371331384,-0.00036345963101869216,0.019270626438691707
2016-05-02,0.007916973971921593,-0.002908368002489503,-0.003321349913170124
2016-05-03,-0.008741231620347456,0.005917407747314307,-0.0022745646099542327
2016-05-04,-0.005593635698581956,0.0018138673856356036,-0.006118222826126285
2016-05-05,-0.0001952698241201034,0.0027139457373417386,-0.0011462207767793942
2016-05-06,0.0036525939544320707,-0.002352058774996557,0.009052054554673283
2016-05-09,0.0008259322172721184,0.0019006110725952041,-0.020752898018182364
2016-05-10,0.012357314045628343,-0.0001813729463364666,0.0027314657084138716
2016-05-11,-0.00939901104058638,0.0015359808770165628,0.00937891993091533
2016-05-12,0.00029076424425422687,-0.0027115802070696304,-0.007892173973086614
2016-05-13,-0.008752528632665069,0.0037948567515666554,0.0045291419798267896
2016-05-16,0.009816867469572443,-0.003614148474732737,0.00073922196701659
2016-05-17,-0.009377267410620505,-0.001358570458521946,0.0034423291232430486
2016-05-18,0.0002925785910559142,-0.008098317442622793,-0.017497993073654072
2016-05-19,-0.003470926995864154,0.0010043395093344287,-0.0019168712488530915
2016-05-20,0.006297732281670854,0.0006390025723099768,-0.001335701516612886
2016-05-23,-0.0013633523106220125,0.0006383292127090101,-0.0028442074994741162
2016-05-24,0.01287862177613075,-0.001642292561543357,-0.01749315443980759
2016-05-25,0.006760078239833156,-0.00045698652826775543,-0.002731772964595258
2016-05-26,0.00028681640101613226,0.003101154098346548,-0.0034252603876989696
2016-05-27,0.004290091067062463,-0.001914025113825879,-0.008268772914245659
2016-05-31,-0.0019045497099545727,0.0011849257092597654,0.003798302317156832
2016-06-01,0.002046970787144886,-0.00033786369577182285,-0.0010344407576532433
2016-06-02,0.0030390152027033324,0.003099887276371227,-0.0023315434917616784
2016-06-03,-0.00299166019198438,0.009241022060837878,0.02737326438830756
2016-06-06,0.0050757131707444,-0.0026190402548387226,0.0003364248669015524
2016-06-07,0.0015605346577496348,0.0014458992256516368,-0.000841242373323503
2016-06-08,0.0032540319148761654,0.0011731410291870858,0.014703707887444573
2016-06-09,-0.0013664465438774087,0.0015317855861409768,0.005541081570940243
2016-06-10,-0.009522874037255491,0.003505562460103029,0.004033075700703215
2016-06-13,-0.007741198930384385,0.0019717018466725023,0.007365624068488508
2016-06-14,-0.0019688691669612624,-0.0002686790631756253,0.0010594292626908697
2016-06-15,-0.0013951662894369221,0.0030413872184711366,0.007384928457099704
2016-06-16,0.002979904567241398,0.0010707635609739086,-0.010566651715243403
2016-06-17,-0.003730954138347009,-0.0033958047327837804,0.012747298268990015
2016-06-20,0.00641918997312807,-0.004306229223787206,-0.005988024654369539
2016-06-21,0.0028347867977966956,-0.0022493225863611244,-0.019422882992921053
2016-06-22,-0.0016327282701915635,0.0019797788691153784,0.0004964440287160699
2016-06-23,0.012938504004634588,-0.004777342122041617,-0.00655577559374354
2016-06-24,-0.0365693637566622,0.013729626723565147,0.0478739123034746
2016-06-27,-0.01807227473139239,0.008607314705392,0.005382317127989644
2016-06-28,0.017875529905622578,-0.00017734923371648392,-0.010793760430648724
2016-06-29,0.016883903647936904,-0.004073297785729402,0.004140765999888885
2016-06-30,0.013553347463565402,0.002216261740124459,0.004993905895293693
2016-07-01,0.0020980016719622796,0.0026387797691533876,0.01522316281806102
2016-07-05,-0.0072189654912486745,0.0054675811478093195,0.00822090513695617
2016-07-06,0.005979916888803949,0.00017539394784460427,0.005852881673551913
2016-07-07,-0.0006203142246761217,-0.001319952324760898,-0.003769595047874219
2016-07-08,0.014780844079837152,0.0019350340035977354,0.005994014334570252
2016-07-11,0.003520521631419804,-0.005286093713612772,-0.009468613121549119
2016-07-12,0.007237365430456499,-0.0059362532910505195,-0.01669038746896856
2016-07-13,-0.00013976600925857952,0.002573840472985367,0.009159697327218552
2016-07-14,0.00556799957577514,-0.004174916170547327,-0.007745045230236336
2016-07-15,-0.001342575048224326,-0.003834456215519033,-0.003855735167466179
2016-07-18,0.0026836811045267694,-0.0002679631257285209,0.0015755839071678324
2016-07-19,-0.0010174889540808252,0.00267735396193558,0.0013372522657109087
2016-07-20,0.004154695091967753,-0.0020520743320346924,-0.014410381636322356
2016-07-21,-0.0037843835364261835,0.00223062032070942,0.015117654201499242
2016-07-22,0.004474635373763469,-0.0008028022358557152,-0.007490707778721628
2016-07-25,-0.0027195514872673243,-0.0008031882151664504,-0.006989125856946998
2016-07-26,0.00046176154829602467,0.0006251891340278704,0.0042152110508260066
2016-07-27,-0.0010618906569206388,0.004272708966876593,0.015982694972101363
2016-07-28,0.0011543661324946441,0.0005325711164134717,-0.002894093409240739
2016-07-29,0.0016128540995934415,0.003809993386116872,0.010286811942904706
2016-08-01,-0.0008289329504931331,-0.0034771945655975856,0.001859067119480251
2016-08-02,-0.006428001358956159,-0.0024029987578808587,0.008092864929715837
2016-08-03,0.0029182941661280992,0.0005348525555737282,-0.004770787598633142
2016-08-04,0.0010636425319008325,0.0024012863865152667,0.0016954476164983134
2016-08-05,0.00814546745815381,-0.006237178464445492,-0.01802544401051165
2016-08-08,-0.0005960835403016063,-0.0005367359150287854,-0.0008627837547008355
2016-08-09,0.0005960835403016063,0.0035707152677790788,0.0040720231674322704
2016-08-10,-0.00247799024972295,0.0026700589274870623,0.00467799451232942
2016-08-11,0.00462998214354382,-0.0048104056527060735,-0.006946906948685161
2016-08-12,-0.0008695396500053576,0.003565362706091868,-0.0021170403750341293
2016-08-15,0.002879722680916963,-0.0029406826144180442,0.003447698256792364
2016-08-16,-0.005171158893410244,-0.0016969624069416156,0.004915970173445139
2016-08-17,0.0018794749277466494,0.0016071304607274683,0.00023348078990270693
2016-08-18,0.002241140821240606,0.0017839195494913085,0.004735854578728826
2016-08-19,-0.0014631250402974416,-0.003391050010218777,-0.008868887925520319
2016-08-22,-4.53293792199716e-05,0.0022325105701659353,-0.0014858453674486682
2016-08-23,0.0020108764067758855,-8.995618519413995e-05,-0.00015650499362607206
2016-08-24,-0.005127870631950415,-0.00035663009589637085,-0.0111768641429979
2016-08-25,-0.0006886474215708205,-0.001607274601338915,-0.000870990125855009
2016-08-26,-0.0018850174903342065,-0.0038506628231296247,-0.001426988513934191
2016-08-29,0.004912115860888022,0.004118361739330112,0.001981375674593444
2016-08-30,-0.0016501952652108187,-8.985804377292794e-05,-0.010106354775587967
2016-08-31,-0.0028477473592687375,-0.001162148906312055,-0.0020015218438294013
2016-09-01,4.589879251160056e-05,0.0015673525551678225,0.004078880664930118
2016-09-02,0.0044979007064362975,-0.0025979618432998564,0.01016445482850692
2016-09-06,0.0030178245110930035,0.004653037913517011,0.016766351430797855
2016-09-07,-9.160305849409411e-05,0.0005354653360338801,-0.003424413203932275
2016-09-08,-0.0022853476839816977,-0.004919659047038394,-0.005315481388614707
2016-09-09,-0.024226025438356835,-0.004762948533496569,-0.0066053267601926535
2016-09-12,0.014245242899939115,0.0009006811830714057,-0.0012631537514558033
2016-09-13,-0.014479601383305507,-0.003697358063227796,-0.006657679739988431
2016-09-14,-0.00037517189341418344,0.0022554785586219595,0.003413652381389909
2016-09-15,0.009943358768819799,0.00027072269823946726,-0.006440074325495537
2016-09-16,-0.003873229718290183,0.0010809428381346464,-0.002475784418470184
2016-09-19,0.00018734524287467025,-0.0017118733754939441,0.002076861031546251
2016-09-20,4.7102243277308276e-05,0.001531681561472098,0.0009571124160192568
2016-09-21,0.011182306004884346,0.0016195181510800793,0.014483211562644982
2016-09-22,0.006282209573007513,0.002961759701356037,0.002354443530493633
2016-09-23,-0.0054945034920868,0.00044805791759827684,0.0006269244831305087
2016-09-26,-0.008135124723882114,0.0028622578623416217,-0.0007836871273143586
2016-09-27,0.006188506948120676,0.001695831295104533,-0.00731797170627857
2016-09-28,0.004951482617755687,-0.0004456755947828128,-0.003164070980187006
2016-09-29,-0.009088642184363671,0.0006237182255395268,-0.0011891200048346207
2016-09-30,0.0075180830344665495,-0.0024988486005126376,-0.00341663600998654
2016-10-03,-0.002407347413170058,-0.0023300935155941005,-0.0025502061636872853
2016-10-04,-0.005110735621296492,-0.004585550445278308,-0.03532787258610437
2016-10-05,0.004415503543277133,-0.00225613305067629,-0.0015718922897907106
2016-10-06,0.0006952320780193588,-0.002079069921004262,-0.009316280206748573
2016-10-07,-0.0034352512153699166,0.0014469827467866736,0.0006682890904556871
2016-10-10,0.005194884300491864,-0.0026246199921518,0.0035015108361351466
2016-10-11,-0.012710087986271823,-0.0002723154993109489,-0.005089499061391223
2016-10-12,0.0013111462689598952,0.0,0.0015879882252560762
2016-10-13,-0.003280718108892522,0.0020830420493229695,0.002418993710638695
2016-10-14,0.0005161316773980573,-0.003080389847544218,-0.005597559798284024
2016-10-17,-0.0034781178048906014,0.0021753055872979488,0.0026773752071127532
2016-10-18,0.006242704236385066,0.001989896259848578,0.00616410005463397
2016-10-19,0.00266356058930306,0.00045191892040197246,0.005713611741873237
2016-10-20,-0.0018681638608830653,-0.0009034325783936481,-0.0030597728971404337
2016-10-21,0.00046705590506768146,0.0010836906332505336,0.0007451585177253861
2016-10-24,0.004243813584116296,-0.0013549057727937353,-0.002237080125500057
2016-10-25,-0.0033561257601313343,-0.00018163507420609903,0.007519794693909176
2016-10-26,-0.0020097892113621896,-0.0021723317499748873,-0.005613820564916772
2016-10-27,-0.0026702987887867735,-0.0034505124612547178,0.0018196962666161554
2016-10-28,-0.0029600114724779303,0.00018169558120639806,0.004699292917769604
2016-10-31,4.729505414591273e-05,0.0008185347250231345,0.002956643119974345
2016-11-01,-0.007271907930873844,3.658550141505401e-05,0.006457707460557849
2016-11-02,-0.006036675693040117,0.002997908674679195,0.007387264365792845
2016-11-03,-0.004587588701342682,-0.0006349418827760189,0.005323910740822946
2016-11-04,-0.0011021191774034378,0.0030810297951324728,0.0007237632468992672
2016-11-07,0.02181735965628029,-0.0041711646899846855,-0.018171976119520927
2016-11-08,0.00449357777622339,-0.003550247098401904,-0.004183952404119395
2016-11-09,0.010546255259409776,-0.015346052151698153,-0.0006579098268435501
2016-11-10,0.002492544556636389,-0.006037479871453755,-0.015001711673606977
2016-11-11,-0.002307393398883306,-0.0020515126150648655,-0.022377978717916136
2016-11-14,0.0007851112625658629,-0.005804627239785809,-0.008490234677527297
2016-11-15,0.007772079278845823,0.0,0.008661050768427714
2016-11-16,-0.0018799545167960119,0.0009388585681628925,-0.0029929143246398837
2016-11-17,0.005127415453851647,-0.004419023567695746,-0.00515153957584058
2016-11-18,-0.0022400405944642543,-0.004438091781731046,-0.008818980245607122
2016-11-21,0.007523313618181149,0.0008511721967927599,0.003727307214024478
2016-11-22,0.0019514087215082299,0.0009450595116131666,-0.00034614845492697555
2016-11-23,0.0005437293284478173,-0.0035957868798952575,-0.020019033913875717
2016-11-25,0.0037084638359949906,-0.0008548016683613824,-0.005667237234161959
2016-11-28,-0.004705675088562344,0.004545099918635387,0.010512021380100656
2016-11-29,0.0019481679615047653,0.0010388544073274275,-0.00466822893302421
2016-11-30,-0.0024019364999574577,-0.0067228475762899365,-0.01351008608237958
2016-12-01,-0.0036822244795899906,-0.0038225554149384777,-0.001880954324207984
2016-12-02,0.0005008775605999105,0.0044790684754092425,0.005364806083291818
2016-12-05,0.005990478976526603,-0.0003809187697054739,-0.005364806083291818
2016-12-06,0.0031627780764047486,0.0003809187697054739,-0.0009866853717861446
2016-12-07,0.012995795534573418,0.0033218123573961478,0.003583283615967936
2016-12-08,0.002445762395156592,-0.0037975723147818385,-0.0023276835438492682
2016-12-09,0.0060222686822823945,-0.005149706515786612,-0.010542046205441302
2016-12-12,-0.0011484587789043488,0.00019101988051595242,0.0037971130210445736
2016-12-13,0.0066518058173095085,0.0005735750082225266,-0.0033443584495005396
2016-12-14,-0.008288552816060779,-0.008346526982231595,-0.014775853703028474
2016-12-15,0.004108780146432345,-0.0027975431724032163,-0.013785715901107665
2016-12-16,-0.001957594841209165,0.0012544732709693918,0.006592778565066126
2016-12-19,0.002174930119839047,0.004621531269906498,0.004985177307786692
2016-12-20,0.0038501357036277994,-0.0021156317945081327,-0.00739439021746513
2016-12-21,-0.0027866128097668863,0.0016348426339902744,0.0005564603998493567
2016-12-22,-0.0017290353909276135,-0.00043309266177704586,-0.002413686118826419
2016-12-23,0.0014634176928218778,0.0009622247931710959,0.003155199096608996
2016-12-27,0.002478003558314512,-0.001443453644784043,0.005820121372821063
2016-12-28,-0.008299085377414528,0.003653569550475133,0.002759665575200465
2016-12-29,-0.00022269469037095035,0.0030665056527041656,0.013050610006335894
2016-12-30,-0.003661585421417257,0.0029621601079767856,-0.0061846518231218894
2017-01-03,0.007620908095972823,-0.00047791882366787775,0.007815385138246533
2017-01-04,0.005931524619791517,0.001144719789907711,0.003524147562994351
2017-01-05,-0.0007948402770034946,0.006462533620293698,0.015395946803090865
2017-01-06,0.003571660600973914,-0.004557148565055513,-0.007399862806678037
2017-01-09,-0.003306617558099134,0.0037992766791026256,0.008198942430912126
2017-01-10,0.0,-0.00047460985965042113,0.004251209640408149
2017-01-11,0.0028222172658187716,0.0011375406651028541,0.0030884513564588545
2017-01-12,-0.0025133629064990615,0.0005686940749543012,0.0036058581395099765
2017-01-13,0.00229308207993828,-0.002180068921701306,0.002630155985372973
2017-01-17,-0.003529620482972895,0.005015891203383305,0.014257386660884386
2017-01-18,0.0022074625517403135,-0.007105785822744792,-0.008495159639561045
2017-01-19,-0.00371154180010258,-0.003811042863592462,-0.000870981624312428
2017-01-20,0.0036673902562123217,0.00047791882366787775,0.002436746563514447
2017-01-23,-0.0026054202080318944,0.005233076224378408,0.00641137052410734
2017-01-24,0.006391142023554508,-0.003802972853848452,-0.00450104004040508
2017-01-25,0.00861812785601579,-0.004966448600085549,-0.008275642538443151
2017-01-26,-0.0010456778171921144,0.00133961959298734,-0.009315451405169206
2017-01-27,-0.0015708406398422525,0.001241666918218698,0.0020286289430195836
2017-01-30,-0.0062212505423637765,-0.00028642989787552864,0.004220558088409376
2017-01-31,-8.783881707330465e-05,0.0034332166284940513,0.013768096552716713
2017-02-01,0.000395213930252325,-0.0019181852160281565,-0.00303364136026385
2017-02-02,0.0006590431180280021,0.0003817369902305856,0.005540175253054613
2017-02-03,0.006869094081813465,0.0007636766698304598,0.002500332582847875
2017-02-06,-0.001789244428588077,0.004759197437951279,0.013428758731216739
2017-02-07,4.380658141123206e-05,0.0018027034524052965,-0.0020411460379587965
2017-02-08,0.0013093639166568138,0.0040673381690146115,0.006195677380773645
2017-02-09,0.0059150812005510645,-0.005964891168329878,-0.007644011341684909
2017-02-10,0.0039384019292239,-0.0006651088875377908,0.0026395141502790764
2017-02-13,0.005427942780352524,-0.0015216516769713806,-0.006825925967175905
2017-02-14,0.003987208611383686,-0.0036230009865931834,0.0011123712399383479
2017-02-15,0.0052069191231938206,-0.0019125235338304236,0.0044372173593298925
2017-02-16,-0.0008516087777792336,0.00401091491934924,0.005349691237603871
2017-02-17,0.0015748235500945285,0.0026659743361374666,-0.003393297472611856
2017-02-21,0.0059376575697500655,-0.0004751522684669496,0.000594654010076745
2017-02-22,-0.0008883966928978637,0.0016153976448229912,0.001357919750568648
2017-02-23,0.000677013049794617,0.0026555876953153756,0.008697532157720289
2017-02-24,0.0012679315125447843,0.004629067554688504,0.006369402264058799
2017-02-27,0.0015613969797279026,-0.0035878114885372625,-0.004857175635851085
2017-02-28,-0.002702612833460627,-0.00047358405959840866,0.0009230175401251373
2017-03-01,0.013900645720901217,-0.006990868031219399,-0.001426881753584297
2017-03-02,-0.006317347853898703,-0.0028675929988954962,-0.012508578672614235
2017-03-03,0.0006292232935463105,0.0009571441111715373,-0.0005955140219633392
2017-03-06,-0.0029825038309843066,-0.000191428722401632,-0.006745539852068383
2017-03-07,-0.0029912762503876422,-0.0014360144542315822,-0.008086086565358919
2017-03-08,-0.0018579413944985745,-0.0033581595400580255,-0.006238117890961625
2017-03-09,0.0012669893597330173,-0.0027905011540632074,-0.00514091962225649
2017-03-10,0.003498069392667169,0.0021176794028106016,0.0021815968976861555
2017-03-13,0.000504996163638971,-0.002503378702814807,0.00017429306368743624
2017-03-14,-0.0038340155206091353,0.0010594863786579367,-0.00541813014292547
2017-03-15,0.008616133054986541,0.008726293962292075,0.018492494054676456
2017-03-16,-0.0019685455576787803,-0.0027720008720306666,0.004120559955210545
2017-03-17,-0.0017581221167848327,0.002676218120750029,0.0022248383768923574
2017-03-20,-0.0010973989487030877,0.0023843509733723067,0.004435011725417937
2017-03-21,-0.012922509957888018,0.003328732522487776,0.0087270095580676
2017-03-22,0.002350268594986993,0.0018970403106921552,0.002443451627907045
2017-03-23,-0.0010676945756555867,-0.0010429540105834079,-0.0013473994637163145
2017-03-24,-0.0007263611332479769,0.0005687138871808273,0.0015998188263157687
2017-03-27,-0.0010270208037184148,0.002461660905174412,0.005621040603803529
2017-03-28,0.007250464302765103,-0.003410271898069972,-0.004107796901660521
2017-03-29,0.0009344467942282719,0.002843318635085801,0.0024332009503220675
2017-03-30,0.0031791150596784945,-0.002843318635085801,-0.007233005455457686
2017-03-31,-0.002330551924638158,0.0019915157540744133,0.0021080154307044907
2017-04-03,-0.0017406524308514193,0.004910000890960831,0.0052925502986571615
2017-04-04,0.0006372450247313921,-0.0014163351491047749,0.0022597345773736066
2017-04-05,-0.002977015003388317,0.0018888422123888304,0.0
2017-04-06,0.002807157667032989,-0.0006606169082701285,-0.0036851166978415506
2017-04-07,-0.0010196753374138723,-0.003025429728769957,0.0023466217608154594
2017-04-10,0.0005950181746072758,0.0017972044246512553,0.0
2017-04-11,-0.001190690820778606,0.004620030143661857,0.014378002485396557
2017-04-12,-0.004391479569006762,0.0031003268226434955,0.006825356086692658
2017-04-13,-0.006515955157151865,0.0029969930905862086,0.004742072843749945
2017-04-17,0.008820797103930467,-0.0015911850686416429,-0.0029407031136141626
2017-04-18,-0.0029886565911914076,0.005697194871347122,0.004733558474010913
2017-04-19,-0.001840280065473543,-0.0026113205686506546,-0.008914361418129069
2017-04-20,0.008106265099671717,-0.0022433192631767795,0.0018876096148856547
2017-04-21,-0.003192043579100634,0.00046794827693830143,0.002865670925195296
2017-04-24,0.01093770831721752,-0.0020604154503089944,-0.006809117727286207
2017-04-25,0.005801819459557933,-0.005167484629813757,-0.010176758825308774
2017-04-26,-0.00062896745550578,0.0026334704220563054,0.004894417227160552
2017-04-27,0.0008386093335959188,0.0006579355082934057,-0.003730858335882381
2017-04-28,-0.0021818339591508362,0.0010328968914601333,0.003151414614046999
2017-05-01,0.0025170217450707355,-0.0021633598726902292,-0.00914994320663709
2017-05-02,0.0003768965980039951,0.0020693006276584214,-0.00016711217732279238
2017-05-03,-0.0012150768148453395,-0.0020693006276584214,-0.014055680078894461
2017-05-04,0.001173329580011817,-0.0022621578109482954,-0.010137688898776531
2017-05-05,0.003929374921890272,0.00018865625388642115,0.0018819613581220196
2017-05-08,-0.00016708750183092036,-0.0024559430275123972,-0.002224522938679918
2017-05-09,-0.0009184491030698183,-0.0011358900062283794,-0.0060137375316386965
2017-05-10,0.001794574930509718,-0.00037897711398393596,-8.619187440839227e-05
2017-05-11,-0.002044973022779395,0.0007579009045608487,0.00395630586279605
2017-05-12,-0.001672450510080914,0.005098594291374603,0.0028286293961139464
2017-05-15,0.005508196397199683,-0.000659792016111993,0.0026498930493215056
2017-05-16,-0.0009157813823570393,0.0013180722608154838,0.004344332691826658
2017-05-17,-0.017903393137755685,0.007967586418359929,0.01802608924299154
2017-05-18,0.004020290732190013,-0.00028026075116560634,-0.008214659464641727
2017-05-19,0.006483269580411566,-0.00028025025364275535,0.004953655816689384
2017-05-22,0.005064646833505826,-0.001121341249691099,0.004178861021673974
2017-05-23,0.002210034590809151,-0.00262186980854473,-0.006358807682167011
2017-05-24,0.0023304034612579017,0.0020606826958040614,0.003937188086656995
2017-05-25,0.00476791049740477,0.0005611871127406687,-0.0010874337201158824
2017-05-26,-0.00020653647887147741,0.0006545284253132166,0.008832634206009438
2017-05-30,-0.000869234267713459,0.0025198931493806143,-0.00332393130843478
2017-05-31,-0.0002487002611379907,0.00046652667565894035,0.003987406451696707
2017-06-01,0.007920712284149367,-0.0005231467211697094,0.0008286937780717096
2017-06-02,0.003323313772080283,0.004379064525254606,0.007345383440386044
2017-06-05,-0.0007376165418868652,-0.0016746632699291553,0.0009862969865501725
2017-06-06,-0.003202229405007806,0.0031608824579025807,0.01119151579658162
2017-06-07,0.0018487469771848453,-0.0018579865752794689,-0.0052942623192704374
2017-06-08,0.0004922295157090417,-0.0015826192021783925,-0.0065546767029749375
2017-06-09,-0.0015186556391304507,-0.0009318523376187215,-0.009166426122606097
2017-06-12,-0.00020578867894904818,-0.00018649246909863137,-0.0014943988172202438
2017-06-13,0.004878367125217942,0.0003729501652411926,0.000996535081683625
2017-06-14,-0.0012685379534680408,0.005206396999472673,-0.005493177805750982
2017-06-15,-0.0019262017355377026,-0.0017632300686161173,-0.00418165701990425
2017-06-16,0.00021839434797144008,0.0005568895911629568,0.00016757431865954686
2017-06-19,0.008290677378793632,-0.00278932703474144,-0.007654460097333171
2017-06-20,-0.006767152246859531,0.002510788391096419,-0.0021131828104241634
2017-06-21,-0.0002468223798919311,-9.256873334528848e-05,0.00287280588176575
2017-06-22,-0.00045283467505452535,0.0009282170270861201,0.0033692883509406357
2017-06-23,0.0011935523873471965,0.0002784826344592872,0.0042794455030730205
2017-06-26,0.0006577630202730944,0.000834188756160259,-0.008999595546856476
2017-06-27,-0.008088800670527085,-0.004924442921258709,0.003794725232619811
2017-06-28,0.008910612805583362,-0.0009318523376187215,0.0007572586086643796
2017-06-29,-0.008827755353925326,-0.0037362062773560467,-0.0048900007067285145
2017-06-30,0.001862734062078708,-0.0023418245244375413,-0.0025387426380500955
2017-07-03,0.0016944546244177516,-0.0036804222012500887,-0.016488352380743088
2017-07-05,0.0023090793353501837,0.0007544537518517913,0.0036971824767881856
2017-07-06,-0.00918637068776107,-0.0018861708415274236,-0.0004291636859008463
2017-07-07,0.006463971964505433,-0.001606240390810143,-0.010269798493158788
2017-07-10,0.0010735074535244138,0.0013232006352961179,0.0016468254331298837
2017-07-11,-0.0007429687605409185,0.0013208246498246368,0.0012982088742115039
2017-07-12,0.0074867020563651465,0.0029188853641279877,0.0035397924292919214
2017-07-13,0.001678905150917842,-0.0010350269666608014,-0.0018115086761429922
2017-07-14,0.004652949235787851,0.0014110374993858699,0.008168900176640292
2017-07-17,-0.00012205052184555143,0.001220969485261847,0.0044433489997173226
2017-07-18,0.0005293497760527899,0.003654611592338597,0.006966890452322794
2017-07-19,0.005399415745175773,0.0,-0.00025402243234751154
2017-07-20,0.00044529875833276833,0.00028018866338364035,0.0013540627739274669
2017-07-21,-0.0008907958959918361,0.0017749550820171933,0.008589562474350387
2017-07-24,-0.00024302391856867445,-0.0006534755603668785,0.0004191258176566848
2017-07-25,0.002427869373864411,-0.005619749404840668,-0.0032741446924653417
2017-07-26,4.0374383360131105e-05,0.0031881223506804446,0.008040236804836454
2017-07-27,-0.0009298757356193121,-0.001592523245564692,-0.0007510021513583709
2017-07-28,-0.0011738187355332386,0.0016866770172532242,0.00748507747253413
2017-07-31,-0.0005669364810669819,0.000280628877449729,0.0004969976741389104
2017-08-01,0.002226352068079862,0.0024807691018953193,-0.0008284878144895202
2017-08-02,0.0004847225899125007,-0.0009353410181685007,-0.0020742591700591007
2017-08-03,-0.0019416524074706842,0.0034567988641276415,0.0015767861990996224
2017-08-04,0.0018204583048202494,-0.002708189795983529,-0.00782550463999776
2017-08-07,0.0018577362873228864,0.0005608009520159385,-0.00117075935353661
2017-08-08,-0.0024640692268231845,-0.000841763329451517,0.002924332368544391
2017-08-09,-4.0615154869527714e-05,0.00121542642725192,0.012024832535233898
2017-08-10,-0.014215827820480698,0.0037302968723409435,0.007391636301004034
2017-08-11,0.001475898069453585,0.0011168663637040055,0.0047347176699812366
2017-08-14,0.009864206452300905,-0.0024205562855756924,-0.0071105097086192615
2017-08-15,-0.00012156533003082615,-0.0029873757843601467,-0.007739806493236578
2017-08-16,0.0017426610575439483,0.001867801192457108,0.0073296549457868565
2017-08-17,-0.015713620919463267,0.003540130877478731,0.005074451187160101
2017-08-18,-0.0015643258616355737,0.000185479088074203,-0.0015523089133786527
2017-08-21,0.0007824326809160453,0.0006502286304810312,0.0037541795070419326
2017-08-22,0.010402753318530245,-0.0019525740822592397,-0.004490378194735634
2017-08-23,-0.0035918424682286343,0.0034386087514395314,0.0037569391595084767
2017-08-24,-0.002333316939099106,-0.0015788859945677913,-0.0031025274301850203
2017-08-25,0.002333316939099106,0.0016715028060474424,0.0036729988686285964
2017-08-28,4.0990098240989425e-05,0.0009265761696033437,0.015762397031869213
2017-08-29,0.0011441730111538817,0.0023142707419205877,-0.002167752218151797
2017-08-30,0.004726370604949182,-0.0008321271598878965,-0.00048233427165644827
2017-08-31,0.005998104238960522,0.001571146690523939,0.011671721617894093
2017-09-01,0.0014128684081065046,-0.0029465208069039406,0.001905653001557539
2017-09-05,-0.007207960234747901,0.006936637108241328,0.011044617985342065
2017-09-06,0.0034083715198809372,-0.002399460033501555,-0.005112698708954255
2017-09-07,-0.00012181473245842511,0.004332516692365118,0.01035552763541947
2017-09-08,-0.001175388869990357,-0.0007363981518135887,-0.0012495406412700305
2017-09-11,0.010609689542151024,-0.005723375871976799,-0.01400714397659808
2017-09-12,0.0033649398596260482,-0.0024099197433145036,0.0029277577169537494
2017-09-13,0.00047985289176111223,-0.002043702116474755,-0.007534611170576966
2017-09-14,-0.00031992314256346077,0.0001860999552452114,0.004369098124020532
2017-09-15,0.0013451912815405365,0.0012083662529933648,-0.0050062075765593406
2017-09-18,0.0021246940821137983,-0.003908090932918107,-0.009364174007228776
2017-09-19,0.0010005900889638042,-0.001119345265927052,0.002088539057238492
2017-09-20,0.00035985570384422516,-0.001961408913767393,-0.008056762706663001
2017-09-21,-0.002682745571490841,-0.0013102789054517672,-0.0076330247154432485
2017-09-22,0.0002006731066002132,0.0017776300928415978,0.004554314660935255
2017-09-25,-0.002046792570763678,0.002985886573923402,0.010412984536013248
2017-09-26,0.0006023090472204728,-0.0008387030889602798,-0.01122472640407679
2017-09-27,0.003886663806307311,-0.005143344920811366,-0.009464790137827528
2017-09-28,0.0011990743575491791,-0.0001872974651719872,0.0018837445698105526
2017-09-29,0.0035088647423071606,-0.0012190010947641383,-0.005168371577412678
2017-10-02,0.004329235019605804,-0.0011390765881653664,-0.006684614889873153
2017-10-03,0.002137953837761053,0.001411991623083253,0.0004967317019950457
2017-10-04,0.001185826046263827,-0.0002824346023668767,0.0028098889387884185
2017-10-05,0.005907511343834493,-0.0010351484484898421,-0.005378816723625945
2017-10-06,-0.0011393463386744074,-0.001224172899453535,0.004718354115049728
2017-10-09,-0.0016526037384920755,0.0011297643272270008,0.008142542011553289
2017-10-10,0.002634842890774536,0.0003771356463575515,0.002617800009600657
2017-10-11,0.0015697567372390253,0.0011281530615265822,0.0031812040839058753
2017-10-12,-0.0014912000587097296,0.0009398671126232827,0.0008140547013937294
2017-10-13,0.001216600213632013,0.0033741186644329346,0.007539254296556663
2017-10-16,0.0013326249794562983,-0.0016858580020118197,-0.006888462515219906
2017-10-17,0.000705002233956975,-0.0003747453279432378,-0.006854404417199866
2017-10-18,0.0009782169142020791,-0.0025351679765570623,-0.0037735819439879137
2017-10-19,0.0002734998662186072,0.0010333588546975747,0.005900215657302255
2017-10-20,0.005147139610993001,-0.004140661023244618,-0.006393454395473341
2017-10-23,-0.0038967830309895035,0.0009430563043819618,0.001561172319444637
2017-10-24,0.0017553261973448642,-0.0030196998837768163,-0.0038662591759726084
2017-10-25,-0.004962401791726023,-0.0016079433540037158,0.0001647984431061289
2017-10-26,0.0012918968499677774,-0.0013257423570438576,-0.008440935931399274
2017-10-27,0.008142804272969428,0.003217024983825034,0.004725786574733881
2017-10-30,-0.0037319330015588292,0.0035828639652848437,0.0019005561122993342
2017-10-31,0.0015566763134131634,-0.0006582305225064644,-0.0038047944426038427
2017-11-01,0.0013212315504977923,0.000603090160206321,0.00363969666116315
2017-11-02,0.0003884131378049105,0.0013195944209352106,0.0006603535530684823
2017-11-03,0.003333153046011006,0.001599284854177263,-0.004714451332297642
2017-11-06,0.0015465797861669017,0.0012215408652807014,0.00850295097934417
2017-11-07,-0.0006955230928440415,0.0003757224452316521,-0.003623510843532962
2017-11-08,0.0016992693494080058,-0.0012211705000506612,0.003459056119704762
2017-11-09,-0.003634248573770371,-0.0003760928104616923,0.004102401645100784
2017-11-10,-0.00030989840027029203,-0.005089494133780015,-0.008221702339946901
2017-11-13,0.0009295424900486182,-0.0004727376724407151,0.0014849063034310106
2017-11-14,-0.002325512219734094,0.0014174539109088613,0.002058715307154735
2017-11-15,-0.005017408603044338,0.003580506644725645,-0.0012346702455872105
2017-11-16,0.00846474404964681,-0.00254267823540566,-8.23865246282196e-05
2017-11-17,-0.002943087600240979,0.0013194865311421111,0.011954609509227332
2017-11-20,0.001704805998216763,-0.0016027722354889917,-0.012696268046166637
2017-11-21,0.0065215010177661625,0.00018856902809538667,0.0016473488437398487
2017-11-22,-0.0008848662476905744,0.0032016661622433773,0.009175087875408217
2017-11-24,0.002307090918008292,-0.0008464818726894308,-0.002531110250715507
2017-11-27,-0.0004992705177029322,0.0006583379923448263,0.004160741332319695
2017-11-28,0.01009381095395856,0.0001881438803446045,-0.0001628747154764909
2017-11-29,-0.000609138498720796,-0.0032016661622433773,-0.0062895583924209575
2017-11-30,0.008716932083290274,-0.003117017771415931,-0.007732229391441692
2017-12-01,-0.0020774207895311037,0.003688745571873042,0.004038061230928314
2017-12-04,-0.0012108540762527653,-0.0004724670877473969,-0.00337765315460814
2017-12-05,-0.0036030175116641416,0.0007553594606628522,-0.007122188370048299
2017-12-06,0.0001898866357272766,0.002074412390612679,-0.0020799541641842723
2017-12-07,0.0031481457541673308,-0.0017916890292637433,-0.013246352701112407
2017-12-08,0.005438080644147192,-0.000754700485810389,-8.435250698735075e-05
2017-12-11,0.003008776146652181,-0.0006608750423584553,-0.003974813553107026
2017-12-12,0.0017631333999910126,-0.0008513072966875868,0.0011856318079059847
2017-12-13,-0.00011224555094724309,0.004058571854120174,0.008596013189973384
2017-12-14,-0.004094824362208094,-0.00037695907863355416,-0.0020159424324850406
2017-12-15,0.008293020819237107,-0.00018897732479494778,0.002099870574296503
2017-12-18,0.006321138659075132,-0.002263835447847029,0.004604277886820718
2017-12-19,-0.003847657738931254,-0.004543730532762247,0.0007513783425441289
2017-12-20,-0.0005242259393236637,-0.0029451759747685102,0.0026671102328528207
2017-12-21,0.002057518166521888,0.0007047021547688104,0.00141400041112405
2017-12-22,-0.0002615470843183587,0.0003805461928596543,0.005222850279183788
2017-12-26,-0.001197194112762645,0.0003811185269597672,0.006839416919106611
2017-12-27,0.00048652688633765706,0.0042728963161771105,0.0037705513021490944
2017-12-28,0.0020555481801283193,-0.0012321149108052154,0.005059543293278068
2017-12-29,-0.0037776980413966044,0.0016118210460236426,0.006490919761210634
2018-01-02,0.0071315882182991785,-0.0033210387854962775,0.012058023762451242
2018-01-03,0.0063052980283391236,0.0010443921244300824,-0.0026403330092135135
2018-01-04,0.004205763370237037,-0.0004745071464791195,0.0051142783102626765
2018-01-05,0.00664249030296471,-0.001235579543839016,-0.0010367021379344976
2018-01-08,0.001826626859340763,-0.0004755883412093098,-0.00015962553903658971
2018-01-09,0.0022608592354318446,-0.004768725309618915,-0.004639219643041592
2018-01-10,-0.0015309134446885864,-0.00028675428659585833,0.0024022706924071713
2018-01-11,0.007269420385672909,0.0006686654242438195,0.003273877321211316
2018-01-12,0.006497700713413934,-0.0006686654242438195,0.012044492942167473
2018-01-16,-0.003424067991459445,0.00047763805651701574,0.0016526906271696618
2018-01-17,0.009486292739776303,-0.0022006145470774285,-0.008132363237353779
2018-01-18,-0.0016816968897162,-0.0031662798231897327,-0.0022222134485856415
2018-01-19,0.00453933233058379,-0.0025973607421212463,0.004439499612016284
2018-01-22,0.008098056013607469,-0.00038603771168244094,0.0018177059354300695
2018-01-23,0.002120057626191496,0.0028874475197797622,0.004961985943157998
2018-01-24,-0.0003882611170107353,-0.0019241290420559665,0.012104345577546027
2018-01-25,0.00042335489839562257,0.002212497216896203,-0.006697849027903047
2018-01-26,0.011511411210478606,-0.0029834589733450656,0.000781175638679521
2018-01-29,-0.006651852626611721,-0.002508441889309765,-0.0056378571834709845
2018-01-30,-0.010310207336440058,-0.0023213706660074607,-0.004328123373076309
2018-01-31,0.0004971353763876252,0.00029054598591571335,0.006681089570491849
2018-02-01,-0.0011362936197336637,-0.005171569702261181,0.0032848909860554443
2018-02-02,-0.022010139417505847,-0.0037105269254036344,-0.013204686797240406
2018-02-05,-0.04272230798633192,0.008183403456421878,0.002528643755518978
2018-02-06,0.01951084495495259,-0.004375727880492342,-0.01055189964568104
2018-02-07,-0.005439842009089091,-0.002928131852046434,-0.0047167720834533355
2018-02-08,-0.03823045628372945,0.0008790463061236764,0.001521419504395105
2018-02-09,0.014909780895743019,-0.0017585900300067792,-0.0016817358427463347
2018-02-12,0.014577883519240054,-0.000293874692990137,0.004797371517787141
2018-02-13,0.002484243330931335,0.0016624649155341231,0.0056472535967850845
2018-02-14,0.013406091426279687,-0.00607598919536656,0.016908852519764928
2018-02-15,0.012679131405029409,0.00029489718574016166,0.0011691607653974145
2018-02-16,0.00029304501410365447,0.002355775438509511,-0.0032769459911659027
2018-02-20,-0.0062811728849689885,-0.0010789531236365946,-0.013532867750938316
2018-02-21,-0.0049864713737788335,-0.002948193540153632,-0.00460496405778521
2018-02-22,0.0012956021230197123,0.001376474039540554,0.005080177401413977
2018-02-23,0.015813525277654783,0.0038262522876371108,-0.0012676571223932953
2018-02-26,0.011545121113620382,0.0011741073305246985,0.0024545525850454553
2018-02-27,-0.012564795445547894,-0.003133836968945758,-0.01049377405473173
2018-02-28,-0.010181973090947594,0.002351436018122044,-0.0010394376248337167
2018-03-01,-0.014647420007917411,0.004294091584625903,-0.0022425027652310803
2018-03-02,0.005141500053847281,-0.0037156962263598103,0.005357640797750918
2018-03-05,0.011491636948644413,-0.001274551121603018,-0.00167617140037013
2018-03-06,0.002532061621636217,-9.791131591363467e-05,0.010726720619182117
2018-03-07,-0.00036669217444096347,0.0,-0.006422202914569297
2018-03-08,0.004827437987035665,0.00205771216115469,-0.002389131123572419
2018-03-09,0.017252488134193555,-0.002156093674795301,0.0009563496666080695
2018-03-12,-0.0012557280005465188,0.002351963775951482,0.0
2018-03-13,-0.006483594221269762,0.0016625687871396622,0.001909899228191847
2018-03-14,-0.005145021472802824,0.0019525225575334204,-0.0006362480921948688
2018-03-15,-0.0010901063906283426,-0.00039018132110868464,-0.00638466196975962
2018-03-16,0.0010837929185312234,-0.0011715499616915537,-0.0024048352412036067
2018-03-19,-0.013622239380141288,-0.0009771728752436815,0.0021646240154513663
2018-03-20,0.0016988665256132407,-0.0019573070114233815,-0.004494791958621569
2018-03-21,-0.0019208460875068667,0.0006852497236380373,0.01730579327847348
2018-03-22,-0.025315171880740728,0.0041037722022618794,-0.003961028602094352
2018-03-23,-0.021544894652377522,0.0013638549325207805,0.012855551688486955
2018-03-26,0.02699158734511009,-0.0027299391952313456,0.005236622780198097
2018-03-27,-0.017158296207656853,0.005646809869037206,-0.006177451915060139
2018-03-28,-0.00295923600395831,-0.0001940902399901745,-0.013901136089334187
2018-03-29,0.012696840114093888,0.0020371174710884787,0.00047707982436850926
2018-04-02,-0.021821080958809524,0.00101854988050043,0.011618397461990781
2018-04-03,0.012735604328037553,-0.0032051124196570413,-0.0075722010717775845
2018-04-04,0.0106422746039323,-0.000583770060072375,0.00118689546265216
2018-04-05,0.00786098220045428,-0.0025345913757099936,-0.005153580456720874
2018-04-06,-0.02253805549305543,0.004382423333979091,0.0046789913047762255
2018-04-09,0.004916088615390279,0.00019442037269890022,0.0033963960355940515
2018-04-10,0.015775448465790376,-0.0017497774182313464,0.002362787969159008
2018-04-11,-0.005255842279164646,0.0009722335304029883,0.0077577307979446175
2018-04-12,0.008193352361426598,-0.0036038427186602107,-0.011698777825105644
2018-04-13,-0.0029375100822619515,0.0008779423147764476,0.006533610069864082
2018-04-16,0.008187942646220137,-0.0004873255248085684,0.0014113245973428334
2018-04-17,0.010641939983971227,0.0005846342266000448,0.0009397976090923521
2018-04-18,0.0007398850902520238,-0.00390663204984687,0.0007824607184669929
2018-04-19,-0.005562914324084289,-0.0027436137025942386,-0.0019573308498896935
2018-04-20,-0.00851574006670397,-0.003342427384601443,-0.007630932179695016
2018-04-23,-0.0001498100152712567,-0.000984772939221834,-0.008007927882251131
2018-04-24,-0.013558990079921784,-0.0011828980844690307,0.004844167468110783
2018-04-25,0.002468484209435573,-0.0021728434517394035,-0.0065172673215023735
2018-04-26,0.010114860729338204,0.0028634532571132354,-0.0035146807713912764
2018-04-27,0.0009382378386790791,0.0016748959437364874,0.004232040306177076
2018-04-30,-0.007720251312902882,0.0010817699052294572,-0.007277441654352401
2018-05-01,0.0017750036284409632,-0.0015677530033952891,-0.007088207443339378
2018-05-02,-0.0067399380969925815,0.00019752256921101718,-0.0004851031664152572
2018-05-03,-0.002206239785023989,0.002561211505726746,0.0050820683949135415
2018-05-04,0.012863363433757158,9.867817281872249e-05,0.0020898820929318163
2018-05-07,0.0033776059433670014,-0.0004915543486339047,0.00024084765259058116
2018-05-08,0.0,-0.0016751607589577944,0.00016051246931869656
2018-05-09,0.00961933334637255,-0.00227089698245031,-0.0020889812252642415
2018-05-10,0.009307000393217635,0.0020736563396477337,0.00681336824222889
2018-05-11,0.003046744304219473,9.816391056016727e-05,-0.0014389666321497074
2018-05-14,0.00047662940569015433,-0.002171820250207901,-0.004088363068462719
2018-05-15,-0.0069109827365396725,-0.0055493776721506904,-0.016277595476396733
2018-05-16,0.004196348700602925,-0.002088609243632966,-0.0015524980696373092
2018-05-17,-0.0008454611488772912,-0.0005974543924480713,0.0005722435830604056
2018-05-18,-0.002502908822613392,0.003878341844215427,0.0004085717333053296
2018-05-21,0.007490390806641045,0.0006946231962539073,0.000571682753271574
2018-05-22,-0.002783973172168608,-0.0003971469513075476,-0.000571682753271574
2018-05-23,0.002747559708365266,0.00455349026111751,0.0010614187645909823
2018-05-24,-0.0020506649562088697,0.002565603702952224,0.008532091201768566
2018-05-25,-0.002385407817222962,0.003933200723039043,-0.003079396764578135
2018-05-29,-0.011568126537165213,0.010736844501164633,-0.00016231041385150746
2018-05-30,0.013256639602231779,-0.004281187842099854,0.001460093554237929
2018-05-31,-0.00614479956005809,-0.00048732644294258165,-0.002190971551372378
2018-06-01,0.009769902878843162,-0.003701331161536814,-0.004967644235412294
2018-06-04,0.004740323632490551,-0.003538932437306741,-0.0009801121170802674
2018-06-05,0.000726961070479426,0.0025569220269821002,0.003914822104047921
2018-06-06,0.008325845008972266,-0.004034468057413143,0.0005696358194509088
2018-06-07,-0.0001080941081346154,0.004230947302185761,-0.0004882216623283142
2018-06-08,0.0029519725622551007,-0.0013755234803705108,0.0012201695433651238
2018-06-11,0.001329455898191334,-0.0009835845784493813,0.0017868849442264079
2018-06-12,0.0012913204724593896,-0.0005904867284032278,-0.003332688774722037
2018-06-13,-0.00319600362570327,-0.0011827569493352286,0.0030080323755869998
2018-06-14,0.0025145914637993982,0.0031498445400321984,0.0015411027282308254
2018-06-15,-0.0012765919114583468,0.0007860279517535318,-0.016672509186741458
2018-06-18,-0.0020589295178830014,0.0004910799241182318,-0.0018972637609842025
2018-06-19,-0.00384000513817373,0.002646593796453267,-0.002562917808995202
2018-06-20,0.0017043888111407668,-0.003235881970280907,-0.004480227388754976
2018-06-21,-0.006288669345822839,0.002648426177719543,-0.0017477352868704443
2018-06-22,0.0018215563429082593,0.0001958874255318932,0.0024126912728643646
2018-06-25,-0.013706358906843796,0.0013694994010675643,-0.0037463887322166656
2018-06-26,0.0022117347285863787,0.0004893372955310227,-0.0052686490212927595
2018-06-27,-0.008318790082016747,0.0038056346024388787,-0.005718147886605074
2018-06-28,0.005701619505299682,-0.000975012007900844,-0.0030405479988209194
2018-06-29,0.001438445857065318,-0.0007797473682318312,0.0036306900201950043
2018-07-02,0.0021353492041846778,-0.0006847377246073094,-0.010080153442110884
2018-07-03,-0.0035371502359975437,0.0025399644558667944,0.010080153442110884
2018-07-05,0.008124745813143264,9.75482347476131e-05,0.0033656028250153014
2018-07-06,0.008422513030597933,0.0008773245174369393,-0.0015972634935632612
2018-07-09,0.008964202057756943,-0.0025367579114927707,0.0024368812775596993
2018-07-10,0.0035919491240505863,-0.0007825873760634039,-0.0018481290459551047
2018-07-11,-0.007341564919637555,0.002051952609628316,-0.010905978807670635
2018-07-12,0.009025378722643751,-0.0003906752641871236,0.004156581212429344
2018-07-13,0.0007869104540221272,0.0016580679421149824,-0.0044116186573557314
2018-07-16,-0.0008948112708822009,-0.0016580679421149824,-0.0005102701051304948
2018-07-17,0.004037750129099571,-0.0005862537055616457,-0.01086273575472596
2018-07-18,0.0021010803868186656,-0.0007812652294569844,0.0002579541677247832
2018-07-19,-0.003778592252785984,0.002733170315624811,-0.004308123245285955
2018-07-20,-0.0011437126786866258,-0.003515593441915321,0.006455244826309325
2018-07-23,0.001858061622177054,-0.004903765633113011,-0.004815949835095701
2018-07-24,0.005019375512338442,0.000688212740395322,0.0003447760365951069
2018-07-25,0.008486438555555864,-0.000688212740395322,0.005500180472054694
2018-07-26,-0.002362030331537923,-0.0010815440052187597,-0.007829712393953692
2018-07-27,-0.006799108198374704,0.0015736176631468979,0.0005181795313147219
2018-07-30,-0.005237599136724391,-0.0012788685242597353,-0.001555212880989032
2018-07-31,0.004917078097727234,0.0013768513061078735,0.0029355602050307184
2018-08-01,-0.001671521505588025,-0.0023658054668560524,-0.007355188129705148
2018-08-02,0.005432834054667879,0.0011840607452153762,-0.005399323029875447
2018-08-03,0.004275686897011077,0.0025588060872534513,0.0034867672609539824
2018-08-06,0.0036601800332265455,0.0004920208525209802,-0.005147198608389303
2018-08-07,0.0032969949370418306,-0.002066431176650063,0.0022714889105870384
2018-08-08,-0.0004205335477918126,0.0008864369465619859,0.002788736658923874
2018-08-09,-0.0013670044922040603,0.0027500620092650863,-0.0014805645831970082
2018-08-10,-0.006722284575831239,0.004308198889611425,-0.0004358228922827223
2018-08-13,-0.0037507596094101814,-0.000293253175327024,-0.015199092023380878
2018-08-14,0.006360296968089152,-0.0009778895371352903,0.0009733276081034248
2018-08-15,-0.007495307244695937,0.0024421163784023037,-0.016766621575930785
2018-08-16,0.008059221049529164,-0.0002925468071932613,-0.0008097887609235244
2018-08-17,0.003514010115457822,0.00039028538434671134,0.009228205066865947
2018-08-20,0.002137630399285051,0.0031171734115194027,0.0049818196508901735
2018-08-21,0.0023424863507734983,-0.001362681139164934,0.0029240568705199976
2018-08-22,-0.0005938096409270344,0.0018489872720772738,0.002209555076481351
2018-08-23,-0.0013287539315873786,-9.729656615853344e-05,-0.009491353686729376
2018-08-24,0.006000035556120942,0.00029104768193022323,0.017318039357995474
2018-08-27,0.007864802599836018,-0.002237882383265166,0.003759503232664052
2018-08-28,0.00048245081664877176,-0.002242175268833968,-0.007973022006626529
2018-08-29,0.005366983532298697,-0.00029326305765486893,0.004563784025624962
2018-08-30,-0.004057323220499676,0.0018544916329474859,-0.004915718883920839
2018-08-31,3.466967929099951e-05,0.00019418912232094243,-0.001144594028062329
2018-09-04,-0.0017235403047317632,-0.0022875143653706687,-0.005122797149080149
2018-09-05,-0.00269511702946712,-9.785740004009114e-05,0.0034475118313483932
2018-09-06,-0.003014667799029702,0.002053722544610892,0.00193953353678733
2018-09-07,-0.0019450452303999555,-0.004503912574683966,-0.0027340278330774126
2018-09-10,0.0017370719454543604,0.0005884404140772403,-0.0007067924079828813
2018-09-11,0.003292224251317144,-0.0036353407241707103,0.0006184538252069771
2018-09-12,0.00024228097641110224,0.0011807617133348103,0.008355710260063098
2018-09-13,0.0058967030939669485,-9.829033686603594e-05,-0.003597564816940846
2018-09-14,0.0001720724519334027,-0.0018700858444118396,-0.006526220333751276
2018-09-17,-0.005308273084270176,0.00019748744830305753,0.005206771454576931
2018-09-18,0.005411123193597156,-0.004145167196091926,-0.0014974516487722411
2018-09-19,0.0010652033908309377,-0.001682917484107982,0.0038711539862426037
2018-09-20,0.008071122304508904,9.976588128246533e-05,0.003418801489790013
2018-09-21,-0.0009141982259599502,0.00039547147986684905,-0.0068493312914386095
2018-09-24,-0.003327197035770446,-0.0010896252970660214,-0.00017621292913982955
2018-09-25,-0.0009281170084145529,-0.000992077043783901,0.0015850681638402975
2018-09-26,-0.002997130045316432,0.00326938246380859,-0.005293338005936121
2018-09-27,0.0027905811705748462,0.0,-0.008884998236124986
2018-09-28,0.0001029256863285255,0.0004943130695576059,0.00631645770822864
2018-10-01,0.003468367600120814,-0.002538677869894812,-0.0016864375351177685
2018-10-02,-0.0005828559115572673,0.0025784068740506427,0.011482223287118565
2018-10-03,0.0005485104819245024,-0.007455800720383543,-0.003959744500981799
2018-10-04,-0.007846421833296091,-0.002597820568380982,0.0005289130805081754
2018-10-05,-0.005612938417577595,-0.002403621359619912,0.0028159089867116904
2018-10-08,0.0,0.00040069543578002964,-0.011133826368820543
2018-10-09,-0.0014599856392019106,0.0019031992545377463,0.0005329800140057017
2018-10-10,-0.03217518398425234,0.0004997382570879338,0.0024835810584162843
2018-10-11,-0.02227316405727997,0.004091357851251587,0.025366544894875886
2018-10-12,0.013793000043543557,-0.00119524098443069,-0.004761667949174431
2018-10-15,-0.005632697206233495,0.0005981221801967251,0.006660030947979401
2018-10-16,0.0216297779375072,-0.00010044697063893437,-0.001725599613775941
2018-10-17,0.00017889179639141162,-0.002893470079754046,-8.637796161536926e-05
2018-10-18,-0.014546698542683423,0.0017970374402587197,0.001122068685606159
2018-10-19,-0.0005428999421130953,-0.0011979436904603347,0.0007761304849287498
2018-10-22,-0.004498690797622551,0.00019940230267057046,-0.0025893597255199907
2018-10-23,-0.0051035677965813875,0.0025937858980515927,0.0058595627338764444
2018-10-24,-0.030767241938055356,0.005364746116547359,0.0023171370069290376
2018-10-25,0.017781682870786852,-0.002380860952500896,-0.002231204310531254
2018-10-26,-0.01774404937127727,0.004459428671562904,0.003173610933107085
2018-10-29,-0.005555766349687019,-9.883788547604411e-05,-0.00394713997893259
2018-10-30,0.014709848856307772,-0.002177826745298539,-0.004394427867848272
2018-10-31,0.010624346010946084,-0.00248054053780411,-0.00562895197466684
2018-11-01,0.010585546658603562,0.0008557306135568155,0.012770867635503613
2018-11-02,-0.005940635263089078,-0.00558564749316659,0.00017150439484403535
2018-11-05,0.005501887071815759,0.0005993956489209751,-0.0024032178261350623
2018-11-06,0.006308007636396162,-0.001100431004500635,-0.002839826579174698
2018-11-07,0.0211828099491278,0.0,-8.619930408748644e-05
2018-11-08,-0.0018166978789873056,-0.0014016789480635339,-0.0021569397313125904
2018-11-09,-0.009815687037460386,0.003900934575277404,-0.011291663536045604
2018-11-12,-0.0188624322865385,0.0029902776821284505,-0.007188596482678555
2018-11-13,-0.0018724993262111411,0.0007963959802799181,0.0003518058272167224
2018-11-14,-0.006860237040844375,0.002086162113621448,0.008233404279792467
2018-11-15,0.010382260386720965,0.0006940851987549124,0.0011333182475068426
2018-11-16,0.002597440571647347,0.0030703654084991427,0.007378878966228797
2018-11-19,-0.01705941921676324,0.0014814146398771655,0.0004323180677419103
2018-11-20,-0.018679300241372765,-0.00019715177811718831,0.0
2018-11-21,0.00340187046875684,-0.00019782976160875876,0.0016412774591652024
2018-11-23,-0.006701621458113927,0.0005926419384518766,-0.0007771357154267022
2018-11-26,0.01601580872970576,-0.0007899629299865651,-0.0011235233509472309
2018-11-27,0.0033583827798127075,0.000987310580042866,-0.0059846872094899695
2018-11-28,0.02276454278221518,-9.889705162535734e-05,0.003733780363456063
2018-11-29,-0.0021876038570987077,0.00256323574772388,0.003115272664463653
2018-11-30,0.006076774307361532,0.001966399299796251,-0.0017294794115239043
2018-12-03,0.01315460074084207,0.00218360507386528,0.007501675441847766
2018-12-04,-0.03293879013524581,0.004606933672435254,0.006080599945142318
2018-12-06,-0.001518482287540479,0.0025396385990710257,0.00017072178718180453
2018-12-07,-0.023509926326279462,0.002921048816255656,0.008077219150825599
2018-12-10,0.0018950756058719875,0.0005841735946470195,-0.003477935715566538
2018-12-11,0.00022697825712025832,-0.0025306510358618084,-0.0011903699128756884
2018-12-12,0.0050229293608134995,-0.002732206474219012,0.002124676769657441
2018-12-13,-0.0003392330263469745,0.0005856511318711455,-0.0022097759847801157
2018-12-14,-0.018637432100788942,0.0015615307323288974,-0.004007006751401754
2018-12-17,-0.019813341383817296,0.0029209890295138763,0.006895742533218119
2018-12-18,-0.0010970723857868236,0.0024617730390854575,0.0023726710074090107
2018-12-19,-0.015088990765117494,0.003492393101004687,-0.0061126025718980515
2018-12-20,-0.016411553103991672,-0.001259980924418258,0.01529583691870684
2018-12-21,-0.020702735348661072,0.0008728065736010038,-0.00437046119321316
2018-12-24,-0.026778379458131774,0.002515114406612007,0.010890577890308784
2018-12-26,0.0492901561492749,-0.004745934339661417,-0.0030039490254063494
2018-12-27,0.007648032115180392,0.0025209918463371395,0.0075760760319356635
2018-12-28,-0.001290880818276996,0.005409716549324983,0.004055775698518893
2018-12-31,0.008720763519976416,0.003749267736675499,0.0015682595209627337
2019-01-02,0.0010396512112587075,0.002109469332427949,0.0006595913377136498
2019-01-03,-0.024152062735098845,0.007916991050691102,0.00902531942317264
2019-01-04,0.032946910727046586,-0.008108849769905113,-0.008119106827352951
2019-01-07,0.007853763967745842,-0.0027819399206974182,0.003452516077851797
2019-01-08,0.009351666694184857,-0.0025003188112968644,-0.002711713990728448
2019-01-09,0.004662647732784464,0.000577626737685577,0.006397649700216057
2019-01-10,0.00352121999152466,-0.00048091880076484017,-0.005904086348646587
2019-01-11,0.00038615746534453876,0.0029800607011720714,0.0017256811414601003
2019-01-14,-0.006119547193958574,-0.0005764498267959439,0.002378067354322333
2019-01-15,0.0113955726877073,-0.0009605741606355522,-0.0017215161032266835
2019-01-16,0.0024170191241035255,-0.0005770710996095829,0.0031947551186357614
2019-01-17,0.007557905001093879,-0.0018295622930635247,-0.0013094038577046163
2019-01-18,0.01322226678693994,-0.0031856897538693474,-0.00896648938779876
2019-01-22,-0.013602773223208686,0.0034748840039346973,0.0035468368649853588
2019-01-23,0.0020904455410031275,-0.00048200731023850807,-0.0014007184915953985
2019-01-24,0.0005313622646392346,0.0031764501086852803,-0.001567871305494073
2019-01-25,0.00842588487511442,-0.002309660264333324,0.014511460180241187
2019-01-28,-0.007629305833468436,0.0002896198947537343,0.003493810602621217
2019-01-29,-0.0013279413062852186,0.002883905690736377,0.005580978043919771
2019-01-30,0.015706875906607465,0.002301645104337169,0.005710387238117676
2019-01-31,0.008744087007856116,0.004586668227892332,0.000481058043325433
2019-02-01,0.00048177250757674983,-0.0053646198198622486,-0.00200601872686601
2019-02-04,0.007010233288735179,-0.0022118958823345025,-0.0043467903708815925
2019-02-05,0.0041832213917398775,0.0017315378978359774,0.002578149168765087
2019-02-06,-0.001318956583214792,0.000768797300838564,-0.00678184686965988
2019-02-07,-0.009578638303972653,0.003259337735355139,0.0024273450059935087
2019-02-08,0.0012205299139358416,0.0013396701564758473,0.003791101346321213
2019-02-11,0.0005548729679691888,-0.0015305951013466768,-0.004923141507008566
2019-02-12,0.012777218285411784,-0.001341723596358868,0.0021013677593764157
2019-02-13,0.0032415323892713843,-0.0024954864949640054,-0.0039639080913298486
2019-02-14,-0.002220691010588638,0.004698414143962104,0.005577307519395447
2019-02-15,0.010838641482481037,-0.0009568121366179128,0.0059471805227806485
2019-02-19,0.0017289804209958959,0.0017216559248982577,0.015109582852092629
2019-02-20,0.002013556628521762,-0.0001913537192503867,-0.0017378437981703243
2019-02-21,-0.0035623722357351895,-0.002967899796058049,-0.011370537714507911
2019-02-22,0.006180921255838356,0.002967899796058049,0.0035920768439101636
2019-02-25,0.0013600120511094715,-0.001530302205647871,-0.0010363715360961478
2019-02-26,-0.0007156809511315032,0.002963467127806041,0.0016736332310030022
2019-02-27,-0.0004296301185364726,-0.0035386278303333185,-0.007112343678443267
2019-02-28,-0.001864376470473772,-0.0025902511800328654,-0.005629776625606375
2019-03-01,0.00622484083159236,-0.0032865618604329683,-0.017163968380321748
2019-03-04,-0.003644231782104157,0.003084650657258159,-0.002628983617742442
2019-03-05,-0.001360901783352908,0.0005772094545557493,0.001315387092918563
2019-03-06,-0.006075457584463706,0.002786155417774161,-0.0009041270457164075
2019-03-07,-0.008400669066118027,0.003351915225862534,-0.0008226265106170416
2019-03-08,-0.002001808771239233,0.0014333654517431071,0.010886084259377427
2019-03-11,0.01439723738391141,-0.0007643460624731091,-0.004896357818092056
2019-03-12,0.003763578520163513,0.002767367704767487,0.006035459879401905
2019-03-13,0.00659706887199718,-0.0003812478700382371,0.006968612448215339
2019-03-14,-0.0006395214838663676,-0.0014308660307529308,-0.011614284265949237
2019-03-15,0.00492825611244907,0.0031452943530423383,0.004564337107022531
2019-03-18,0.003618907211463629,-0.0013331804522511703,0.0005690800870326029
2019-03-19,0.000248087867800173,-0.0006672573328527776,0.0027594883221055966
2019-03-20,-0.003014116922999577,0.0069356068236716695,0.006463126873943459
2019-03-21,0.011231094946316134,-0.00047310435664371653,-0.00403454108769985
2019-03-22,-0.01943386329600827,0.007361888130839489,0.002342023390243142
2019-03-25,-0.0007518142785265525,0.0025360618575076543,0.007633907060241363
2019-03-26,0.007426259817561842,-0.0008446682232703395,-0.00497549468884273
2019-03-27,-0.005243011388898822,0.002906147122696545,-0.0052430167604846645
2019-03-28,0.0037832543251550277,9.346225524176077e-05,-0.014253957303042242
2019-03-29,0.006285753504688962,-0.0015924543325267493,0.0009019770912042091
2019-04-01,0.011789468564118444,-0.006899768087031077,-0.003941890257644687
2019-04-02,0.0004899217470590855,0.0017009403374457222,0.003695988550421525
2019-04-03,0.0015722099988071392,-0.003121138542065971,-0.0014767440573919544
2019-04-04,0.002649877459037775,0.0010408561861945387,0.0025419025120267946
2019-04-05,0.0048282156464987125,0.00047376559652256844,-0.0010651584546348403
2019-04-08,0.0007622784221776868,-0.0016093618580175217,0.0043355523546013686
2019-04-09,-0.005138102213472884,0.0017984418528742552,0.005210460213683987
2019-04-10,0.003405281359509793,0.002361135782903645,0.0030808947099307815
2019-04-11,-0.0002773699268896479,-0.002266306373671867,-0.012872932029622142
2019-04-12,0.006743080146852876,-0.004643949782823675,-0.0009844542413608437
2019-04-15,-0.0006552464029914162,0.0013288464793514976,-0.00188968841218351
2019-04-16,0.0006552464029914162,-0.0034212426813837737,-0.009004202217837154
2019-04-17,-0.002450003683721391,0.00018995550038169995,-0.0019104067944004655
2019-04-18,0.001966923991000513,0.002377181820023111,0.000748007237989512
2019-04-22,0.000861910332396576,-0.001425596063679535,0.0
2019-04-23,0.008951275155077099,0.0018051920131103572,-0.0020790892290243335
2019-04-24,-0.0022214851564585913,0.0037896127150203185,0.0029095034311525936
2019-04-25,-0.0006160629864906397,-0.0012304523981692128,0.0008297251865103661
2019-04-26,0.004645686088312395,0.0026474092633099744,0.006613259149985673
2019-04-29,0.0015667010874977905,-0.002079393275695729,-0.004459139554906066
2019-04-30,0.000510252610371964,0.0019850437658153197,0.003057434262503378
2019-05-01,-0.007544958309904537,-0.0004543328388075807,-0.006622502907560168
2019-05-02,-0.0021616339513350624,-0.002843464607100721,-0.003827907452540913
2019-05-03,0.009740553641377936,0.001327904437706806,0.005902166622600014
2019-05-06,-0.004123638902370885,0.002556322710391079,0.0013252386046360698
2019-05-07,-0.016840826831891142,0.0033983827709658243,0.003305527606358716
2019-05-08,-0.0013903008643607606,-0.0018864303207539734,-0.0024780734551379524
2019-05-09,-0.0030301033369619645,0.0026402135531879978,0.0023955509816442344
2019-05-10,0.005010738514425128,-0.0006595507629274522,0.0018959191232168493
2019-05-13,-0.0254513536446197,0.004981998997788395,0.010159840539079035
2019-05-14,0.009002945900145498,-0.0009376945293713135,-0.00171336954431478
2019-05-15,0.005840549030192044,0.003185229756401675,-0.0005717761663674992
2019-05-16,0.009218496974781054,-0.00196595311382719,-0.007216080906090383
2019-05-17,-0.00648600500147456,0.00046838586728092935,-0.007102776783024289
2019-05-20,-0.006633841608231883,-0.0016876625098554143,-8.290551782685895e-05
2019-05-21,0.008975350161897211,-0.0011274077751286526,-0.0023236423674717344
2019-05-22,-0.003076577907223488,0.003002431657367133,-0.0009975291545636367
2019-05-23,-0.012293800008191802,0.006070638251495453,0.007704775453648338
2019-05-24,0.0022659487062908212,-0.00027969417508089123,0.0010723379767867414
2019-05-28,-0.009343935328203656,0.004367352449994755,-0.00388222691557516
2019-05-29,-0.006733637754908983,-0.0003703765386058322,0.00033099640161360355
2019-05-30,0.0027273212064411467,0.0036114314393502767,0.006761236816409166
2019-05-31,-0.013566799936979734,0.006632817410429759,0.013386857013474085
2019-06-03,-0.0025461480840212047,0.004800191768897122,0.014329650783140302
2019-06-04,0.021474370423585576,-0.0036697982236004734,0.00031967486235551235
2019-06-05,0.008624781533821846,0.0,0.0025536658304687876
2019-06-06,0.0064819245888196875,-0.00018343762665384844,0.0032623544765035817
2019-06-07,0.009957139670667914,0.003944522696117225,0.005624438342681337
2019-06-10,0.004578487213734661,-0.004955960205225374,-0.010003215486539041
2019-06-11,-0.00024215269632499314,0.0,-0.0011975692988466236
2019-06-12,-0.001766902372032142,0.0025725131617848618,0.005179100221238464
2019-06-13,0.004118004498842254,0.0024750592837676777,0.006100693501630339
2019-06-14,-0.0011060509029610088,0.0007321790852241605,-0.0003160129284811575
2019-06-17,0.0003804787116052921,-0.00018368245349353884,-0.000632265286402145
2019-06-18,0.01041665017477289,0.0019197028207749156,0.00504732439223865
2019-06-19,0.0022543845299631826,0.0027362215382549238,0.00603897083808036
2019-06-20,0.009509167096421578,0.0016377155162281554,0.0248661554938181
2019-06-21,-0.001454750242728231,-0.004099827977992909,0.006613693416667843
2019-06-24,-0.0012254787189682759,0.0034629071915093235,0.014741593126273322
2019-06-25,-0.009855715454867742,0.001545347575287792,0.0019392450876951628
2019-06-26,-0.000998009936512112,-0.0040957651313702215,-0.009207653748306122
2019-06-27,0.0035394159406854087,0.0030051892512910072,-0.0009781791081797664
2019-06-28,0.005132503896009055,0.00045464781217940953,0.0027063662544692946
2019-07-01,0.009037478632536455,-0.00125697928426316,-0.019559428102496668
2019-07-02,0.002600940857381495,0.0035489429325448185,0.0211348135480538
2019-07-03,0.007963736310750313,0.00190592383500654,0.001647702692010533
2019-07-05,-0.0011389618909412036,-0.006367008017503117,-0.011212861349997993
2019-07-08,-0.005509584483744945,-0.0010042175485560634,-0.0064533961744341894
2019-07-09,0.0012456807925094182,-0.000639852701922905,0.0034976216131425986
2019-07-10,0.004766483541841282,0.0005486839496215978,0.015664164068756037
2019-07-11,0.0023415493057177272,-0.004945435806311238,-0.008479433149487292
2019-07-12,0.004466958832226808,0.0011009807553161721,0.006235244213343094
2019-07-15,0.000332490980957445,0.0021068378987347813,0.0
2019-07-16,-0.003230558310634457,-0.0021986999360361636,-0.00849856515023717
2019-07-17,-0.006827995325858538,0.004667178544077721,0.016331233962022296
2019-07-18,0.003654041600436919,0.0024610746833060304,0.014019221072833155
2019-07-19,-0.005570529431583537,-0.00182278689348081,-0.014836917525038906
2019-07-22,0.0024537539562654587,0.0004556349890822986,-0.0001487748968767022
2019-07-23,0.007124498269326374,-0.0016422888491307575,-0.005668654760058622
2019-07-24,0.004688619239461289,0.0014600929550203645,0.005073447292028632
2019-07-25,-0.004788436537837448,-0.0017340978802629081,-0.007095118991376381
2019-07-26,0.006677242251722504,-0.00018296107124093908,0.0016475793640440273
2019-07-29,-0.0018226523672639772,0.0009135571543739118,0.006637600502191532
2019-07-30,-0.0024575616759614505,0.0004562997574089067,0.003339374239096138
2019-07-31,-0.011000963640527495,0.0025514380555575755,-0.013199706898716634
2019-08-01,-0.008746240234479785,0.01127886033598724,0.023738202587374246
2019-08-02,-0.00755791740414935,0.0020717870868773858,-0.0038193529104750823
2019-08-05,-0.03053449518932627,0.008599380283558666,0.013885007839557595
2019-08-06,0.013925807369922438,0.0016042643724656358,0.008095529492026188
2019-08-07,0.0005903252349135357,0.0,0.015075486815260497
2019-08-08,0.019430179708776585,8.904588792812973e-05,0.005022054446004454
2019-08-09,-0.006834966895664429,-0.0015146165305210957,-0.0033216839398715337
2019-08-12,-0.012248083980471058,0.006311760051633364,0.009651773675578568
2019-08-13,0.015432104071840591,-0.0035512521640379546,-0.005977346952418472
2019-08-14,-0.030013759337792933,0.00664808549038387,0.006818296719088401
2019-08-15,0.0026384792535036894,0.006341263285542631,0.006632923311853389
2019-08-16,0.01464754264401602,-0.002637614376962638,-0.006422796323197311
2019-08-19,0.011975550248438438,-0.004764071792227931,-0.011765243129746139
2019-08-20,-0.007692264375031677,0.004411948949210043,0.007765153200510078
2019-08-21,0.008102870598341028,-0.002644880957590523,-0.00316943748851628
2019-08-22,-0.00030828569184215837,-0.0022093434057737227,-0.0025427378094429187
2019-08-23,-0.026023064300248144,0.006701727025868465,0.01940043582556772
2019-08-26,0.01099803713593861,-0.0009671083322464469,0.00013874512727696242
2019-08-27,-0.003931672947318887,0.004301363431658878,0.009525229640209965
2019-08-28,0.007017014853084369,0.00035014420937873325,-0.002820513317677076
2019-08-29,0.012692604183830447,-0.0019283479726448505,-0.007190355573253093
2019-08-30,-0.000444633233444236,0.0002631538812476464,-0.0025705723222451127
2019-09-03,-0.00586467414932379,0.0021941549485031686,0.013817145553141508
2019-09-04,0.01128659081486294,0.0015769523489721493,0.0062241824051145755
2019-09-05,0.012773495611058117,-0.008085343598198236,-0.024293839589282662
2019-09-06,0.0007720078627926341,0.0006176086808054038,-0.008559662387184197
2019-09-09,0.0005031575566345481,-0.006192031828718747,-0.0037414803722946033
2019-09-10,-0.00023522128848618706,-0.007302385019059443,-0.0085947664634487
2019-09-11,0.007086492340825146,-0.0009837660755209754,0.006045366225015947
2019-09-12,0.0034575312934697067,-0.00223927518118483,0.002054249269613173
2019-09-13,-0.0006642368419615963,-0.009188332492726659,-0.008313640257218147
2019-09-16,-0.0030931197320649417,0.004334372414992238,0.008313640257218147
2019-09-17,0.0025287497643837753,0.0026098222599273413,0.00197935004540728
2019-09-18,0.0005974856486714586,0.00035912695711193265,-0.006305141849163753
2019-09-19,-6.645698293539226e-05,0.0004492973482950191,0.004042645700960357
2019-09-20,-0.004735522858417163,0.00573052768696769,0.011751169204553769
2019-09-23,-0.00023486682752782428,0.0014280005358351389,0.005580782257567307
2019-09-24,-0.007877911991255537,0.004980073669504037,0.005272991620432599
2019-09-25,0.005897174934125893,-0.006586353374634868,-0.018719501081169376
2019-09-26,-0.002084916956862415,0.0021408910322033847,-0.00028212781803826914
2019-09-27,-0.005402217228313688,0.001424234490787768,-0.005161727926225268
2019-09-30,0.004627300554269631,0.0008007654031754186,-0.015647105922202975
2019-10-01,-0.011966094430126972,0.0027657642241027958,0.005457893373497669
2019-10-02,-0.017822394774364092,0.003457398791006483,0.011606023170116941
2019-10-03,0.008159337638887543,0.005207544563771371,0.004520416059329513
2019-10-04,0.0134413194756835,0.0019349312454535195,0.0
2019-10-07,-0.004323969956041118,-0.003344393184370631,-0.008563635410989257
2019-10-08,-0.015646481327306283,0.0021135282836066693,0.008704599917037648
2019-10-09,0.009451865769189105,-0.0025546723242877434,0.0009156241246355279
2019-10-10,0.006740323173951346,-0.006281626479036184,-0.008767683192965947
2019-10-11,0.01031362421076576,-0.006857424786553601,-0.005554769940673054
2019-10-14,-0.001114609830996649,0.0027661716946267845,0.003991150393420462
2019-10-15,0.009852083565806247,-0.0048242278550798545,-0.006995001671277201
2019-10-16,-0.0016074198013544816,0.001968410189161496,0.005713914835704159
2019-10-17,0.0029444032926084773,-0.0003573692225309344,0.0014233647353725232
2019-10-18,-0.004386609144553688,0.0008932645771402292,-0.0010673064134527621
2019-10-21,0.006756496950332647,-0.0036685134883081005,-0.004781550075213303
2019-10-22,-0.0032721133677968695,0.0023278718520449715,0.0029287043785162226
2019-10-23,0.0029053087956993906,0.00035769100396620956,0.0023510275929137237
2019-10-24,0.0016323126346122763,-0.00017931528244563566,0.007090719694469172
2019-10-25,0.004087067037568559,-0.0021482099082685835,0.0023289599557347884
2019-10-28,0.005620410541164134,-0.0037706094293845638,-0.008637230479381586
2019-10-29,-0.0002968878388216467,0.000898643844275071,-0.002776885194245793
2019-10-30,0.0030627138598209314,0.004841799771857502,0.005475210184932244
2019-10-31,-0.002666993909222981,0.006330677183681743,0.00994884493546877
2019-11-01,0.009221818338282617,-0.0018887023073324016,0.0009123470738270356
2019-11-04,0.004009202152199798,-0.005096399582929401,-0.0028801514371741277
2019-11-05,-0.0011064794458031102,-0.005393268578633759,-0.01631233186859138
2019-11-06,0.00022779191882094096,0.002880787408998664,0.00428106853055521
2019-11-07,0.0035106728917595476,-0.008030820863111465,-0.015643205521890913
2019-11-08,0.0024632594073672465,-0.0013597004018590653,-0.006384733806550358
2019-11-11,-0.001911985610993483,0.0010882030628920347,-0.0024048241483871635
2019-11-12,0.00210614084224936,0.0004531096126560996,0.0026958749275864946
2019-11-13,0.0003232180483312419,0.0027132931750015743,0.003994072881030597
2019-11-14,0.0014550918427778115,0.005045254680391409,0.004194711040663712
2019-11-15,0.007210309579900098,-0.0008089990650983481,-0.0025291110010527973
2019-11-18,0.0007372763405566474,0.0017074446539853128,0.002962025072170249
2019-11-19,-0.00028880517789708904,0.001884160979861882,0.0005049030061829995
2019-11-20,-0.0037255923844963235,0.003667546522369669,0.0005045382424526679
2019-11-21,-0.0016102822285475327,-0.002503550399834076,-0.00549209735682421
2019-11-22,0.0022215578362239086,-0.00017885119474581046,-0.001885795159979331
2019-11-25,0.007720389035124953,0.00044763431840255663,-0.004803179633254828
2019-11-26,0.002263022347068322,0.001877281559486299,0.004803179633254828
2019-11-27,0.004447713121056296,-0.002593414575558839,-0.005314014225370478
2019-11-29,-0.003715703148197136,-0.000806658115233283,0.006184806112979224
2019-12-02,-0.008530959319962506,-0.003596564425389026,-0.0005079436043828878
2019-12-03,-0.006728926000829638,0.0088785412822725,0.009534253178573593
2019-12-04,0.006151499764700752,-0.003846884258852157,-0.001366776763793709
2019-12-05,0.0017960861557559937,-0.002332900106525315,0.0005757184354600042
2019-12-06,0.009092649133258135,-0.0030595325428519615,-0.009977704836757084
2019-12-09,-0.0031491814948418906,0.0008106681438668772,-0.0002906488870486612
2019-12-10,-0.001115817307077549,-0.0011708416184337267,0.00283069966065419
2019-12-11,0.0028347236065542347,0.004138356852599223,0.006861935627691551
2019-12-12,0.008582104776265531,-0.007931666081421263,-0.0035334849047758965
2019-12-13,0.0005989140923992053,0.005864628403274175,0.004468872836715931
2019-12-16,0.006846531943737411,-0.004689176427354447,-7.198939739794241e-05
2019-12-17,0.00021911281928765902,9.023039758826457e-05,-0.00021577975709607955
2019-12-18,6.242941490697262e-05,-0.0027146316158459527,7.200493236858563e-05
2019-12-19,0.00409067447354694,0.0007797475373818585,0.002586212637701202
2019-12-20,0.004374478703330631,0.0,0.0010039397404915107
2019-12-23,0.0015267402280381148,-0.0009064648734282699,0.003077203372165549
2019-12-24,3.137193266056215e-05,0.0017226838673920497,0.009387789011396919
2019-12-26,0.005308814214698643,0.0014486790857661802,0.007826590803155398
2019-12-27,-0.00024759989973688334,0.001446257713544341,-0.00035125602256869115
2019-12-30,-0.005528351397122044,-0.0006325364142316658,0.0021055808220618033
2019-12-31,0.0024259844347715998,-0.0036225632585598078,0.0018911434545749728
2020-01-02,0.009308777356888953,0.004616439271213579,0.007320953634035732
2020-01-03,-0.0076010821038678955,0.0066604494056461405,0.01318126588252877
2020-01-06,0.0038077113667114304,-0.0010770462855465013,0.010434868967012179
2020-01-07,-0.002815572163738622,-0.0014378415593361282,0.003927428056507587
2020-01-08,0.005315162127712547,-0.002340819472252953,-0.0075298025846350924
2020-01-09,0.006758018306523894,0.0007208234367057642,-0.00566768448635635
2020-01-10,-0.0028820979528214608,0.002159682122196749,0.006008107616787939
2020-01-13,0.006853864267688081,-0.0011694583595662777,-0.007447144703816022
2020-01-14,-0.0015258541190448227,0.001977996494581191,-0.00089194118264313
2020-01-15,0.002257356321167414,0.002511422992482082,0.005817289492434874
2020-01-16,0.008283898575808024,-0.0020624455256399443,-0.0015707412123404652
2020-01-17,0.0031074258906897967,-0.000808418017978596,0.0018437252860081799
2020-01-21,-0.001959881374767214,0.003945790001187888,0.0010909837309727166
2020-01-22,0.00012065377383585485,0.00017874639298121053,0.00034059751071335853
2020-01-23,0.0011466965266437867,0.0025026404434189686,0.0022455988755121226
2020-01-24,-0.008933168448717943,0.0035632598372457025,0.005828553518776758
2020-01-27,-0.016159318207359163,0.00673667821894508,0.0068021258430706055
2020-01-28,0.01042463217449452,-0.003362546420930812,-0.008966868036617726
2020-01-29,-0.0008263544087787622,0.004774875163986891,0.005403248480831735
2020-01-30,0.003240128859942182,0.0009698649216272059,6.7318940979888e-05
2020-01-31,-0.018324988394826214,0.00501083269087399,0.005775708477189667
2020-02-03,0.007401432919921014,-0.0008521194574022672,-0.00651687759559838
2020-02-04,0.01512616273798173,-0.005816947657398153,-0.01309430818678159
2020-02-05,0.011481782849600997,-0.004340689437285938,0.0012285555646718294
2020-02-06,0.0033591396096550596,0.0007099705864561656,0.005373934234125244
2020-02-07,-0.005344093180550402,0.004778983424867711,0.0026423634506587135
2020-02-10,0.007437927301361391,0.0019404379639711422,0.0025679490647929626
2020-02-11,0.001731616010030912,-0.0023813288600784688,-0.00344789243087007
2020-02-12,0.006421864256863863,-0.002565168893854164,-0.0008130784812250269
2020-02-13,-0.0010675171018066365,0.0008849658938192562,0.005677303718111482
2020-02-14,0.0016008981945017098,0.0024745565664803237,0.004169722276595955
2020-02-18,-0.0025801676547203556,0.0015869752936330528,0.01273735095184314
2020-02-19,0.004769631685917375,-0.0001760387749980552,0.005814285510176376
2020-02-20,-0.004116413874293734,0.0029042838943871274,0.004076339518292116
2020-02-21,-0.010351929768388501,0.0040346552704582095,0.014913455926308217
2020-02-24,-0.03372749480863213,0.007760020738521334,0.00894500265671816
2020-02-25,-0.030771230329411203,0.0027748055070047073,-0.018035934723933167
2020-02-26,-0.0036849129298612837,-0.0005197727637789029,0.004360980385151869
2020-02-27,-0.04595166108048243,0.004840919277667055,0.00019481624361361582
2020-02-28,-0.004209958946823633,0.011148490069901484,-0.03717601874476628
2020-03-02,0.04239482974276765,-0.0006832412377963948,0.00551108364665609
2020-03-03,-0.029050044487605398,0.011552542496837681,0.03095039019408663
2020-03-04,0.04117347610364419,-0.0021980979809592682,0.0017529903517550238
2020-03-05,-0.03380675424834223,0.008848493473995411,0.021370951204574773
2020-03-06,-0.016669350044371534,0.010100644513070023,0.0003808885074381152
2020-03-09,-0.08131252091626795,0.008930427968739885,0.0016488747161256256
2020-03-10,0.05045059448946887,-0.018527519185152386,-0.021327151826289636
2020-03-11,-0.04997670426024481,-0.010029539413066502,-0.0035667044227176703
2020-03-12,-0.1005688539397962,0.0005081434782452376,-0.0407056042424383
2020-03-13,0.08202820051683535,-0.0065398924591955065,-0.030991552565301284
2020-03-16,-0.1158867119928706,0.02607342281570979,-0.011512126298224956
2020-03-17,0.05258483863475849,-0.025391756189537595,0.013464426338705593
2020-03-18,-0.05195954557368321,-0.013977979388293704,-0.020123106842711458
2020-03-19,0.002122672847112206,0.0032763805829016945,-0.019086492837834257
2020-03-20,-0.04405049012177198,0.02515838659144798,0.01488438314668361
2020-03-23,-0.02590078123498163,0.011764985893139901,0.04323149614629607
2020-03-24,0.0867312387674044,-0.0068253060744414284,0.047389520259250695
2020-03-25,0.014858997504298088,0.0005848179479812643,-0.013784208180364743
2020-03-26,0.056748839360158065,0.002417543882577533,0.012740714714697177
2020-03-27,-0.0302381168490502,0.007383357519866962,-0.0064814490892439736
2020-03-30,0.03195946034947017,0.0023121383852799937,0.004390990264266925
2020-03-31,-0.015017896147134557,0.0018128156125367667,-0.03236482169365207
2020-04-01,-0.04604883815378269,0.004063044741011268,0.009411793149400438
2020-04-02,0.022813266098020257,0.00016377675422418747,0.016260501110561876
2020-04-03,-0.014559706273542972,0.0007386520989181022,0.004925309776577791
2020-04-06,0.06500673641783106,-0.0045210499601067156,0.027333533815435018
2020-04-07,0.0010190176462288036,-0.004457979677717994,-0.005368871400719399
2020-04-08,0.03301746204800082,-0.0012419826784269006,-0.008947881947437786
2020-04-09,0.015102897190131692,0.002151800517291136,0.025788169295063668
2020-04-13,-0.009172412123213292,-0.002151800517291136,0.0169951055139288
2020-04-14,0.029066634597082697,0.0013244641613807673,0.007837301543346165
2020-04-15,-0.021477250392312186,0.008896548154870842,-0.005115017933585264
2020-04-16,0.004812604700371814,0.0010653174978765279,-0.0008653689753943539
2020-04-17,0.026656807915253822,-0.002624301909070148,-0.019608466717140338
2020-04-20,-0.017775229030074335,0.002624301909070148,0.007100853720992006
2020-04-21,-0.030833232146062706,0.002781561015249956,-0.006848673348053502
2020-04-22,0.02195165326088322,-0.003108992394813548,0.019479888950845847
2020-04-23,-7.215210716715603e-05,0.0006550497587216597,0.009905643795524277
2020-04-24,0.013842841599551292,0.0002457536545978911,-0.004294729942651898
2020-04-27,0.01431532704634364,-0.005335718072172924,-0.006662589983554845
2020-04-28,-0.004609052359657362,0.004352414474911193,-0.004466516323335057
2020-04-29,0.025841838586637245,-0.0004913150919243492,0.005518192454017523
2020-04-30,-0.00935424029273868,-0.002381149308248176,-0.018282683683788825
2020-05-01,-0.026830188172441538,0.0013814313119340227,0.006152293383342666
2020-05-04,0.0027544854468875,0.00016450277746038466,0.003498676361159525
2020-05-05,0.009196909978324896,-0.0007395906932838869,0.004232069630407231
2020-05-06,-0.006802032846011663,-0.0037061066763373063,-0.012938939248233972
2020-05-07,0.01199485633442432,0.006087178393215709,0.0152341241085594
2020-05-08,0.016410436374648008,-0.0032855871207591036,-0.006028427741239462
2020-05-11,0.00020507439708961073,-0.002801591272456605,-0.006253147010599314
2020-05-12,-0.020132562751528305,0.0032951586342360173,0.0038815245238019713
2020-05-13,-0.017844620906815933,0.0020537898006152133,0.009576645345897639
2020-05-14,0.01189660772018275,0.0015582552110826597,0.008811127536123564
2020-05-15,0.004586786348127703,-0.0006560399610000545,0.005627947839550451
2020-05-18,0.030004509152477432,-0.006169148169891336,-0.007592898231851386
2020-05-19,-0.0103242747263117,0.0028015094516957717,0.009603940342588935
2020-05-20,0.016845620622285118,0.0002470152915901025,0.0023714668825753904
2020-05-21,-0.006927946967754117,0.0006578685047671229,-0.014683616168536417
2020-05-22,0.001897185419172942,0.0018886519107272903,0.00589940071477546
2020-05-26,0.012245520108828067,-0.0026288028672878383,-0.014316858429626933
2020-05-27,0.014769228944579993,0.0008222987936594706,0.001800809585778218
2020-05-28,-0.00184657280296463,-0.0009048094315264876,0.003344744865694693
2020-05-29,0.004445899909319984,0.0032035375852919046,0.007331471236597054
2020-06-01,0.004033816305446081,-0.00039455473774108185,0.004593203918142663
2020-06-02,0.00824561557099468,-0.0016433950645318163,-0.006497892824854468
2020-06-03,0.013220603849418922,-0.005940124047331352,-0.01862251139241966
2020-06-04,-0.002630003945255588,-0.003979677256079839,0.010471254055873125
2020-06-05,0.025306511331876003,-0.004997309177422693,-0.020483689915413272
2020-06-08,0.01201516661154578,0.001085075872370389,0.01076400243904363
2020-06-09,-0.007484853581429363,0.0035798154581225816,0.00959564535506452
2020-06-10,-0.005595465322236315,0.007451325058524638,0.01422314285485271
2020-06-11,-0.05937738668490056,0.003540907118924075,-0.007240232329264629
2020-06-12,0.011904345619701218,-0.002222126938539404,0.0014153150353442001
2020-06-15,0.009292802868382743,-0.0008239691269489313,-0.0017848491512042486
2020-06-16,0.01906437300439645,-0.00206304610237229,-0.0004929560183830617
2020-06-17,-0.004162473875858552,0.0015682350489365504,0.0019087937874244787
2020-06-18,0.00038482035802989145,0.002225056108700052,-0.001970395110546974
2020-06-19,-0.005731220143138316,0.0003289223354059345,0.01097257622136727
2020-06-22,0.006394804762251738,-0.0009053135111223298,0.00644142707482942
2020-06-23,0.004592980861002793,-0.00032988475259898564,0.008384398864595966
2020-06-24,-0.025839391943335066,0.001893308052928866,-0.0034899960158005783
2020-06-25,0.010663296192714,0.00016460714964239287,-0.0006028992986149007
2020-06-26,-0.024038194709307348,0.0027092477264103465,0.004453219386376439
2020-06-29,0.014590434545668884,0.0009831571163685382,0.0005403343600223209
2020-06-30,0.012728390787980715,-0.0018035736768462485,0.00443108649793178
2020-07-01,0.006980458466284922,-0.0015616130948590268,-0.004491160110102754
2020-07-02,0.005491695209811631,0.0012331402157039761,0.002158277937509112
2020-07-06,0.015319417159310511,-0.0014799803083702656,0.005970880083946639
2020-07-07,-0.010367049538251294,0.0032037378053217935,0.006290434327038241
2020-07-08,0.007618975860326671,-0.0015596546699434555,0.006192353605402268
2020-07-09,-0.005709046435188547,0.0031986299588000477,-0.0027080639028707054
2020-07-10,0.01015883969875464,-0.001966769721864381,-0.0025972650920351725
2020-07-13,-0.008696521665028989,0.0010658381984267606,0.0012403879870825918
2020-07-14,0.012875695508478557,-8.211658850321157e-05,0.004652728164010966
2020-07-15,0.009145497488776577,-0.0003278731029094928,0.0008809438623460508
2020-07-16,-0.0032990901664389227,0.0007378017761450195,-0.0094966393251541
2020-07-17,0.0028946762930228687,-0.0002461424881019525,0.008204262794308192
2020-07-20,0.008049395421162231,0.0006551699205354922,0.004808590336846663
2020-07-21,0.002125289107646644,0.0010641393338026717,0.0119789624776665
2020-07-22,0.0056756328897504815,0.0003272955547961587,0.015087942737563864
2020-07-23,-0.012003532109907233,0.000981024961316912,0.008786586410813868
2020-07-24,-0.006461138379108888,-0.0004903921794161548,0.008542281441677346
2020-07-27,0.007266186481105663,-0.001554057185299662,0.01956119696469738
2020-07-28,-0.006362333421001232,0.002371170803587397,0.008306536040413981
2020-07-29,0.012223637831250578,0.0013058923653996857,0.007482169283186124
2020-07-30,-0.003574420149953461,0.0013855853558837339,-0.0074277788884336005
2020-07-31,0.007871163382610291,0.00024429444967832836,0.009046884353028695
2020-08-03,0.006928178414375097,-0.0004888674450862496,0.0011318982444246117
2020-08-04,0.003854988111073432,0.0034183725315948266,0.02105451541285408
2020-08-05,0.006191897736083973,-0.003337036072124988,0.009240417270834023
2020-08-06,0.0066619064877508904,0.0011408579352325532,0.013186741026147253
2020-08-07,0.0007179564925170467,-0.0021198148923131654,-0.016012829047696187
2020-08-10,0.002984599761663098,-0.00106148529644301,-0.003464953471447707
2020-08-11,-0.008289172032148073,-0.003437496085858527,-0.05518972671897959
2020-08-12,0.013846104713810092,-0.0029554075553139825,-0.004679132411383513
2020-08-13,-0.0018095935585007439,-0.002057740564268329,0.023343474417206522
2020-08-14,2.9907998473355235e-05,0.0004940554267944819,-0.004318527254207893
2020-08-17,0.0031714623498872996,0.0016459244053876887,0.02146194877539198
2020-08-18,0.0021581205794651837,0.0017250235669736824,0.008967673573403445
2020-08-19,-0.004172417274675766,-0.001314075698324757,-0.03207438281593067
2020-08-20,0.0031088294000038985,0.002871989501130656,0.006890137653281947
2020-08-21,0.003540902548164304,0.0007377915245925237,-0.008043165542872543
2020-08-24,0.01008232281751198,-0.0013931505342075212,-0.005674470685926636
2020-08-25,0.003493074710842592,-0.0023806069760379245,0.0012147382641174431
2020-08-26,0.00997565331384731,-0.00041116241045546786,0.01173966732513776
2020-08-27,0.002184208610195526,-0.0035424021216554635,-0.01162928674736019
2020-08-28,0.006438605379137208,0.0016489482702901626,0.0172309262992405
2020-08-31,-0.003628940017333271,0.001070768776824771,0.002383417194323556
2020-09-01,0.009374326392937782,0.003272303202407123,0.001189581722410793
2020-09-02,0.014360542196569348,0.0013941399546899547,-0.01321861087305809
2020-09-03,-0.03502044060939813,0.0013111077265381965,-0.008137254873337163
2020-09-04,-0.008198315350632868,-0.005582609964864815,0.002756493292222828
2020-09-08,-0.027702879710166606,0.0021382154403637443,-0.0019287808618004831
2020-09-09,0.019554614352146338,-0.00049314173674464,0.009661434230238797
2020-09-10,-0.017515842823772054,0.0012322885800175598,-0.0032283485242556864
2020-09-11,0.0005086224815205043,0.0015585804221887045,-5.486155779266255e-05
2020-09-14,0.013085530002760137,-0.0009018237726916567,0.007861603277736329
2020-09-15,0.005039590834504892,-0.0004928205507459538,-0.0023956152677246934
2020-09-16,-0.003976470515675068,-0.0005747015655233056,0.002830573307104345
2020-09-17,-0.008834233032266603,0.0003284203663360685,-0.005505121062684637
2020-09-18,-0.011579759771610298,-0.0009030851001714524,0.0013108491716185
2020-09-21,-0.011191882296815336,0.0018057953424621687,-0.020291789448273256
2020-09-22,0.010133105932932374,0.0,-0.004858095828926601
2020-09-23,-0.023464344862010655,0.0,-0.021843335368817662
2020-09-24,0.0026618936217595035,0.0004919108982459619,0.0037119030895915728
2020-09-25,0.016037741399141048,0.000819509439159205,-0.0028540460781512067
2020-09-28,0.016472819908137204,-0.0001636137880414168,0.010010290107421937
2020-09-29,-0.0054607787545650766,0.0007370759900098278,0.008397048385655914
2020-09-30,0.0075533909423572965,-0.002705247681228151,-0.006022969047958959
2020-10-01,0.006399574795667995,0.0005664708479340419,0.008880963695329314
2020-10-02,-0.009539742032536047,-0.0009857528952403882,-0.0008957769408937111
2020-10-05,0.01757773778838878,-0.006347508644150679,0.0048610816963101655
2020-10-06,-0.014318420513937724,0.0023130035318521536,-0.011830479550693163
2020-10-07,0.017257514820822273,-0.002891924976676563,-0.00045132478533460585
2020-10-08,0.00882312547146924,0.001818413776496719,0.0035486272055740287
2020-10-09,0.008890516708097707,-0.0004952138959790631,0.017998399966815626
2020-10-12,0.015959705709427396,0.0010733788922774323,-0.0028758136916344768
2020-10-13,-0.0065474296016718725,0.0022262451333547872,-0.01585383405158325
2020-10-14,-0.006303384824127178,0.0003296218531456674,0.0030899939936110954
2020-10-15,-0.0012365650208154833,-0.0010708584432457258,0.003639489400711682
2020-10-16,-0.000604552862844443,-0.0005773068058267938,-0.0034712263457636894
2020-10-19,-0.015320498205823263,-0.0016505909538722108,0.0005046193567768142
2020-10-20,0.003997892394052016,-0.0021501748294996403,0.004809318137998453
2020-10-21,-0.0018947164953386775,-0.00132561147781729,0.007503195298922627
2020-10-22,0.005470671022707485,-0.003487686578783844,-0.009849030639626832
2020-10-23,0.003389214354360348,0.0014129963457341077,-0.001063040023779216
2020-10-26,-0.01865247518763713,0.0026547412055384356,-0.0005039129828938727
2020-10-27,-0.00345352550378486,0.0022340558749558426,0.0026288641762706177
2020-10-28,-0.0347767001799113,-8.213136206958183e-05,-0.01627516884164315
2020-10-29,0.010112163272703256,-0.0042255587705311015,-0.004153341326592397
2020-10-30,-0.010479617764174165,-0.0032429889838399006,0.004550651041840048
2020-11-02,0.011146061774224059,0.0017155995321056494,0.009658128848512249
2020-11-03,0.01750187689224969,-0.002249005964045203,0.005660943299978349
2020-11-04,0.022102936784428984,0.008386775909714927,-0.0005590140649358588
2020-11-05,0.019315367062431754,-0.00016517974780239086,0.022723771699055817
2020-11-06,-0.00022864965139124394,-0.003396768527625049,0.001420352959710769
2020-11-09,0.012487096778690088,-0.007413198014441846,-0.04528085614346544
2020-11-10,-0.0014674409571409086,-0.0028468145196534067,0.003307306555601741
2020-11-11,0.007401183325327132,0.0015914833435992648,-0.004335982209302536
2020-11-12,-0.009748325409749015,0.0056766063612485596,0.0060423875087805
2020-11-13,0.013749695752821367,-0.0013328372430709834,0.006796565090032125
2020-11-16,0.012405191809851779,-0.0007501951495649806,-5.65028686549951e-05
2020-11-17,-0.0053928090682067165,0.002582258728510922,-0.003675920484188744
2020-11-18,-0.01210780356349428,-0.0003327650948756755,-0.005738783845972151
2020-11-19,0.004201336875532036,0.0010810262691389738,-0.001882229686957615
2020-11-20,-0.006871391790982173,0.0017444353191091722,0.003021229432643935
2020-11-23,0.0059766000786023454,-0.0019940162404861184,-0.019890324232127554
2020-11-24,0.01598528762400253,-0.0015808879654066743,-0.015447030279528207
2020-11-25,-0.0015430920152024186,0.0003331632107856919,-0.0004718480371508349
2020-11-27,0.0027808997009870495,0.0029928174731841395,-0.010198732236164965
2020-11-30,-0.004436676857467958,-0.0006645935803506475,-0.00669735892011758
2020-12-01,0.010878091657976263,-0.00533345504144922,0.02084085881536435
2020-12-02,0.002101506783657392,-0.001672844610715707,0.007493385024314847
2020-12-03,-0.0002726069253196073,0.0026750459154110118,0.00784266853055371
2020-12-04,0.008580489433096083,-0.003931237967294443,-0.002839455026540705
2020-12-07,-0.0020570948929634625,0.0030960405806457203,0.0148039454595148
2020-12-08,0.002922102441118568,0.001002108505376853,0.0034818415347377396
2020-12-09,-0.009009217609390774,-0.0014198943471859238,-0.017241806434506124
2020-12-10,-0.00032737168613738987,0.0022543299558526186,-0.0019148863181888132
2020-12-11,-0.0011729565416134236,0.001999170534207728,0.0018569454695862575
2020-12-14,-0.0044873839898089685,-0.0005823969214384661,-0.005522859199322383
2020-12-15,0.013428624840169157,-0.0010004490104602581,0.013893989774039994
2020-12-16,0.0015683049867813992,-0.0008337903664479285,0.005503920929852413
2020-12-17,0.00557640930384018,-0.0007262354811459204,0.01046541004295598
2020-12-18,-0.00400085630942737,-0.0008356891375633779,-0.0016988680965654979
2020-12-21,-0.0035819056426742435,0.0006682793271588494,-0.0031789169989817623
2020-12-22,-0.0016868990455822797,0.0016703835465321504,-0.007934507183398942
2020-12-23,0.0008983049192421433,-0.002088173504872337,0.006625879072275964
2020-12-24,0.003882703612183569,0.0014205632894217501,0.003977347328631531
2020-12-28,0.008554195477751492,8.291743742816493e-05,-0.0036357443125671907
2020-12-29,-0.0019096598373442575,-0.0001666606067800558,0.0036357443125671907
2020-12-30,0.0014260486168833353,0.000667666106926923,0.00762602669465462
2020-12-31,0.005067740974347146,0.0006667002308811121,0.0037072651943423907
2021-01-04,-0.013707365171865327,0.0002503532684992038,0.022014258912347984
2021-01-05,0.006863759827668403,-0.002336339957632383,0.0029572490918932104
2021-01-06,0.005960291837657117,-0.005865142678077362,-0.01637438415631909
2021-01-07,0.014748522948909049,-0.003535488416710031,-0.002337349726099447
2021-01-08,0.005681262703749468,-0.0028713855567970015,-0.03480879472366194
2021-01-11,-0.006763456720716654,-0.0019471336103773496,-0.001963368081677963
2021-01-12,0.00021139570447381573,-0.000169656289235931,0.00645309414351658
2021-01-13,0.002689481510473435,0.003469012956687223,-0.004316677807614688
2021-01-14,-0.003508324439131627,-0.002283079761766338,-0.0005192346256865932
2021-01-15,-0.0073195193192230334,0.002705284165191557,-0.012485246085867097
2021-01-19,0.007821338728945193,0.0005907266625060359,0.008437377567923399
2021-01-20,0.013743874479763107,0.0004217018386816207,0.016151154600027695
2021-01-21,0.0009111107224963888,-0.0014346329046128758,-0.000627373967170719
2021-01-22,-0.0035457350373224727,0.001519162499723059,-0.00790430206051873
2021-01-25,0.0039361280894016915,0.004039528652907798,0.0008622455288582742
2021-01-26,-0.0015619736681857788,-0.0003358237735087144,-0.002473656951146097
2021-01-27,-0.02474423084459776,0.0011754513995283489,-0.0063557782954406505
2021-01-28,0.008563583838916422,-0.0026050311324192776,0.0009269317276352496
2021-01-29,-0.02022287599811623,-0.001768149853321077,-0.00040541033768271006
2021-02-01,0.016508571016193407,0.0012476044727280922,0.009341522978241201
2021-02-02,0.01404126534039385,-0.002530708888574651,-0.012242430084677736
2021-02-03,0.0007858768516948444,-0.0024524774846428343,-0.0015117720158048797
2021-02-04,0.011301714758136683,-0.0003383497003168756,-0.021765636924135023
2021-02-05,0.003927972884627096,-0.002119854700033841,0.00982374869269087
2021-02-08,0.007196017517093978,0.00042457250855942874,0.010019752210912891
2021-02-09,-0.000665943722818696,0.0007632477695080908,0.0032595928083516412
2021-02-10,-0.00043567112742159964,0.0025394578108848265,0.0036544306292798368
2021-02-11,0.0016135258797733698,-0.0007610096317343107,-0.008723013798523027
2021-02-12,0.004927811048750286,-0.003305451054623987,-0.00304185235154808
2021-02-16,-0.0008664761106604857,-0.007241972906115279,-0.014457496034196105
2021-02-17,0.00022944178857198239,0.000683558971347864,-0.01141778623419576
2021-02-18,-0.004265036642459918,-8.560020293391091e-05,-6.0090224343056775e-05
2021-02-19,-0.0017676785886289181,-0.004024844645989845,0.004139970385630853
2021-02-22,-0.00772150391963855,-0.0016316104971423329,0.014858231751961881
2021-02-23,0.0012136026813927003,0.0007732805478743998,-0.00230339647421296
2021-02-24,0.010959424002503049,-0.001375245352452481,-0.0007097783269722768
2021-02-25,-0.024391011917708205,-0.013419390382645169,-0.01899580806530743
2021-02-26,-0.005165927097892542,0.008937525186818895,-0.024480114534154218
2021-03-01,0.023950984698315914,-0.001124344114714404,-0.0017319159550748253
2021-03-02,-0.007833674379831734,0.0018156381283054301,0.00543314836651998
2021-03-03,-0.013334098093159774,-0.005369973590884314,-0.011082728374519846
2021-03-04,-0.012452110461978805,-0.004962193682437999,-0.00988559566723346
2021-03-05,0.018229228049166935,-0.0013976739474470534,0.0006286134207726946
2021-03-08,-0.004991145286767029,-0.003940540650278379,-0.010422315048140618
2021-03-09,0.014176756194500761,0.00472723995679214,0.021048060194488905
2021-03-10,0.0062050439780696465,0.0020933177316981855,0.0050853276984303974
2021-03-11,0.010088026843336095,-0.0003483103857204739,-0.000866386502682559
2021-03-12,0.001346126676147641,-0.007261815537543015,-0.00018574519969138947
2021-03-15,0.005945832121356354,0.0012284861162852323,0.004386867610048029
2021-03-16,-0.0012622634201280292,-0.00017537216341967365,0.0009244132771240032
2021-03-17,0.003404254516044425,-0.0016683929410516996,0.0071195808075623646
2021-03-18,-0.014656722040991,-0.006258033938141061,-0.005826967579591447
2021-03-19,-0.0018518819476618376,-0.0006191299044049359,0.0041743948168262435
2021-03-22,0.007953276208574778,0.0032683116073393137,-0.0014713433816879729
2021-03-23,-0.007902139144832176,0.004925939649906397,-0.007327408483150499
2021-03-24,-0.00509626178637923,0.001315511073645581,0.0034548592032761505
2021-03-25,0.005609758318402491,-0.001315511073645581,-0.0036402714825332083
2021-03-26,0.01598632829866542,-0.0033400437355881607,0.0028393742167223124
2021-03-29,-0.0005050197355069841,-0.0034395938072746546,-0.011967328788776932
2021-03-30,-0.0026563967125854404,-0.0008837612197085676,-0.017239575016029463
2021-03-31,0.004044980361419981,-0.0014158653335707427,0.015053975494509153
2021-04-01,0.010740963134087345,0.004420707160950776,0.012549018493591468
2021-04-05,0.014251315298371203,-0.0028267987720669296,-0.0003704696536619423
2021-04-06,-0.0005908429675116622,0.004853126659130069,0.007996616729269768
2021-04-07,0.0011568441553233555,-0.0006162330330203858,-0.0028223021365771928
2021-04-08,0.004735533819114401,0.003429912418407177,0.010694635856861368
2021-04-09,0.007243642138889506,-0.002637156511799077,-0.007566026934119563
2021-04-12,0.00036462831935946127,-0.0006162810129186624,-0.006082067490100762
2021-04-13,0.002959303443213379,0.004130764331314651,0.007061488473290467
2021-04-14,-0.003421061050807417,-0.0012286138552157766,-0.004353779487220599
2021-04-15,0.010685252111682253,0.006390110756125722,0.016033536538392568
2021-04-16,0.0033366370980569826,-0.0027085547832372825,0.006029562814785727
2021-04-19,-0.004925071544170656,-0.0010503348985704264,-0.0027691247303618383
2021-04-20,-0.007348501638540839,0.0029736841986682805,0.0035502419969404286
2021-04-21,0.009417643761119976,0.0005234352390175445,0.009862362310854245
2021-04-22,-0.009174944466974644,0.0007856486316857314,-0.006504254231621154
2021-04-23,0.01078407375336976,-0.001309083870703276,-0.003838772793776535
2021-04-26,0.0020851648763944297,-0.001048782475034038,0.002640755671589723
2021-04-27,-0.00021535097958302885,-0.0039416271838552674,-0.002520544909244471
2021-04-28,-0.00028728528202659476,0.0013156287572115843,0.0029400644612769256
2021-04-29,0.006352527439632993,-0.0017542700451400606,-0.0041425474621679115
2021-04-30,-0.006592243492643313,0.0008775587464731061,-0.003374702192485479
2021-05-03,0.0021545952575454663,0.0017013653094863912,0.01289485518814093
2021-05-04,-0.006188533335388158,0.0013139076545547468,-0.007356686965197312
2021-05-05,0.00031270571313868345,0.0012240947281982884,0.004133613366980704
2021-05-06,0.00795403280409257,0.00043686932060271744,0.016542002735280725
2021-05-07,0.007251534730588816,0.0003497465461075322,0.008956587353821988
2021-05-10,-0.009951975315275696,-0.002010710594908538,0.0030259218728545534
2021-05-11,-0.008964522822995313,-0.0016645072071534983,0.0001742848474819425
2021-05-12,-0.021474287043975693,-0.004833269970573539,-0.009983483413452454
2021-05-13,0.011940859738547971,0.003341790451092841,0.004098917859921336
2021-05-14,0.015238706919323164,0.002192711591712637,0.009074563611958908
2021-05-17,-0.002547797555768838,-0.0009643599230022559,0.011572105937362132
2021-05-18,-0.008652923192290274,0.0,0.0019442812059784487
2021-05-19,-0.0026252474329506725,-0.0029856607148612824,0.0006853819629943914
2021-05-20,0.010700514117796267,0.004125096033902764,0.00455687179574138
2021-05-21,-0.0008189907175077948,0.00035021462687812033,0.0004544691684227331
2021-05-24,0.01014244146420129,0.0009628473185427922,0.0017594874877140398
2021-05-25,-0.002221034779727127,0.0036668073075434293,0.009031903514378214
2021-05-26,0.0019827218900339005,-0.0011332287104686145,-0.0017435678186670245
2021-05-27,0.000524619683284655,-0.001746645961853588,0.0003940189892901458
2021-05-28,0.0017872507214580224,-8.770011356151741e-05,0.003763087633854134
2021-06-01,-0.0008812830459010712,-0.00018374423445255417,-0.0026945732480543327
2021-06-02,0.0015713326572939224,0.0011368371995077453,0.004878526963101315
2021-06-03,-0.003718373027424171,-0.002537294763788722,-0.019772420864664575
2021-06-04,0.009104572726883475,0.00550421524265321,0.010725633264657475
2021-06-07,-0.0009708333533575697,-0.0007843865038017483,0.003999619209611005
2021-06-08,0.00021312429078790274,0.0028730551085764944,-0.003096867753862753
2021-06-09,-0.0014930578546374917,0.003125654831537261,-0.0019193434836646261
2021-06-10,0.004637698458682671,0.003547236586801006,0.004285131517665519
2021-06-11,0.0016511552853186728,-0.0014692655832515555,-0.011316177890912549
2021-06-14,0.002236518291988787,-0.0031186165504824004,-0.00587816641004224
2021-06-15,-0.0018359819585329618,0.00017328481144929242,-0.0037848631237418218
2021-06-16,-0.005598955713264964,-0.006876964084472803,-0.017036003680355627
2021-06-17,-0.0003316712157301893,0.003575151786289865,-0.031222825916410457
2021-06-18,-0.013582202881463168,0.005641492633715828,-0.005562705142465596
2021-06-21,0.014214247043772055,-0.003207485324508319,0.012173251058175794
2021-06-22,0.005331998570690111,0.001821452133139445,-0.004201668574228101
2021-06-23,-0.0012057591103493692,-0.001995118976199528,-0.000661876798756289
2021-06-24,0.005898179106996082,-0.00017369700847158498,-0.0006021199876098393
2021-06-25,0.0035457171883850336,-0.002086643457675841,0.003306999189259585
2021-06-28,0.002013837416535935,0.0031285274867336454,-5.9996439618181796e-05
2021-06-29,0.0005379830059162316,0.0005204581413549292,-0.010561034647227352
2021-06-30,0.0008412542265041623,0.0015593663114286116,0.004841763592293269
2021-07-01,0.005521445049001095,-0.0007192631950951878,0.0034354496150825753
2021-07-02,0.007614494920790804,0.0036354340361288706,0.00653692915069648
2021-07-06,-0.0018232236630932874,0.005256094574074055,0.004949187883217299
2021-07-07,0.003527847485118585,0.002917817445220905,0.0037995736126816837
2021-07-08,-0.008181273558188984,0.0025671363207848685,-0.0006520293887515294
2021-07-09,0.0106181470193496,-0.005055337630833989,0.0033150614410244472
2021-07-12,0.003575560389441179,-0.0005155004391426132,-0.0012418718351820957
2021-07-13,-0.003414907263295852,-0.0030991317598196844,0.0013009357869862015
2021-07-14,0.001491050342974809,0.004301451332804795,0.010697757313475442
2021-07-15,-0.0034211191165347543,0.004197454395484357,0.0001754642548270624
2021-07-16,-0.00787476770467066,-0.0001710174227032013,-0.009751038308664306
2021-07-19,-0.014877873887093607,0.0085136631712448,0.0011798535126086307
2021-07-20,0.014228392444167959,-0.001271996808750231,-0.0012979424872483492
2021-07-21,0.008063898180456164,-0.005788722157476833,-0.003726190289075504
2021-07-22,0.0020918827123566075,0.0023021699277512297,0.0019535411866025143
2021-07-23,0.010235530771780077,-0.0015341656544940463,-0.0031393408805522327
2021-07-26,0.00245171945084266,-0.000682995205256276,-0.0023758261058626218
2021-07-27,-0.004567943885106729,0.00425938786150315,0.0016636888817753714
2021-07-28,-0.0004100472035766245,0.0008496293619248974,0.0050335632022413535
2021-07-29,0.004138868229055959,-0.0030620348634764483,0.01104402302009877
2021-07-30,-0.0048684715617710594,0.0028074557773800635,-0.007918108309763028
2021-08-02,-0.002100075982164995,0.0043764583008947255,-0.0012374082182162738
2021-08-03,0.008102444298502043,0.0002539181919276601,-0.0007077270423847537
2021-08-04,-0.004930997717701224,-0.0002539181919276601,0.00023593466942628538
2021-08-05,0.006313025331550648,-0.0036456417861323587,-0.003959922253452319
2021-08-06,0.0016509718578054944,-0.005878835758561962,-0.02530870447734479
2021-08-09,-0.0008138089288669548,-0.0021383609384013624,-0.017894816057729912
2021-08-10,0.0012431834651431828,-0.0018854957396081673,0.00030914743149335067
2021-08-11,0.0024816664225610907,0.0011144098688271598,0.013690828071884376
2021-08-12,0.002992384628388578,-0.0010288118040833183,0.00024383177142706103
2021-08-13,0.0018182646043740647,0.005730936670463649,0.014224167163591872
2021-08-16,0.0023518941525084713,0.0022155809096782164,0.004975891262676946
2021-08-17,-0.006576821011147871,-0.0005109919294064014,-0.0014961551501162518
2021-08-18,-0.011005351585262169,-0.0005109506711855616,0.0007783092556952198
2021-08-19,0.0015470190472681722,0.002212714430586793,-0.002936716523141314
2021-08-20,0.007925593308224066,-0.0009356758675469479,0.0005400158455302062
2021-08-23,0.008758343000036639,0.00025540845667748613,0.012104007439095454
2021-08-24,0.0015860063641222055,-0.0027260853288035847,-0.0004742535717268126
2021-08-25,0.0020961984685197166,-0.003931038995599323,-0.006961609676564784
2021-08-26,-0.005920837803313539,0.0,0.0011338353884635666
2021-08-27,0.008901413121101598,0.003248298074171707,0.014917723322636078
2021-08-30,0.004387956157676953,0.001961152502708785,-0.00494785904714945
2021-08-31,-0.0014826883706966498,-0.001875386642696597,0.0020056420675675923
2021-09-01,0.0005313326243294725,0.0004267500376080591,5.889688474436383e-05
2021-09-02,0.0030717793776471325,0.001194370864862293,-0.002655242464544294
2021-09-03,-0.00024261939423375622,-0.002390321597365741,0.010637446088029634
2021-09-07,-0.003582000712912148,-0.003939316273172011,-0.019778020504278793
2021-09-08,-0.0012189913741948999,0.0027420853512838406,-0.0025075441660513675
2021-09-09,-0.004289409332482563,0.0028198253511080296,0.004413734414974613
2021-09-10,-0.007915787583300471,-0.003162165612652146,-0.005071495164425954
2021-09-13,0.0025559526791312237,0.0011977922987567169,0.0033441618437191067
2021-09-14,-0.00541113864968068,0.003754971836638532,0.006417907636002695
2021-09-15,0.00831793894948607,-0.0017048374787700382,-0.005881528710091288
2021-09-16,-0.0015863252806180839,-0.003162349585974056,-0.02290224274781849
2021-09-17,-0.009788885949046033,-0.002914422084977275,-0.001586299932490931
2021-09-20,-0.01681477080045468,0.005051775264496072,0.007118755657040232
2021-09-21,-0.000945143844671037,-0.0005976862007148753,0.006646896542603642
2021-09-22,0.009707519633950668,0.0009394936655358066,-0.003740999554961988
2021-09-23,0.012076696635678452,-0.009091646118820407,-0.011613566243419804
2021-09-24,0.0016460813641216987,-0.0030202605316071995,-0.0012850982867504968
2021-09-27,-0.002865216600873133,-0.002682507365122433,0.0020798706668898603
2021-09-28,-0.020357640055246762,-0.0038204048629841836,-0.009763940911599711
2021-09-29,0.0016818044240274332,0.0010434259775138344,-0.004514933012786493
2021-09-30,-0.012297888154229497,0.0012160456799552577,0.017816984307014394
2021-10-01,0.011814331089214924,0.004073536018097457,0.002250511092103835
2021-10-04,-0.01297982416098975,-0.0012120971806108827,0.004667408258472783
2021-10-05,0.010351055774941997,-0.003122165134951338,-0.004667408258472783
2021-10-06,0.004147518626486324,0.00026080328869326763,0.0026697573525336082
2021-10-07,0.00860846156436601,-0.004003540147183848,-0.005285683868044622
2021-10-08,-0.001825380507497698,-0.002182086713323095,0.0004262740437868118
2021-10-11,-0.007266137685056684,-0.002450087922627908,-0.0018893655741347715
2021-10-12,-0.002464350202340704,0.004544899035745509,0.004504271350483258
2021-10-13,0.0035909699869431932,0.0019166855350745138,0.01763773443447203
2021-10-14,0.01668077260574652,0.0023474224460811044,0.002443480858075553
2021-10-15,0.007586950673194259,-0.0049618135234439364,-0.01602049176485476
2021-10-18,0.0029562175179123074,-0.0013971055708292823,-0.002482990902389126
2021-10-19,0.007685152369519166,-0.003589839101937109,0.0032085191864092977
2021-10-20,0.003920079105076191,-0.00043828117651756315,0.008725778175469046
2021-10-21,0.0026049704571668997,-0.002636380187937881,-0.0008991093021597507
2021-10-22,-0.0010368354605594376,0.0025482497239917024,0.006098334452754983
2021-10-25,0.005348521156849806,0.0012276817623728675,0.006890365329616621
2021-10-26,0.0008996148160251849,0.0012268747880135322,-0.007427027125168628
2021-10-27,-0.004440078971700068,0.0055861519293598505,0.0026206236403645278
2021-10-28,0.009602490080029114,-0.002615005776525514,-0.0002379136626089462
2021-10-29,0.002027065230029379,0.00043656723028018263,-0.00854429930170042
2021-11-01,0.001718857347224656,-7.857422433854566e-05,0.005207004497418843
2021-11-02,0.004035058497525945,0.002441652796552063,-0.0021513131388868345
2021-11-03,0.00608665924693419,-0.003140275833601436,-0.008350148277322944
2021-11-04,0.004701391869621041,0.005402336573402167,0.011277125295739765
2021-11-05,0.0034634726856745957,0.005459286244695605,0.012978359326946354
2021-11-08,0.0008533949943618779,-0.004330594725647785,0.0035851848469015124
2021-11-09,-0.003310709028228054,0.00458978600896387,0.004916006634196002
2021-11-10,-0.008077618167324552,-0.008590296290106103,0.010800248284572156
2021-11-11,0.00032372616110087904,-0.003229629263742595,0.005586453042739414
2021-11-12,0.007518485452797208,0.00209602436489309,0.00189346149789138
2021-11-15,0.0003425051576400051,-0.003933772902420252,-0.0015489449243064612
2021-11-16,0.0039498207873363,-0.0008763807729517126,-0.0072601560044773805
2021-11-17,-0.002432176070558789,0.003587980974656624,0.009095692432078195
2021-11-18,0.003390504659249949,0.0006111957304915094,-0.0032143154449517652
2021-11-19,-0.0017897068572576558,0.0027026172046209496,-0.007675708262916636
2021-11-22,-0.0028192121609613707,-0.007340427866052046,-0.02267561664312101
2021-11-23,0.0013251305513195533,-0.00413011015036524,-0.008690053468478176
2021-11-24,0.0026663596266116585,0.0030772874133875305,-0.0009569597921075257
2021-11-26,-0.022555625696858428,0.012823628001719989,-0.001616846252669113
2021-11-29,0.012191854997099405,-0.0022561379185894737,-0.0013795005365553337
2021-11-30,-0.01964933117703893,0.005976432082793082,-0.006744546424564568
2021-12-01,-0.011169287612848855,0.0018821522707197502,0.003980006790396118
2021-12-02,0.015200113890633915,-0.002159038094270649,-0.005552205835400947
2021-12-03,-0.008739440675765486,0.005861248720410828,0.008376819081740372
2021-12-06,0.011773926047072614,-0.0049969517033492394,-0.002463595385072459
2021-12-07,0.020473560558276205,-0.003807739641739083,0.0035432060613329597
2021-12-08,0.0026444973311594566,-0.0032131011366516304,0.0005393685677796967
2021-12-09,-0.006774305401713754,0.002519545563411718,-0.006130129283900665
2021-12-10,0.009369375728743634,0.0006935555732399123,0.004211020685246147
2021-12-13,-0.00889775931390524,0.0047576807401839005,0.0025181269175167387
2021-12-14,-0.0069039588808754715,-0.0017277747906314644,-0.009385206339642238
2021-12-15,0.015504295682613467,-0.0014706643376234396,0.004282351988517341
2021-12-16,-0.008857503798234134,0.0029073858295287636,0.012024970840539773
2021-12-17,-0.010700002489134164,0.0022436546861923645,-0.0021431166861889395
2021-12-20,-0.010690260394075501,-0.0008624012963815986,-0.004240244730916665
2021-12-21,0.017603181014791858,-0.003976515580910167,-0.0004189761834467731
2021-12-22,0.009948884929207757,0.0009522406184681032,0.009356118800107005
2021-12-23,0.006202777491143507,-0.002078765278332284,0.002251481491211571
2021-12-27,0.014052915159300738,0.0003468760982485719,0.002364450476828317
2021-12-28,-0.0008174651355004059,-0.00017349968339441801,-0.004319380340024992
2021-12-29,0.0012783882849305428,-0.00512816925833004,-0.0002965516280148961
2021-12-30,-0.00276804989148971,0.003305563032353298,0.0071515817441829554
2021-12-31,-0.0025236525989260628,-0.0011295808275422203,0.006808358432550676
2022-01-03,0.005773257061886916,-0.009348236975684543,-0.015503300973700007
2022-01-04,-0.00033484295916696993,-0.0005261935940001905,0.007339514803168967
2022-01-05,-0.019389085692776753,-0.004224537798010353,-0.0030121970522101194
2022-01-06,-0.0009399123636777418,-0.0024722418487517217,-0.012319703780208968
2022-01-07,-0.00396138533519963,-0.003276599177715056,0.004540812572282782
2022-01-10,-0.001245059759685141,-0.0002659568432834547,0.003035593623995858
2022-01-11,0.00906714017949195,0.0023926345577764963,0.011992457136645207
2022-01-12,0.0026996636699170296,0.00017704524679285072,0.002639137142411485
2022-01-13,-0.013874003819498881,0.0031805299529104047,-0.00340277134129785
2022-01-14,0.0004087862003903098,-0.006904214461605385,-0.002883829150556849
2022-01-18,-0.017868302567892513,-0.007579139095612142,-0.001651618267930921
2022-01-19,-0.010437802784474037,0.0024136749408398828,0.01575575060513401
2022-01-20,-0.011129760969163627,0.00214079277180268,-0.0025020112544043016
2022-01-21,-0.019825833245265656,0.005774140571926267,-0.0032677719138094474
2022-01-24,0.004237659261483451,-0.000886011319512825,0.005479160681096218
2022-01-25,-0.0122841233151183,-0.0013310794695788886,0.003192034576976255
2022-01-26,-0.0025119619481017708,-0.007127509016168432,-0.01629856790431372
2022-01-27,-0.004950119264720776,0.004193669993965088,-0.012982115320597565
2022-01-28,0.02453188942903317,0.0023123759881062966,-0.0029877523376660164
2022-01-31,0.017850735796668182,0.0,0.0059070563312300095
2022-02-01,0.00673415362073726,-0.0013524841375565089,0.0008325368758193008
2022-02-02,0.009667150506908584,0.002045783592851791,0.0036194338899537826
2022-02-03,-0.023785452184764466,-0.004274561459546078,-0.0014224174555623748
2022-02-04,0.0046912979767279595,-0.007703565778029997,0.0015408910869814108
2022-02-07,-0.0032145668866245813,0.0002697063930607868,0.0073753173535777705
2022-02-08,0.008194219350722953,-0.003242004813425403,0.003052207946077523
2022-02-09,0.014529917009719284,0.0013516553023960043,0.0033934142753979657
2022-02-10,-0.01812888835646831,-0.00922954596908454,-0.0038037857675305986
2022-02-11,-0.019915630796139006,0.010310398986485225,0.01887560786556186
2022-02-14,-0.00327480289834714,-0.006952493987133934,0.005336451777181672
2022-02-15,0.015998113285631277,-0.00299428340785024,-0.009545260370239284
2022-02-16,0.001120341314777562,0.002087701263519648,0.010231731307338343
2022-02-17,-0.021592880763045663,0.005336674060761659,0.01357550816897568
2022-02-18,-0.006496088195692806,0.0032416602811871087,-0.0007337240197315964
2022-02-22,-0.010789541241269518,-8.953141432588296e-05,0.002086858856896079
2022-02-23,-0.017898026565648983,-0.0052287867424691825,0.004497100140273602
2022-02-24,0.014937103820633624,0.0023471116403408487,-0.006471023453826774
2022-02-25,0.02182388191354967,-0.00027045376473289195,-0.003336237275936682
2022-02-28,-0.0025617515724274398,0.011301196644845746,0.010311993951243714
2022-03-01,-0.015347305733397931,0.009692602682906504,0.01800043176575361
2022-03-02,0.018229157879845914,-0.015143916960542292,-0.010460864384516988
2022-03-03,-0.004991012730361177,0.004299131367764275,0.005935763844875375
2022-03-04,-0.008157824137374092,0.009871766303446883,0.015803608419049375
2022-03-07,-0.029922447010301667,-0.004256967025779268,0.014753495270293016
2022-03-08,-0.00761077090864859,-0.006508728056838997,0.026991429368425912
2022-03-09,0.02645796658566102,-0.006191621538131464,-0.030161495266205485
2022-03-10,-0.0045258852270269045,-0.004600956568753034,0.0031163668784781606
2022-03-11,-0.012796554707141361,-0.00027134244384896533,-0.00705269602424341
2022-03-14,-0.007335114632514461,-0.012743463099510244,-0.01518847505814147
2022-03-15,0.021752121741338115,-0.0004585280698661265,-0.01888261003368097
2022-03-16,0.021931993321077314,-0.0013756318481705776,0.0062412859954879
2022-03-17,0.0124330970528721,-0.0019288420321776911,0.004876733952654533
2022-03-18,0.010893321004643575,0.0029377589669792314,-0.008828710707897258
2022-03-21,-0.00029244820383311776,-0.013104230045604126,0.007611755019546251
2022-03-22,0.011633525182345394,-0.005495816170197898,-0.007277189924242755
2022-03-23,-0.012962039791453606,0.006702525422576322,0.01356720957605173
2022-03-24,0.01496193168393134,-0.0055822311332143215,0.0072341375131088625
2022-03-25,0.004871527372289464,-0.010316329209499209,-0.004103860537691517
2022-03-28,0.007087887279664251,0.002259999543924529,-0.01837151770682066
2022-03-29,0.012294975852352508,0.0049725159523132945,0.00044668806848946474
2022-03-30,-0.006193968742381095,0.003923108703737022,0.008006283379257795
2022-03-31,-0.01551082685130023,0.001862454062321106,0.000387520788049045
2022-04-01,0.0028300631344411187,-0.006532912274241909,-0.006386215878902313
2022-04-04,0.008529939612188286,-0.0006563230959457655,0.00483506168268466
2022-04-05,-0.012711765891257443,-0.011987623682357729,-0.006284549046099208
2022-04-06,-0.010049702973486063,-0.003519448036826134,0.0023404756196958587
2022-04-07,0.0050264165672686545,-0.0024807161703357394,0.003777741580450744
2022-04-08,-0.002677456966472924,-0.005075631358738342,0.006246419748616283
2022-04-11,-0.017240142357465515,-0.0048124229183548195,0.004947206140849758
2022-04-12,-0.003712148544319227,0.0048124229183548195,0.0076474353017594865
2022-04-13,0.01138838722115132,0.0022056506285199617,0.004777109287768866
2022-04-14,-0.012529842280867953,-0.009046187068888045,-0.003309019437270244
2022-04-18,0.00041121863177639995,-0.002904434485314411,0.0030924062818558085
2022-04-19,0.01601362632893011,-0.00661477838944613,-0.015228268112133847
2022-04-20,-0.0007419137163573453,0.007777342656533293,0.004883006193092676
2022-04-21,-0.015066351217874363,-0.0055353521110950155,-0.003563943502360445
2022-04-22,-0.027822542388769023,0.00048698228996713055,-0.00976966135240076
2022-04-25,0.0057807062918380225,0.006403429366077518,-0.01813443252023017
2022-04-26,-0.029388207084741325,0.00665082017781593,0.0015238553873304639
2022-04-27,0.0028076025879597566,-0.005587855265001274,-0.007585723242633513
2022-04-28,0.02494581267734919,-0.0014499252664892381,0.005383804789462765
2022-04-29,-0.037655753122330715,-0.0053354521794313214,-0.00011298334784104469
2022-05-02,0.006001138613711099,-0.007477845438691233,-0.018714522902945063
2022-05-03,0.004573748971544944,0.0011767688542843047,0.002645759356915356
2022-05-04,0.029998328987874245,0.00644711994376479,0.009774616775434453
2022-05-05,-0.03618981932790977,-0.010079810125263045,-0.0038184194446895248
2022-05-06,-0.00598675201917942,-0.005720972932603097,0.001654504919470945
2022-05-09,-0.0325408779689349,0.007391496361317529,-0.014585347642546154
2022-05-10,0.002307775878135132,0.0033330428959592595,-0.008481065653521469
2022-05-11,-0.016013645321916847,0.006146777093236189,0.008133958004822084
2022-05-12,-0.0010447623593137223,0.003301220518185488,-0.0154527061706764
2022-05-13,0.02362668624786668,-0.0052486773702513645,-0.008142627698811467
2022-05-16,-0.004065617035902136,0.004182101536755134,0.00949327965207658
2022-05-17,0.020361578943081327,-0.007598722383214351,-0.006299094085683521
2022-05-18,-0.04114663180390821,0.007113064684715731,0.0005313437048437564
2022-05-19,-0.006143570919777908,0.003586385631066946,0.014590277160261067
2022-05-20,0.00043651205240990976,0.004633054068967191,0.0006977677571926577
2022-05-23,0.018537274554113026,-0.00608553656190125,0.004639589893868923
2022-05-24,-0.007663205480877622,0.008586135019919894,0.007493711725538255
2022-05-25,0.008796413364541955,0.002015607309000522,-0.006048248796559186
2022-05-26,0.019784054399241136,-0.0004798277373714299,-0.0018506096399271144
2022-05-27,0.02425263992636939,0.0014382026392469882,0.0005208853826914606
2022-05-31,-0.005626600688714234,-0.010494700343155472,-0.009942270255165475
2022-06-01,-0.008121512234255945,-0.005646067655427522,0.006348836617416254
2022-06-02,0.01886437716279943,0.0014603445124086178,0.012234040087981235
2022-06-03,-0.01654786157963528,-0.0019481148744135979,-0.010203900438868097
2022-06-06,0.003040241094199203,-0.007535936688739753,-0.0044134478528645715
2022-06-07,0.009546641351529495,0.004019685832641784,0.006497267812168417
2022-06-08,-0.010931733620144435,-0.0037252478317011395,-0.0009256257836884885
2022-06-09,-0.024070423416878484,-0.0008840065106685557,-0.0031883338247284954
2022-06-10,-0.02942398323951423,-0.009878506948406418,0.013323135228160865
2022-06-13,-0.038707950535433966,-0.017930164093432843,-0.026767358824472787
2022-06-14,-0.003017931418169084,-0.008016588163461513,-0.00803540720328666
2022-06-15,0.014155774875086458,0.013861488602079142,0.012966509676610727
2022-06-16,-0.03365612967811771,0.006510469772356586,0.011180446816136502
2022-06-17,0.0021533834244218397,0.0002991112327590528,-0.008256810144045446
2022-06-21,0.02486204453375862,-0.005203155098703505,-0.0037437854344899435
2022-06-22,-0.001814746488373764,0.012561388152438013,0.003977268335422224
2022-06-23,0.009755184792674676,0.005630995569370079,-0.006148118298448857
2022-06-24,0.0312988217228094,-0.0035526862142214455,-0.0009989609969460744
2022-06-27,-0.0038270827910018568,-0.005651442833994658,-0.0011176944418576085
2022-06-28,-0.02064468073044079,0.0012918272541524445,-0.0016493806069401984
2022-06-29,-0.0008145556382030961,0.008010468243284663,-0.0007666517068587453
2022-06-30,-0.00815742428723265,0.007654011751251133,-0.006095587698334626
2022-07-01,0.01052090925312843,0.010663038583384576,-0.0008313996785860311
2022-07-05,0.001886774229062027,0.003674055413386945,-0.021437799680384728
2022-07-06,0.0033715231898421294,-0.008528636712374471,-0.015969017587404544
2022-07-07,0.01486624004255166,-0.006151224663935473,0.0005548992912700612
2022-07-08,-0.0008229275911029177,-0.006090124855361978,0.0004314382372543335
2022-07-11,-0.011489514379930732,0.007851641429790668,-0.005374926525164803
2022-07-12,-0.008888181345858115,0.0023432727502878947,-0.00372364890598309
2022-07-13,-0.005265539540649122,0.004282316608645864,0.004776265963685411
2022-07-14,-0.0024314406217502693,-0.005550818367239252,-0.014146649261641109
2022-07-15,0.018924830151264338,0.003411952340607094,-0.002010475816356383
2022-07-18,-0.008291287807009162,-0.002923902980658255,0.0009429497894322125
2022-07-19,0.026660601129992578,-0.0045982318771500275,0.002384623832616839
2022-07-20,0.006352976480479278,-0.0009810114008867998,-0.009446509339211318
2022-07-21,0.010131735300114464,0.011321365987599918,0.014011796602265036
2022-07-22,-0.009321273830765087,0.011387193130804718,0.0024926409954950657
2022-07-25,0.001213892234329883,-0.003556961588915719,-0.0027423043036360895
2022-07-26,-0.011901291265902891,0.0003852954171517098,-0.0011865143173865889
2022-07-27,0.025635028478713018,0.002019419893609431,0.010133467249785255
2022-07-28,0.012464309729377732,0.009845764874099494,0.01211168004371821
2022-07-29,0.01447354922848998,0.0003802710293294709,0.002807145958569457
2022-08-01,-0.0029657136005249995,0.00583124510675237,0.005651232868696177
2022-08-02,-0.00661903183830681,-0.01392213069642434,-0.005955990148902579
2022-08-03,0.015538000760006554,0.0041203623108927445,0.0024352760679882124
2022-08-04,-0.0006760402885301886,0.005055834479170684,0.016404693683583993
2022-08-05,-0.0016914021642122634,-0.014568010122514963,-0.011309781450743017
2022-08-08,-0.0011616992435650175,0.005872048904547178,0.008434348290836446
2022-08-09,-0.003978811247135283,-0.0029797334592380764,0.0030548677970774207
2022-08-10,0.0207866467414064,0.0005773425000610288,-0.002515111058863262
2022-08-11,0.0,-0.0066608800022267545,-0.002641706914864095
2022-08-12,0.016787145694280525,0.003963335778845334,0.009155976822721179
2022-08-15,0.0041122648170981435,0.003178534938588662,-0.012950528089989533
2022-08-16,0.0019568709563593245,-0.001154547178994214,-0.0017516299628299592
2022-08-17,-0.007123335837541767,-0.006762079792518527,-0.00648934594710493
2022-08-18,0.0029021360879850633,0.0019369112754752393,-0.0026198444873024584
2022-08-19,-0.013529128051227524,-0.008647157645519599,-0.007347552958115067
2022-08-22,-0.021042329818509842,-0.00440088600984101,-0.006659303367833047
2022-08-23,-0.0024221556196453164,-0.0024534846046089243,0.006966551217581163
2022-08-24,0.0031961231627795073,-0.003345837641856697,0.002944580504679273
2022-08-25,0.01401867758938824,0.006387044082843296,0.0030581063588206447
2022-08-26,-0.03443514490502064,-0.001175961242705803,-0.012227153201929575
2022-08-29,-0.0066341319841063395,-0.005704513471496142,0.0006180465249858713
2022-08-30,-0.011038563673204216,-0.0002957601251294406,-0.00837555613648
2022-08-31,-0.007638220162541565,-0.004152197879055741,-0.007755309612976546
2022-09-01,0.0031328851487142373,-0.007981176725026629,-0.0088290234746502
2022-09-02,-0.010600298516485473,0.005586487945482332,0.008766173723187443
2022-09-06,-0.0037803447836806114,-0.011204624272662222,-0.005856578259355594
2022-09-07,0.017805595852562917,0.006517814491072471,0.010117286090114419
2022-09-08,0.006514871270703715,-0.0037049764889598436,-0.006020378897494183
2022-09-09,0.015415962491549529,0.00010043145149296606,0.005269846503476394
2022-09-12,0.010690285650483133,-0.0024101511836205347,0.005055386193322242
2022-09-13,-0.044456384481865285,-0.005647205306960501,-0.013096728906648814
2022-09-14,0.003808796001286474,0.0005057123662615126,-0.003855034555311221
2022-09-15,-0.011418278046993358,-0.003442584533052795,-0.018855801737618805
2022-09-16,-0.007658184121448031,0.0008110763192581416,0.005533767627080799
2022-09-19,0.007725026360421161,-0.0028413830569871124,0.0007697907679808935
2022-09-20,-0.011545128652230119,-0.006218411705551041,-0.005722932055293839
2022-09-21,-0.01759747983312998,0.0039802315724619675,0.004632228320962994
2022-09-22,-0.008435260067003014,-0.015189362365778614,-0.0005778441890038621
2022-09-23,-0.0168967012678074,0.001240433548298725,-0.017427816406674346
2022-09-26,-0.009942166892070503,-0.016768486833345975,-0.01170141432179772
2022-09-27,-0.002555789465156444,-0.00685055981146121,0.0020477436877319732
2022-09-28,0.019484992337849505,0.022275076095061408,0.020573557832177514
2022-09-29,-0.021109998821663645,-0.00466474825942953,-0.00019394717180531984
2022-09-30,-0.015584262753498557,-0.0026012235740360268,6.462035224608087e-05
2022-10-03,0.0260583667695089,0.011798605028368492,0.024019005945364214
2022-10-04,0.03051662829549251,0.002060978600427532,0.014226444596111776
2022-10-05,-0.0023310829687197554,-0.009516071048898844,-0.005553659432976588
2022-10-06,-0.010369393424229045,-0.005523206799009195,-0.0011269264553863678
2022-10-07,-0.028290255918554053,-0.004924251334803564,-0.011023386142689162
2022-10-10,-0.0076647844263080245,-0.0058981795903054746,-0.0153182032171566
2022-10-11,-0.0063530350468834484,0.00253209170694646,-0.0020602123309396703
2022-10-12,-0.0033041134477249656,0.0032613298408588065,0.005335071671709102
2022-10-13,0.02604922200451565,-0.004210032434934341,-0.0069476110871145025
2022-10-14,-0.023052481103473355,-0.0056061330416579125,-0.012537160793022473
2022-10-17,0.02537241183289396,0.0010601867569706158,0.002872080630747398
2022-10-18,0.011680822732722973,0.0025395947647277595,0.002148660090393051
2022-10-19,-0.007111685091418352,-0.010517782871024117,-0.013488925988339062
2022-10-20,-0.008420608858731526,-0.007504221985744408,-0.0015834633753089022
2022-10-21,0.02401084829553035,0.0022567259051564648,0.01767059741452659
2022-10-24,0.012162182467156946,-0.001288840086897558,-0.003248865884512675
2022-10-25,0.015842505193241152,0.012393211051256792,0.0022753535606359065
2022-10-26,-0.007562628897520796,0.005083870394341439,0.0063434463543528
2022-10-27,-0.005354209516299946,0.007052726229021644,-0.0015497241473587664
2022-10-28,0.023511994554541893,-0.0051527573174601216,-0.01026317410117894
2022-10-31,-0.007249565616411324,-0.004544689111636302,-0.008194886192774753
2022-11-01,-0.004385507404681022,-0.00018051160331022942,0.010151726172797026
2022-11-02,-0.025416423311386716,-0.0017001277014232485,-0.00699697020289225
2022-11-03,-0.010350145625919183,-0.004369688454624487,-0.0038132974339371017
2022-11-04,0.014290430222569483,-0.0021389866182879302,0.03023458325284345
2022-11-07,0.00952015035209719,-0.0035384438427392695,-0.003970260739379228
2022-11-08,0.005381071119516356,0.0066380745572063304,0.02283632894068699
2022-11-09,-0.020817228796188303,0.0034090443584453567,-0.00502989475916138
2022-11-10,0.05349697093843098,0.02219161204459219,0.029990153003992326
2022-11-11,0.009632185550463745,-0.0020824075999295033,0.006584597947117743
2022-11-14,-0.008543175902008926,-0.0023996820914771178,0.002185266227277438
2022-11-15,0.008492809101347198,0.0073902123822398025,0.0035106980811026034
2022-11-16,-0.007657836570266419,0.007336805129005697,-0.0022987420952169657
2022-11-17,-0.003064519542379962,-0.0068181862340779276,-0.007293959961672591
2022-11-18,0.004530158477250801,-0.0035305459806602713,-0.006917507382314447
2022-11-21,-0.0036429434116733717,-0.0006247764364779584,-0.0056056352070879
2022-11-22,0.01336737290838741,0.0057087554248980155,0.0011730356909014361
2022-11-23,0.006281857890254372,0.005367219808797508,0.006212503317279072
2022-11-25,-0.00022383041827644945,-0.00030823898824650087,0.0008581023409730548
2022-11-28,-0.01608561695227717,0.00041150247796206685,-0.00793489366537159
2022-11-29,-0.0017190768750836583,-0.004228787329026318,0.004928261563008185
2022-11-30,0.031014582741108576,0.008952417116893763,0.0127009210150133
2022-12-01,-0.0007360081009117891,0.010863227486171745,0.018217842396307304
2022-12-02,-0.0011543928508057633,0.0020288673550137304,-0.0034616677176240174
2022-12-05,-0.018152962142740314,-0.010185484923727728,-0.017307805302720247
2022-12-06,-0.014519861846949311,0.006123537037165505,0.0027336344458790407
2022-12-07,-0.0017025569063804369,0.008712587327801558,0.008998493556537923
2022-12-08,0.007803259386126804,-0.005664558580991574,0.0008413425277824516
2022-12-09,-0.00749797923581319,-0.007432999136921303,0.0035378943750199454
2022-12-12,0.01431429090914449,-0.0014315777048814482,-0.00829484183350182
2022-12-13,0.007541136973243212,0.008965865046092425,0.016936889733695004
2022-12-14,-0.006413816434251096,0.0027348700067637566,-0.0024359858905977916
2022-12-15,-0.02476603848441794,0.0019440671023982503,-0.016494600382901403
2022-12-16,-0.011876362644265726,-0.002531889773256246,0.008671019495159804
2022-12-19,-0.008515671109439182,-0.00814564505408022,-0.002821808248999247
2022-12-20,0.0013672657804795207,-0.0072856031891408435,0.016458298941439686
2022-12-21,0.014841716726156307,0.0012349999179592785,-0.0016573862871149814
2022-12-22,-0.014368716093532186,-0.0003080264216173134,-0.01215898016893302
2022-12-23,0.0057358113599566,-0.004538047193812567,0.0029938350392546553
2022-12-27,-0.003951224687416932,-0.008407401659640712,0.008394677302770326
2022-12-28,-0.012505954677624942,-0.0023996834165069814,-0.0045159890327513
2022-12-29,0.017840352453850628,0.004898330018376029,0.005582639597805361
2022-12-30,-0.0026375616317810824,-0.004167976859041467,0.004667758029330393
2023-01-03,-0.004218648208149212,0.007800231981000216,0.008335816871946733
2023-01-04,0.007690385911923947,0.007636424414036114,0.009367889939565721
2023-01-05,-0.011478915366649467,-0.0014400024709537718,-0.012529630867487818
2023-01-06,0.02267295842157857,0.012787061281531287,0.018534663811199614
2023-01-09,-0.0005669643710461969,0.0025380660535523347,0.002242601067979244
2023-01-10,0.00698830839534903,-0.006305688007675947,0.0036693044744913195
2023-01-11,0.012568521888931983,0.006407256322884969,-0.0006870298860048862
2023-01-12,0.0036342924484511485,0.008881542116136565,0.011501603213231348
2023-01-13,0.003871846477433216,-0.005339887423881251,0.01193033370259311
2023-01-17,-0.0018335068805379606,-0.003136276326895171,-0.006566591290623869
2023-01-18,-0.015914022619609725,0.013487855067148224,-0.0028758838411491183
2023-01-19,-0.007306518169661658,-0.0019011494328022849,0.015743931377470766
2023-01-20,0.018457801483967806,-0.0066337393777606835,-0.0033409804213135885
2023-01-23,0.011927083369693392,-0.0032314781091873357,0.0018946378029900401
2023-01-24,-0.0010738970542929493,0.005749700433929306,0.0036119840879402787
2023-01-25,0.00037483523655623685,0.0011056352168283823,0.004593393795208733
2023-01-26,0.010930440506780492,-0.0036238575415703522,-0.009096515003608197
2023-01-27,0.0022949231110453994,-0.0015134744225155927,-0.00139396157562377
2023-01-30,-0.012626126477605304,-0.0031355878530732184,-0.0025700149312912757
2023-01-31,0.014596120573612481,0.005052187225800253,0.00362961650726934
2023-02-01,0.010571887881158482,0.007166915029299226,0.01251813452838757
2023-02-02,0.01445196813753391,-0.0004015492503359752,-0.020970284008537732
2023-02-03,-0.010685940105210179,-0.01079349187595735,-0.025274496401227253
2023-02-06,-0.0061301235538886445,-0.00865810246987131,0.0020732591842405057
2023-02-07,0.012993825032764583,-0.0024580925466066716,0.0009200023760849163
2023-02-08,-0.010995027908528243,0.0036853635136697704,0.002468544755507729
2023-02-09,-0.008706842135477011,-0.004506487171349605,-0.007943887464013422
2023-02-10,0.002330868764159,-0.004835521011361976,0.0019053779351274613
2023-02-13,0.011670723234098901,0.002369790312384268,-0.005089097798950171
2023-02-14,-0.00046041150187203783,-0.00453773067312202,0.0007534549847427741
2023-02-15,0.0032421064334489103,-0.0030022073692439477,-0.010014646847400499
2023-02-16,-0.013864314658932564,-0.003322513082121503,-0.0008195726363133815
2023-02-17,-0.002501420626328965,0.002804285663372319,0.002982339072148399
2023-02-21,-0.020264896382063746,-0.01095072829207755,-0.0037440046605539123
2023-02-22,-0.0013790273226037542,0.0017812839789765889,-0.005642376897915469
2023-02-23,0.005305210699465768,0.0038653092522888954,-0.000530591852650808
2023-02-24,-0.01073976272894317,-0.006066191092220841,-0.0072206822499252254
2023-02-27,0.003399914075350452,0.003037876582935084,0.0039126704061276385
2023-02-28,-0.003702790847286863,0.001567682954598304,0.004545621851780979
2023-03-01,-0.003843322356601675,-0.00802641856810915,0.0057555556009338815
2023-03-02,0.0077472682614567745,-0.004123065275261517,-0.0005857351538960387
2023-03-03,0.01591058748751273,0.00801766272496085,0.010666001055863461
2023-03-06,0.0006925805516155847,-0.0017874599114486855,-0.005056593695139888
2023-03-07,-0.015447411213378004,0.00010500839075877622,-0.017635068390636555
2023-03-08,0.0016306519673889852,-0.00031578641088625403,-0.00047456302828230434
2023-03-09,-0.018622033565699248,0.0061929287572422,0.009801127700098
2023-03-10,-0.01453481501172682,0.018248117580443868,0.02133366724772401
2023-03-13,-0.0014259935084375286,0.012050782433097318,0.022688861946559058
2023-03-14,0.01639483595105684,-0.009485447815676729,-0.005807897981361165
2023-03-15,-0.006273949619230557,0.01434626336939182,0.007773838437142189
2023-03-16,0.017392976761128054,-0.00903140070259667,0.0020180543660703876
2023-03-17,-0.011761741645733181,0.011755153014940234,0.028704276731304823
2023-03-20,0.009569753053837005,-0.004037913773305313,0.00038079522406420097
2023-03-21,0.013045045540654776,-0.008737004487773703,-0.019055524569337123
2023-03-22,-0.01719347032354346,0.01307726442430912,0.016877382247648676
2023-03-23,0.0026997631392911003,0.005724160003367729,0.012460224063675973
2023-03-24,0.006540716862773799,0.000300529824566631,-0.011316136891164952
2023-03-27,0.0018681739597568026,-0.01239025649685832,-0.009299831745516407
2023-03-28,-0.0022472912702475867,-0.0006081209487334149,0.008155744573005386
2023-03-29,0.014430349114680219,-0.0017256644304461943,-0.0049731154716585735
2023-03-30,0.005838102527543576,0.0015224952269363712,0.008998964139578014
2023-03-31,0.013996232177903245,0.005463195052567649,-0.005225877277023727
2023-04-03,0.0038032411957784618,0.004699293200694399,0.00717858251921033
2023-04-04,-0.005563635402761058,0.006418726487932069,0.018469345695108608
2023-04-05,-0.0026214928144199234,0.004189925800424099,-0.0007982432900845993
2023-04-06,0.003893186454495101,0.00029894705334498894,-0.007159660374899346
2023-04-10,0.0010257548599934552,-0.009901907436883128,-0.007427401530066824
2023-04-11,0.000268690628419499,-0.0004018604292124195,0.006300665292291008
2023-04-12,-0.0040843979977891465,0.0029118038815498792,0.004873245294512607
2023-04-13,0.013195258171635693,-0.003313999449552796,0.013425150587981882
2023-04-14,-0.0024457035627927226,-0.004941486039571785,-0.01786901721989853
2023-04-17,0.003581751872724581,-0.00638915568294518,-0.004463702764477162
2023-04-18,0.000652133398784116,0.0016267323355823038,0.0038732698004286803
2023-04-19,-0.00016888577496843027,-0.0021354591983406834,-0.004789973842758144
2023-04-20,-0.005472027694506387,0.005785021663067269,0.0039305245569876135
2023-04-21,0.0007765787821760739,-0.0024315319437810956,-0.009936876904452774
2023-04-24,0.0010423863440145453,0.00485786273042077,0.0030347260178613666
2023-04-25,-0.01600086083773533,0.009845106715897778,0.0050734265105614185
2023-04-26,-0.00424476160096976,-0.0039061741153139096,-0.005452222698837161
2023-04-27,0.019712499824026786,-0.006545028976085554,5.4098929280321784e-05
2023-04-28,0.008498947015169733,0.007447762415390358,0.00027061589311294654
2023-05-01,-0.001010160658448278,-0.011839762735415427,-0.004501468248395035
2023-05-02,-0.011302992555617841,0.01293467176905061,0.0191128216996459
2023-05-03,-0.006887564705113647,0.006505075681840999,0.008443330394000803
2023-05-04,-0.0071083662539015435,-0.00019955289570372514,0.007008337579460289
2023-05-05,0.01834325977258988,-0.005402431574616173,-0.01577167201286489
2023-05-08,0.00026664734575199134,-0.006137705222629464,0.0012261535425386327
2023-05-09,-0.0043950654539397505,-0.0012118088024815066,0.007061173494321338
2023-05-10,0.004661718730472053,0.007450008607034597,-0.00142946404099753
2023-05-11,-0.0017455506237382679,0.003704336671078501,-0.008619799546280227
2023-05-12,-0.0013112040640805844,-0.006013857919250576,-0.0017115440993107356
2023-05-15,0.0034441301936150026,-0.002214350883682492,0.002138972799392569
2023-05-16,-0.006705075102856561,-0.0032292965142062258,-0.012578168330723116
2023-05-17,0.012065850739648276,-0.0032398459501754573,-0.003467895133702825
2023-05-18,0.009586940459195503,-0.0062052225500313085,-0.013057794413406931
2023-05-19,-0.001455834450807103,-0.0037825536062854326,0.009850156652287723
2023-05-22,0.00040587644334344475,-0.001845426243008319,-0.0023442435084914948
2023-05-23,-0.011286449595339754,0.0016404294069563008,0.0012000108481293736
2023-05-24,-0.007270908155037503,-0.002564642216283275,-0.008101176111367181
2023-05-25,0.008622586644828623,-0.0062849652225018815,-0.009664579046816613
2023-05-26,0.012867595416700794,0.001858765918725247,0.003987606249999942
2023-05-30,0.0003809153798997045,0.007809783875085685,0.006171471778321447
2023-05-31,-0.0055606944930728375,0.003780587520021861,0.0015370188425896103
2023-06-01,0.009456036964890835,0.0027765049376480277,0.007867103377942719
2023-06-02,0.014357574801268314,-0.00798263069022287,-0.014857275420164129
2023-06-05,-0.0019179736781014256,-0.00030824616078017897,0.006002365721135661
2023-06-06,0.00217502036172057,0.0006163091290991574,0.001097437284125924
2023-06-07,-0.003463642176360082,-0.007320043395894871,-0.012083252758880114
2023-06-08,0.0060303333412967675,0.006703734266795713,0.013124733073092365
2023-06-09,0.001792579752569523,-0.0036040701537336517,-0.002688130119842036
2023-06-12,0.009031189860576383,0.001649222202027012,-0.0008792504640151577
2023-06-13,0.006571247148609238,-0.0071314125076833434,-0.0073948331208413265
2023-06-14,0.0011900078740643139,0.0013474625328528944,0.000553774340214197
2023-06-15,0.012321358295705132,0.007738797926537089,0.007005982383035736
2023-06-16,-0.0034119961165552937,-0.004326427800191546,-0.0015404017609146337
2023-06-20,-0.005201726603065282,0.002989094574306961,-0.010404681043488573
2023-06-21,-0.005136863815736525,0.0009259550289888452,-0.001447469926816325
2023-06-22,0.003603210601884399,-0.005671813975484774,-0.009966480697038982
2023-06-23,-0.007588647120232217,0.004128344220673874,0.002753451933942941
2023-06-26,-0.004094110935498385,0.0024685681841951634,0.0017380933759119088
2023-06-27,0.01090364639667385,-0.0034990796676650504,-0.004604118590478379
2023-06-28,0.0005042558903758376,0.0040124479573568905,-0.0023100760234937567
2023-06-29,0.00393345924236943,-0.010321072558177491,-0.0010723394318450374
2023-06-30,0.011731756348191347,0.0021763706374162695,0.006641221688667542
2023-07-03,0.0011498523706769959,-0.0043467747673267,0.001121247777740031
2023-07-05,-0.0014882035103402913,-0.004805763267097696,-0.003536277643963359
2023-07-06,-0.00786153680435664,-0.008202194010267227,-0.002984649764026237
2023-07-07,-0.002527928513744726,-0.0012674228190041603,0.0074730048154894035
2023-07-10,0.002527928513744726,0.00516648942652953,0.0007833887164983011
2023-07-11,0.006348277362922872,0.002101419588767861,0.0037406077556987327
2023-07-12,0.008013773866307972,0.009713130035778228,0.013450555215707816
2023-07-13,0.007905673302015082,0.008281037961306303,0.000714444638602707
2023-07-14,-0.0006230801193600755,-0.004960406932062789,-0.003191736429074332
2023-07-17,0.003466201633372634,0.0016564111632790812,0.0007163001287571191
2023-07-18,0.007403035752056475,0.0011369111246430919,0.01139115191595419
2023-07-19,0.002221316619882785,0.003403263065739459,0.00016334311378951583
2023-07-20,-0.0066566002783412515,-0.007958950295065215,-0.005076251540707233
2023-07-21,0.0,0.0008299650176111228,-0.003069238517008799
2023-07-24,0.004457322501082217,-0.002388231105451055,-0.0042906650791518786
2023-07-25,0.002726277002714106,-0.0018725949692051103,0.005552416740764343
2023-07-26,0.00015369927050201682,0.0034308610570450426,0.004867250719561511
2023-07-27,-0.00665184556542453,-0.010956505295229846,-0.015836715414990543
2023-07-28,0.00974258010326512,0.0032468545709267715,0.007949707574280929
2023-07-31,0.0019022620137487678,0.0012546744170816027,0.002690787072192613
2023-08-01,-0.002865611829187209,-0.0058605026083142775,-0.010418766955582193
2023-08-02,-0.014008533351925756,-0.002003151206247722,-0.004776993918500061
2023-08-03,-0.002870055158584961,-0.0074153563900756225,-0.000334202918323534
2023-08-04,-0.004532791217569887,0.010576494692116967,0.0036138763540742858
2023-08-07,0.008690476309975992,-0.0024227441877249234,-0.0022779889325192926
2023-08-08,-0.004358068348109256,0.00504945893530806,-0.006361270240024197
2023-08-09,-0.006707829068078652,0.0006295725783154182,-0.004769563349673156
2023-08-10,0.0003590244761744188,-0.007684810661040764,-0.0010691758408611918
2023-08-11,-0.0005834713626633459,-0.005297690360227314,0.0
2023-08-14,0.005504857478199732,-0.0015947226556027871,-0.00304522053039058
2023-08-15,-0.011717140607268028,-0.0019172306171570952,-0.0026580037072090335
2023-08-16,-0.007365142594842666,-0.003845341026796234,-0.005792775189195076
2023-08-17,-0.0076490521348198115,-0.0012851648607439259,-0.0015390561619561538
2023-08-18,0.0004811126366721652,0.002996091946908308,0.00017111358955279599
2023-08-21,0.006485156665712033,-0.006215927187143144,0.0027339296425665793
2023-08-22,-0.002712233673062947,0.0004300761111810658,0.0016481975934530269
2023-08-23,0.011076099572576048,0.01079468887078594,0.010113328144583988
2023-08-24,-0.01395593414800178,-0.0037279710386552978,-0.0002248455933200333
2023-08-25,0.0070249925463903296,-0.00031969811141596693,-0.0012941233726575518
2023-08-28,0.006321426001722585,0.0027711168399697783,0.002867238875764677
2023-08-29,0.01435128530055163,0.007106302363847128,0.009720692377633178
2023-08-30,0.004110411092180577,-0.00010584210499064994,0.0024987503158229174
2023-08-31,-0.001464573004830605,0.0020062026121445697,-0.0016651113471644052
2023-09-01,0.0018635023682707086,-0.006131471178319359,0.0004997991755413267
2023-09-05,-0.004331280734201748,-0.0060831634995102135,-0.008195174622491308
2023-09-06,-0.00674514033194118,-0.0025729112270553856,-0.004544556063018845
2023-09-07,-0.0030749540943775244,0.0034283804082821945,0.0010678794784508838
2023-09-08,0.0015049931196804422,0.00021420871065469527,0.00033697027875945196
2023-09-11,0.006555114617179392,-0.0017124907747456675,0.001851395103543041
2023-09-12,-0.005500884418595753,0.0013917987042946223,-0.005169992663579315
2023-09-13,0.0011654298988661438,0.0011759755750766487,-0.0023126820451926378
2023-09-14,0.008585375997847144,-0.0022463618217667403,0.0005080950731217726
2023-09-15,-0.012121487482187554,-0.0031102853676037157,0.006582106894978068
2023-09-18,0.0005864023926767103,0.0009658866187010062,0.005870383136318935
2023-09-19,-0.0020759819718518813,-0.0036554220096345347,-0.0009480950413545131
2023-09-20,-0.00923585373782565,-0.0007543349128846799,0.0007251297423289671
2023-09-21,-0.01666662312888878,-0.007465586721296269,-0.007274811145922655
2023-09-22,-0.0022509600327618173,0.003902318252588799,0.0031961900557462286
2023-09-25,0.004196319256883463,-0.007383194906202206,-0.005163898932471156
2023-09-26,-0.014800237962131924,-0.00032736654531984044,-0.008023084937964775
2023-09-27,0.00039912347502557566,-0.004479712607758479,-0.012443751217318777
2023-09-28,0.00578065692316887,0.0027339620309572155,-0.005009715204337795
2023-09-29,-0.002429966918190196,0.00021842045801445664,-0.01032850551809883
2023-10-02,-0.0003976403671543949,-0.008144364512252977,-0.01055420585609923
2023-10-03,-0.01347664685137051,-0.008311886892264475,-0.002892421000057155
2023-10-04,0.007255676227948982,0.00632329565333567,-0.00011826350755939075
2023-10-05,-0.0003768578965832603,0.0018780716814994491,-0.0018344684108635434
2023-10-06,0.01180284905981921,-0.005867251486248115,0.0051398519222738415
2023-10-09,0.006381864266304937,0.012687151751472392,0.018218478536943472
2023-10-10,0.005191268419330264,-0.0019752805404200657,-0.0016795054754084049
2023-10-11,0.00408796255292021,0.005477171784952439,0.007276507826109224
2023-10-12,-0.006115044196297603,-0.00965960741114369,-0.003054310387323511
2023-10-13,-0.004993394123698813,0.006376961480026644,0.03164231938177586
2023-10-16,0.01046653041166401,-0.0059359050955132275,-0.004876800474352017
2023-10-17,-4.5897362212166115e-05,-0.009860995867170708,0.0018525567250016195
2023-10-18,-0.013414740924636348,-0.00468763354798174,0.014367113783494645
2023-10-19,-0.008825058231608729,-0.004934359690899726,0.012199301049654387
2023-10-20,-0.012364322908580583,0.005828992335270122,0.002727175302074336
2023-10-23,-0.0017346583770914137,0.004683356948246953,-0.0033827788768210354
2023-10-24,0.007511112966642308,0.001778243012991787,-0.00010933686369085649
2023-10-25,-0.014456105345101555,-0.008811957936673664,0.004199991317573648
2023-10-26,-0.01204688704888568,0.007589607947500632,0.0015772080037921299
2023-10-27,-0.004543195726292915,0.001555424702684327,0.011562693424815862
2023-10-30,0.011884967323069873,-0.0033360339809211936,-0.005656514976964289
2023-10-31,0.006260453887771966,-0.002118570159059807,-0.0054715039881712
2023-11-01,0.010608302869099973,0.011451880334242048,-0.0031556165767172573
2023-11-02,0.0189831662124762,0.006177454539218807,0.0033185604405963076
2023-11-03,0.00908208633601415,0.0076690006392965415,0.003632316427605531
2023-11-06,0.0022977028955581957,-0.005801034944084016,-0.007823081050705838
2023-11-07,0.0028419314644159144,0.0056920494710546166,-0.004153745714031487
2023-11-08,0.0007322158949190083,0.00403000966432554,-0.01001765347062733
2023-11-09,-0.00782925372632981,-0.009941682584416078,0.0039750574137906725
2023-11-10,0.01548421349936202,0.001097728187051672,-0.010969699953244927
2023-11-13,-0.0009537073531031837,-0.0005487599775975127,0.005555261386915866
2023-11-14,0.019215118643513662,0.014921716499690874,0.008879636186604145
2023-11-15,0.0021148480404837855,-0.00781454364850287,-0.0026390807860945387
2023-11-16,0.0012222043372691616,0.007489894240886308,0.011222864579353953
2023-11-17,0.0012431900032190413,0.0006488270022337872,-0.00010890827769749478
2023-11-20,0.007668010601002528,0.0014040748667980552,-0.0016347162383043568
2023-11-21,-0.0021817331168563214,0.0012941178330461156,0.010740019593542094
2023-11-22,0.003853330397683763,-0.0003233953339636386,-0.004271361889172098
2023-11-24,0.0006152099777469999,-0.005188783383699658,0.00518811533968222
2023-11-27,-0.0018025230898386368,0.007557772087865899,0.006715220224108087
2023-11-28,0.0009895138999862496,0.004400537923418213,0.013243765854618061
2023-11-29,-0.0007036802669633246,0.005233826922876439,0.0014783465644931937
2023-11-30,0.003929765271094787,-0.0049124315796520435,-0.004176660491013173
2023-12-01,0.005898364918483168,0.009390713997363243,0.01712403726695122
2023-12-04,-0.005263103828535343,-0.0041557659922659695,-0.021850417580745685
2023-12-05,-0.00019707581990857648,0.007022826936946558,-0.003786606077862409
2023-12-06,-0.004038051775824947,0.004126742935069316,0.003680115406356599
2023-12-07,0.0076016004801724435,-0.0014793927013299069,0.0016489674559858614
2023-12-08,0.004289894801223326,-0.006471957745116441,-0.01343017351466802
2023-12-11,0.0038819862340746525,0.0001065393282742022,-0.011104320560253456
2023-12-12,0.004556882411789864,0.0021261617349335182,-0.0005447904909061663
2023-12-13,0.013695845688702413,0.014758859280087577,0.022311764488914143
2023-12-14,0.003204360115937277,0.008278307989251665,0.005845435089188555
2023-12-15,-0.0016481535664008007,-0.0008330170866601705,-0.009208782757507805
2023-12-18,0.005609593590762074,-0.0021900431280696964,0.0045351876568231475
2023-12-19,0.006062266530749483,0.0018773729299566,0.006790830606181686
2023-12-20,-0.013954105509574433,0.004885788130775559,-0.005460866362358985
2023-12-21,0.009437408056434116,-0.0015567486917600348,0.0070457557204406385
2023-12-22,0.0020076464981650943,-0.0009351261761540997,0.00442461403136285
2023-12-26,0.004213512403760333,0.0006236605659584171,0.00759184215150821
2023-12-27,0.001806402470950097,0.007761942360751561,0.004527577262521731
2023-12-28,0.00037770690670413387,-0.0038216222707747605,-0.005832413160525185
2023-12-29,-0.0028991187460825074,-0.002486797817376818,-0.0015680697977629166
2024-01-02,-0.005612035397547288,-0.0037417428418971,-0.0023566846852940415
2024-01-03,-0.008200210100771876,0.002391994839597622,-0.008371755159892302
2024-01-04,-0.003226341198105942,-0.006043299471419239,0.001004108607433274
2024-01-05,0.001368731501034226,-0.003665127644767452,0.00015844285681865244
2024-01-08,0.014174976088312974,0.0033511798991119335,-0.007846978293015283
2024-01-09,-0.0015181473394472178,-0.00041789812135739623,0.0003193058065589227
2024-01-10,0.005639400501745939,-0.0015701983938001263,-0.0022906686849220037
2024-01-11,-0.0004407041664684641,0.005328171339852972,0.001971362878363081
2024-01-12,0.0006924762106068627,0.002705817268591204,0.009746417465784418
2024-01-16,-0.003678062689720818,-0.008138985827086387,-0.00953348146491706
2024-01-17,-0.005574135900279664,-0.0032531287848724944,-0.011077075533253655
2024-01-18,0.008853436771480538,-0.0022095428365203063,0.008199176794244423
2024-01-19,0.012389152946588489,0.00010557232306585007,0.0029842685447007966
2024-01-22,0.0021121548236600063,0.0030493238096678255,-0.0037851116316351963
2024-01-23,0.002912233844077683,-0.002523049142599376,0.003891551309362029
2024-01-24,0.0010924713371567307,-0.0028465496964553694,-0.008281084265806093
2024-01-25,0.0054242340291299485,0.00431916094565743,0.0039621270789886864
2024-01-26,-0.0012711417633122224,-0.001788751142937528,-0.0006949345993065847
2024-01-29,0.007888178654051892,0.005984957235130928,0.0070336909422517024
2024-01-30,-0.0007737913609755509,0.001359702478775482,0.00137957417666712
2024-01-31,-0.01645185317346698,0.008328232314235962,-0.0007426235867571407
2024-02-01,0.013003139970991562,0.006174720854163596,0.01034695770009364
2024-02-02,0.010472334123596383,-0.013099162880828352,-0.009498266920115128
2024-02-05,-0.003647841454580636,-0.009779838795670237,-0.005529246178959113
2024-02-06,0.0028991751404685573,0.005375011522713358,0.0052110917695982195
2024-02-07,0.008305842928673535,-0.0017885213713970671,-0.00026523300170389064
2024-02-08,0.00044158984417297376,-0.0032693134301391424,-0.0009022539588237066
2024-02-09,0.005762762016643386,-0.0017976874791632014,-0.0038836838223863523
2024-02-12,-0.00043905182828041234,0.0009521037594302229,-0.0026153866387215174
2024-02-13,-0.013868716200299502,-0.011056805459492836,-0.013884637194948368
2024-02-14,0.009046621925135945,0.003734608586719368,-0.0005962900909111113
2024-02-15,0.006876035574137518,0.0027652619059530537,0.006701308514327486
2024-02-16,-0.004992477596624134,-0.004364190617720531,0.0036558786728413395
2024-02-20,-0.005520718367128197,0.0017054987836599977,0.006045896751115443
2024-02-21,0.0009054727377062477,-0.003199896820685666,5.331114505668921e-05
2024-02-22,0.020484371483981967,0.00010663073870631479,0.00042663093910189076
2024-02-23,0.0006893582974187851,0.004582982812936898,0.005635602023986053
2024-02-26,-0.003669178348845392,-0.0014897167309575465,-0.002229172292928183
2024-02-27,0.0018559005542027052,-0.002239013736483386,-0.0010632481058259202
2024-02-28,-0.0013225770804474735,0.003622229618888362,0.0018068578078276332
2024-02-29,0.0035885836972422425,0.0020186340038943484,0.005137049487700551
2024-03-01,0.009344411629882643,0.004555067682246339,0.018734204946424526
2024-03-04,-0.0010729744406745567,-0.002227036527939319,0.016045575240363874
2024-03-05,-0.0100443454828536,0.006138738786957809,0.006002093012313026
2024-03-06,0.005054396243673764,0.002423990130496989,0.008181839163568405
2024-03-07,0.009877508597217144,0.0016828603682395027,0.005667751261581699
2024-03-08,-0.006020294843485985,0.0007354443712976888,0.008417025116951748
2024-03-11,-0.0008602941492394933,-0.001260929369403918,0.0018333385345243869
2024-03-12,0.010700084608575189,-0.004108925055175128,-0.011000916093968804
2024-03-13,-0.0015686983485974082,-0.002219593037598777,0.006982966028737714
2024-03-14,-0.0019789003516921255,-0.007434248726953641,-0.004183879789555256
2024-03-15,-0.006890145913350132,-0.0017070987862108922,-0.003199519647615112
2024-03-18,0.0059253806571417655,-0.001175160655761509,0.0016010012977574206
2024-03-19,0.00554170575846058,0.0028822594419724012,-0.0011504677080447223
2024-03-20,0.009206950465719288,0.0023423677077989424,0.011841472011166587
2024-03-21,0.0032991630472389843,0.00010621939541355374,-0.0010391759354035912
2024-03-22,-0.0018973722492727774,0.00487970427369433,-0.008053310017860582
2024-03-25,-0.002766837645308051,-0.0026487628836999733,0.003189315361775691
2024-03-26,-0.001848800461837996,0.0014840897458032742,0.0032287432792985626
2024-03-27,0.008368750058720842,0.0038067926553839726,0.007214572450621404
2024-03-28,-0.00019117709098903646,-0.000950273984798855,0.012817528202409889
2024-04-01,-0.0017412071138318552,-0.009089512899414842,0.01015632882706452
2024-04-02,-0.006378314438149957,-0.002140592406290942,0.014664311961913867
2024-04-03,0.0010977513141012807,0.0011779509915248454,0.008734121015037566
2024-04-04,-0.012281198059475251,0.003418622268498872,-0.0057512117823677045
2024-04-05,0.010392727625090359,-0.0066345551433775185,0.016969399304689325
2024-04-08,0.000559218269396311,-0.002257088556621767,0.006209168519561992
2024-04-09,0.0011560031047297414,0.0039738145480257,0.005482001328254604
2024-04-10,-0.010063574476892434,-0.013379678852909471,-0.009508923035404848
2024-04-11,0.00751858925843063,-0.0014133566212803927,0.019246832874495468
2024-04-12,-0.013899054248833309,0.004125302453105384,-0.013327746093359849
2024-04-15,-0.012607429336296327,-0.006411859697935007,0.0185461080043563
2024-04-16,-0.0018253283878477689,-0.003933115878070659,0.0012212692273934067
2024-04-17,-0.005935944797585968,0.006328456814912897,-0.007395532411290873
2024-04-18,-0.00205982591392484,-0.0034862310462511203,0.00340963671078498
2024-04-19,-0.008766586969849222,0.0013085790306135436,0.003126642096903609
2024-04-22,0.009166988154221123,0.0001090089718385201,-0.025012716627156983
2024-04-23,0.011796780401231999,0.0013070906120065118,-0.002461690648096315
2024-04-24,-0.0004748270611187877,-0.0030525704255142116,-0.0018618228395403946
2024-04-25,-0.0038061325092364484,-0.0038287261068363776,0.0059457569557404
2024-04-26,0.009429357841225894,0.002736377716150429,0.0032366836371746643
2024-04-29,0.003535232477214656,0.00403623430465494,-0.002033283758808402
2024-04-30,-0.01596803945198566,-0.004692326296631855,-0.02013850411793694
2024-05-01,-0.0032524335836363605,0.00395242982197086,0.009021337418355202
2024-05-02,0.009309914967841948,0.004687370196675644,-0.003091862325121042
2024-05-03,0.012319016794261728,0.005531163744013412,-0.0007979449099417835
2024-05-06,0.010273961057269076,0.0008650939826209125,0.010463427933373737
2024-05-07,0.001102875701625372,0.002589722337501321,-0.004610940499420124
2024-05-08,9.65377052759564e-05,-0.0028060608518041263,-0.0029453952906237646
2024-05-09,0.005745269090067673,0.003021883064736386,0.015655419861163367
2024-05-10,0.0012875203990425632,-0.003238088126029659,0.008079783894319625
2024-05-13,0.00013405777501063199,0.0011887748530456932,-0.011265319955387376
2024-05-14,0.004577968689839729,0.0029110594668191325,0.008426442720749883
2024-05-15,0.01230696268352549,0.007508413352243615,0.012757032448187822
2024-05-16,-0.002059759065788036,-0.0019255379810179107,-0.0039009421414322176
2024-05-17,0.0014365111167355948,-0.0031097970088911353,0.016363162829441613
2024-05-20,0.0011513908506541881,-0.0015047249059580992,0.004015863208073789
2024-05-21,0.002449582256763172,0.0025782077436709017,-0.0014706294501545258
2024-05-22,-0.0028835497978585423,-0.0012884073198984325,-0.018544867564565415
2024-05-23,-0.007330968037046581,-0.003550782168171729,-0.020146148039186684
2024-05-24,0.006594602133845662,0.0012926282880227902,0.000926684101738573
2024-05-28,0.0006985075278294062,-0.005614489745773277,0.01045829379441443
2024-05-29,-0.00702690666804795,-0.004884015586823942,-0.009347362870368414
2024-05-30,-0.006655857088484041,0.004992332952478584,0.0018949634848048902
2024-05-31,0.00906680466702614,0.004644426186283468,-0.005881436093592818
2024-06-03,0.0008152645724761598,0.0065282586407198195,0.008878251926791592
2024-06-04,0.0011170279177479259,0.005461229907065324,-0.009017596418210871
2024-06-05,0.011814988576102081,0.003624408991843353,0.011775993219295344
2024-06-06,-1.8757656934376143e-05,-0.000425620973127927,0.007364174396756518
2024-06-07,-0.0012163642770017802,-0.010594564441744225,-0.03633551284065817
2024-06-10,0.0030850076840254204,-0.0021541734121370837,0.009126408480625514
2024-06-11,0.0024054435536244867,0.0052692467099682005,0.0028525382508943764
2024-06-12,0.008179565345333373,0.005561641508848858,0.002658183908153866
2024-06-13,0.00201136967270088,0.006590803393897282,-0.008183543017197259
2024-06-14,0.0006083161601724285,0.002328269686776352,0.012876289526632334
2024-06-17,0.007927437386661573,-0.004662061146762042,-0.005205175700450759
2024-06-18,0.002537269126352548,0.00434480095040346,0.003999264104051825
2024-06-20,-0.0027200260930388964,-0.002540830430562302,0.012407060942233983
2024-06-21,-0.0013417365200014686,0.000211821098313969,-0.015614512577114326
2024-06-24,-0.0032559199214210466,0.0008473641644366481,0.003949755820411127
2024-06-25,0.0038434737094741322,0.0008469106067030552,-0.004974590412272661
2024-06-26,0.0012473781065969192,-0.006049228688142172,-0.009271011435783016
2024-06-27,0.0015751059883655216,0.002232955359514399,0.011273144249924094
2024-06-28,-0.0039428283840807765,-0.005324602966801706,9.297215668002679e-05
2024-07-01,0.0020560237092510647,-0.0074720641011234434,0.0026012036358746826
2024-07-02,0.006707119204569345,0.0037697384648041066,-4.643502198131699e-05
2024-07-03,0.004452706498375036,0.006643091311882898,0.011209933637061908
2024-07-05,0.005749921819444559,0.005537777658094711,0.01339666073469381
2024-07-08,0.001153431428376983,0.00031855174328399016,-0.012479622087256281
2024-07-09,0.0009718121832875681,-0.0013809775191013784,0.0016943111880909356
2024-07-10,0.009846643936390898,0.0009561019458974584,0.0036536533844149233
2024-07-11,-0.0086598427236666,0.006352857149493296,0.017578001160185153
2024-07-12,0.006287481082194013,0.0021086237859941903,-0.0006272936376374716
2024-07-15,0.002746401832395051,-0.003164605386636765,0.0032219172131213725
2024-07-16,0.0059127122024058565,0.0044272651869396995,0.019729877820048536
2024-07-17,-0.014120463360193902,0.0008412657576162275,-0.004654019570797807
2024-07-18,-0.00771443496521762,-0.0028417089897043724,-0.006401633154546893
2024-07-19,-0.006662901998392812,-0.003166769502089828,-0.01810066223064588
2024-07-22,0.010257296830807228,-0.0009518406051745032,0.00031568247916791137
2024-07-23,-0.001569851159513469,0.0007404766549452546,0.0035105070964620566
2024-07-24,-0.02292316113286752,-0.0022234282526287785,-0.0035105070964620566
2024-07-25,-0.0052239294452922636,0.0022234282526287785,-0.015768400613655587
2024-07-26,0.011137186583949799,0.004747446072963513,0.010479424389843395
2024-07-29,0.0005877440452746185,0.0016826240418748029,-0.0014060442276129237
2024-07-30,-0.005079203632265994,0.002099328166831782,0.009935936183544491
2024-07-31,0.016123808047705523,0.007313048874493688,0.017948680176280263
2024-08-01,-0.014262321830853963,0.004261047412682295,-0.00344888370988361
2024-08-02,-0.018793994538969017,0.01537158205221889,-0.001906444389298656
2024-08-05,-0.029556031736493793,0.0010231229880197645,-0.012773165762624217
2024-08-06,0.009177306828553,-0.00893733298180166,-0.008032891286850585
2024-08-07,-0.0067064228128090875,-0.0036181086830708864,-0.0006798590470786792
2024-08-08,0.022854202897594433,-0.0030078862659568273,0.015566228805777627
2024-08-09,0.004399881179276477,0.004042870392293452,0.0024522519879113247
2024-08-12,0.0005252671547184562,0.00278968090133791,0.016999354511923137
2024-08-13,0.016312079279074965,0.00442621754928485,-0.0015335341694875382
2024-08-14,0.003149583891837615,0.001334173113735737,-0.008189191333500823
2024-08-15,0.01699504262620355,-0.006276818902719583,0.0031339290416108057
2024-08-16,0.0022397095665009914,0.0019595971546690905,0.022140811735288146
2024-08-19,0.009515672915782147,0.0013384963038545195,-0.0016393656726290118
2024-08-20,-0.0016273842100016367,0.004004010966818683,0.003663270802502616
2024-08-21,0.003430791695667068,0.0020472538132434437,-0.001334507922706507
2024-08-22,-0.007879475116559398,-0.004612356457465161,-0.012047289256478244
2024-08-23,0.010569333214828447,0.004612356457465161,0.01148719434325951
2024-08-26,-0.002386876468126964,-0.0012277139198717535,0.0031842629268945544
2024-08-27,0.0013723517083823467,-0.00040977061922475855,0.0027030152296241283
2024-08-28,-0.005822212664646109,-0.0005122166662303584,-0.007051666972007986
2024-08-29,8.941311264365481e-05,-0.0017437223100520427,0.005164620716357149
2024-08-30,0.009500797762766133,-0.003496337568537733,-0.0071515197828322385
2024-09-03,-0.020793614802648186,0.006570296996279978,-0.004332950273532532
2024-09-04,-0.0020489284680245134,0.005834012118998366,0.0006077417877383695
2024-09-05,-0.0024351431389026956,0.00234448878410376,0.008297784905919592
2024-09-06,-0.016973556894264163,0.001424360846844941,-0.007430165851405768
2024-09-09,0.011134040688200564,0.0014221676645354009,0.004197056104325192
2024-09-10,0.004346456312344316,0.004255073964159806,0.004394427867848272
2024-09-11,0.010206696267000659,-0.000707936734793968,-0.0015918222264339477
2024-09-12,0.008387956919266415,-0.0016199420762204042,0.017414763446119252
2024-09-13,0.0052090800651347635,0.0019233215938641024,0.009894570827460036
2024-09-16,0.001475615266104846,0.002626244091829655,-8.375168155616564e-05
2024-09-17,0.00040865011406943097,-0.0018176262304461233,-0.005546263478780844
2024-09-18,-0.00297023209645797,-0.004354510002344547,-0.00774034473177565
2024-09-19,0.01692041961709556,-0.000812148106843047,0.01542123641948745
2024-09-20,-0.0017300986480552893,-0.0003047884447013871,0.012630557682531851
2024-09-23,0.00249589693882335,-0.0006098557190394871,0.0019385267161009523
2024-09-24,0.002856964487426339,0.001117533891443756,0.013872405171650115
2024-09-25,-0.002207791580729257,-0.004070088364449553,-0.001382723256375229
2024-09-26,0.003956742996381379,-0.0007142428300612735,0.005073989582052185
2024-09-27,-0.0014514519406771953,0.0039716879276978645,-0.00796748708764472
2024-09-30,0.003999407911630115,-0.0027478716477817855,-0.008031540905022894
2024-10-01,-0.008998974141567473,0.0036322067195033725,0.010436598143315656
2024-10-02,0.00042220371578327587,-0.0028555816341002682,0.00020356647666464056
2024-10-03,-0.00182996064161145,-0.005119755960460992,-0.0006922454344495677
2024-10-04,0.009046382481541215,-0.009697089024579775,-0.0019980250389979304
2024-10-07,-0.009081706026014658,-0.0036345335844192306,-0.003393514036765133
2024-10-08,0.009413218435386561,0.0008320500929812624,-0.007399232494345043
2024-10-09,0.006902497137938113,-0.0037494752093474304,-0.005461070501716847
2024-10-10,-0.0017515699875314539,-0.0001043911298310718,0.007316064767088903
2024-10-11,0.005970376139928568,0.000313312071924976,0.010854286868861251
2024-10-14,0.00814519302914185,-0.0017750749149305634,-0.0016308312397317337
2024-10-15,-0.007800265247796645,0.005107446704966101,0.0034623584364341653
2024-10-16,0.004337210504420597,0.0015585225967322813,0.004989142712823025
2024-10-17,8.578677819226499e-05,-0.005204206458692795,0.005970452161761841
2024-10-18,0.003839169318771596,0.0011475322764846752,0.010562207979592841
2024-10-21,-0.0016435233144909134,-0.007743393204113325,-0.00019902108052338718
2024-10-22,-0.0005314275798262713,-0.0009455436159901964,0.010729555523637302
2024-10-23,-0.009179260776987164,-0.0023160133854052134,-0.012123752431614676
2024-10-24,0.002160466874051359,0.0022109073705198767,0.007663817134298867
2024-10-25,-0.0003455720324323508,-0.0022109073705198767,0.0020548662166115506
2024-10-28,0.0030866615487337157,-0.0023213897575651288,3.945329776655626e-05
2024-10-29,0.0016171785308278785,0.00042296069993330576,0.010835937036952181
2024-10-30,-0.0030299014474852726,-0.0014791481510147975,0.00549078920793189
2024-10-31,-0.019797775292802022,-0.0005294247880902603,-0.015616471787271102
2024-11-01,0.004211488482249948,-0.0059393629236978995,-0.004110813705941574
2024-11-04,-0.0021563251188769783,0.005323664953510665,0.0014248987496037202
2024-11-05,0.012019618258313436,0.0005311412768511659,0.0022519104403704304
2024-11-06,0.024561367338930218,-0.010348421271801023,-0.030857976694085743
2024-11-07,0.007702217397189237,0.008010680307772411,0.015948645391861582
2024-11-08,0.004322461365743102,0.002125231380198933,-0.006792442588198
2024-11-11,0.0009525360533606531,-0.002763604083082072,-0.02375140115119212
2024-11-12,-0.0031112747477548552,-0.006300449343164871,-0.008668821068980037
2024-11-13,0.00048554639737208305,-0.0006433457287258193,-0.010132384997697308
2024-11-14,-0.006450760010015877,-0.00010691340910629066,-0.00261255153137796
2024-11-15,-0.012891377368952739,0.00042846252034145493,-0.0017736414154017055
2024-11-18,0.004088826355325814,0.002248040945358021,0.018841622825925164
2024-11-19,0.003649021009027642,0.0021362490586742666,0.008919428494707837
2024-11-20,0.00033877031343454433,-0.0014949912717767688,0.0056162450322965185
2024-11-21,0.0053537840826844985,-0.0005342799798757625,0.00830491888622209
2024-11-22,0.0030947058297172703,0.0006411892122022422,0.012809813332371967
2024-11-25,0.0033862606110792726,0.010732803480805408,-0.0299014831873059
2024-11-26,0.005207900783252839,-0.00211609815298619,0.001936433160953932
2024-11-27,-0.0030345843918393456,0.004016800009789101,0.002220248187002838
2024-11-29,0.006192731118908057,0.004210901665239852,0.008587567442534194
2024-12-02,0.001790929639384764,-8.439033087981329e-05,-0.008792948302693837
2024-12-03,0.0004636315493637966,-0.002849273660982199,0.002010753244455543
2024-12-04,0.006190311046931463,0.0037976314046961335,0.003029087486077664
2024-12-05,-0.0016469926928674994,-0.00010537643290753351,-0.007425208209173917
2024-12-06,0.0018940025172220487,0.00315355935451489,0.00037050015179751483
2024-12-09,-0.00516297780411179,-0.00346949734543589,0.009870874002919194
2024-12-10,-0.0031140403395983896,-0.0017923754377724421,0.013078415980993796
2024-12-11,0.0077009087481823,-0.002958884477616941,0.00948865236059504
2024-12-12,-0.005165857728294476,-0.003817190019071326,-0.014772297747821739
2024-12-13,-0.00019863789310381463,-0.004685329304805919,-0.012165276223374377
2024-12-16,0.004260862955717926,0.00032023966326821807,0.0024122979128051725
2024-12-17,-0.004128605106322958,0.0,-0.00384601115345351
2024-12-18,-0.03025672005225033,-0.00775949339616222,-0.019371499639531997
2024-12-19,-0.0003070937184892486,-0.004541282290365878,0.001420087931280456
2024-12-20,0.011939560195145305,0.003678199342981081,0.010379997439668998
2024-12-23,0.005970455154717058,-0.00443710352464155,-0.004719916680210545
2024-12-24,0.011053675689857378,0.0005417803797618248,0.0019900326568702553
2024-12-26,6.648634141726006e-05,0.0007587576875680568,0.006728492701914668
2024-12-27,-0.010582068695000224,-0.0026027697367574376,-0.00689421445370364
2024-12-30,-0.01147740682219034,0.0058472173850647735,-0.00319477904087595
2024-12-31,-0.003644664109505591,-0.0018373421466213458,0.006214287831739718
2025-01-02,-0.0024600417555857845,0.0005408435786922183,0.013496228917031061
2025-01-03,0.012425882521837295,-0.0016231447509804653,-0.007895124609843762
2025-01-06,0.005743982212337961,-0.0009748178431721044,-0.0012328556129919122
2025-01-07,-0.01136831748402134,-0.00456293820517395,0.00561762673506383
2025-01-08,0.0014598399656557959,0.0017406717491175172,0.005301603121984577
2025-01-10,-0.015385069867613232,-0.007308909037750944,0.009512918374949386
2025-01-13,0.0015492770451448479,-0.0017537197020924822,-0.010001100303675514
2025-01-14,0.0013750045248617226,0.0003289898875769026,0.005235693007988651
2025-01-15,0.018026569513328816,0.010471374213142148,0.007461090407550941
2025-01-16,-0.0019250581580587678,0.0023842239550626587,0.006887194609051406
2025-01-17,0.009989836281139475,0.0007574261555785,-0.0053214033326849375
2025-01-21,0.009111944188136434,0.003347524620211928,0.015366546556983884
2025-01-22,0.0056057958780746375,-0.002590495840498974,0.00512251021306831
2025-01-23,0.005443114947977001,-0.0025972239420894994,-0.0014158718257650804
2025-01-24,-0.002923432214271493,0.002056849263601279,0.006199449222330067
2025-01-27,-0.014246664612268312,0.006467488862115012,-0.010459313683880644
2025-01-28,0.00855581862436594,0.00010708678030102448,0.008619165823802177
2025-01-29,-0.0044930457886227515,-0.0011821739432917866,-0.0038478030414186293
2025-01-30,0.005352833963763182,0.002148932426098149,0.015031970539816086
2025-01-31,-0.005336226049740489,-0.0016113755722484413,0.001974448600582157
2025-02-03,-0.006752195097576852,0.0007118355036412893,0.005323078655223412
2025-02-04,0.00668586494722323,0.002475452774725717,0.009800237486044416
2025-02-05,0.004046226038259881,0.005788399542420386,0.0061903426424301244
2025-02-06,0.0034696035053274343,-0.0011765262368292895,-0.0026537744373777983
2025-02-07,-0.00919566477584155,-0.0033227991055344575,0.0017825701444094122
2025-02-10,0.006768371131537165,-0.00021449807641360508,0.016796386802506724
2025-02-11,0.0007602520504130794,-0.002580803008867427,-0.00365828558987058
2025-02-12,-0.0032268906766450556,-0.006914472183214393,0.0010466070727144228
2025-02-13,0.010502364846180612,0.007452496282438936,0.009814510830151058
2025-02-14,-4.9279997860196545e-05,0.004187951742338214,-0.01498346692654895
2025-02-18,0.002931596336185116,-0.005372284182652898,0.016425269144477284
2025-02-19,0.002352251645474368,0.0016147702173556766,0.0005539429240091209
2025-02-20,-0.00416902401116559,0.0020416395263040954,0.0005166991544358623
2025-02-21,-0.017252070958460486,0.005886360362122645,-0.0009229691054981615
2025-02-24,-0.0045607910100136095,0.0021319408249347305,0.005414881156990958
2025-02-25,-0.004985798788522011,0.007848955115188794,-0.01327607254097618
2025-02-26,0.000504879081011822,0.0027434415749754137,0.0015251697060953973
2025-02-27,-0.016090778955772933,-0.0011595249085898374,-0.015357280506671067
2025-02-28,0.015484977047206527,0.00547013332548385,-0.006285532695668117
2025-03-03,-0.01767516446780526,0.0036233353098493737,0.013094284775934106
2025-03-04,-0.011907481495598837,-0.0031500218353892606,0.008660029400338942
2025-03-05,0.010690492124799889,-0.0055893160665743125,0.0020791481693782643
2025-03-06,-0.017910489771301386,-0.0005288472067110916,-0.005094160642131307
2025-03-07,0.005589128521604536,-0.0012704783691930288,0.0005218196474086056
2025-03-10,-0.026996775065295076,0.006967825628349189,-0.008794495623059895
2025-03-11,-0.008347635944196519,-0.0035836344406643406,0.011659306390657598
2025-03-12,0.005292680910387482,-0.002960519026501629,0.004337373317600424
2025-03-13,-0.01342030784804571,0.004015958269560471,0.017600345742840418
2025-03-14,0.020445465861842038,-0.0034867487567300515,0.00039967786762495905
2025-03-17,0.007681756404855022,0.0008464439018904812,0.005398932434642845
2025-03-18,-0.010867323940460416,0.0011627878470390485,0.01160436401087761
2025-03-19,0.010832077298246645,0.0030583772385632813,0.004099294399691367
2025-03-20,-0.0028961072237088104,0.0014733485801317059,-0.0012814060805395044
2025-03-21,0.00032994733325786285,-0.0008417206000048694,-0.008082476604942102
2025-03-24,0.017750127747996558,-0.005805039346508778,-0.004462490783133433
2025-03-25,0.002400936717044999,0.0016922653758548734,0.004390711790074775
2025-03-26,-0.012010168785888453,-0.002327486153125058,-0.0008263225124265361
2025-03-27,-0.0026592686037236746,-0.0008476177766105764,0.013316671121390122
2025-03-28,-0.020343861653928208,0.008024400901234685,0.007384788228781858
2025-03-31,0.006690259458893344,0.002940255312220863,0.014261049112946012
2025-04-01,0.002820572144886846,0.003507164528146589,-0.0019801896396476337
2025-04-02,0.006308468331306827,-0.0009437234115790005,0.002049559804647494
2025-04-03,-0.05053664464531149,0.01022949282433494,-0.00605658220441363
2025-04-04,-0.06032648048691769,0.0028002571007554877,-0.023670204732145095
2025-04-07,-0.001782838011151533,-0.01198142045871986,-0.02171998668570385
2025-04-08,-0.015786649939027342,-0.005043410175861851,0.005429029902152216
2025-04-09,0.09986275864061778,-0.003165171664401001,0.036323492196158824
2025-04-10,-0.04480800593098966,-0.006254599143715289,0.024130092886814225
2025-04-11,0.017685577889527515,-0.005651679634299356,0.018906799500581606
2025-04-14,0.00965474841988101,0.007988656233385072,-0.005722318290653838
2025-04-15,-0.002804951601619976,0.002965790148667935,0.005218738019025615
2025-04-16,-0.022478845134469516,0.004327665383582868,0.03202257075367587
2025-04-17,0.0014257004856927935,-0.0028474662663500183,-0.004400359490662531
2025-04-21,-0.02409045107988561,-0.005401388473118551,0.030466725196562017
2025-04-22,0.02568493889900214,0.0007431101141799346,-0.014297390879939975
2025-04-23,0.015376768713164068,0.0010605678361539361,-0.02427079806460597
2025-04-24,0.020830444939894832,0.005391256129601452,0.014451351409752178
2025-04-25,0.007199446209049221,0.0037884024171237485,-0.010900878955956372
2025-04-28,0.0003812000542895433,0.003983355303273761,0.014141637459613499
2025-04-29,0.006279518962466923,0.0034462883921637655,-0.009786658970495132
2025-04-30,0.00039675137728512055,0.0015623863588496434,-0.007510353244041923
2025-05-01,0.007061985850203456,-0.004364160821387131,-0.020991066503797562
2025-05-02,0.014735040614723083,-0.006735469466097044,0.001746673590377057
2025-05-05,-0.005750829162368021,-0.0017967358465433847,0.029430400577679094
2025-05-06,-0.008393453277072638,0.002535571111626389,0.027638515747737458
2025-05-07,0.0041967090469272605,0.002634527994885616,-0.015106592963135768
2025-05-08,0.006943490354199611,-0.007818216015593293,-0.01989078892817897
2025-05-09,-0.0012748146512997494,0.0007421253673660644,0.007228485693538289
2025-05-12,0.03251299716179368,-0.006379470567876133,-0.02859555174099615
2025-05-13,0.00658225702623394,-0.0007471339564952828,0.004249948759953881
2025-05-14,0.0012772665916260806,-0.0037429467167156005,-0.021262276625643395
2025-05-15,0.004872500535653579,0.006514668722169326,0.015837869719407927
2025-05-16,0.006313963357238883,0.00031933343564993777,-0.012160689602209729
2025-05-19,0.0010933259077132718,-0.0005324216462074816,0.012798420816745093
2025-05-20,-0.0033679224651637085,-0.0012784557409082353,0.01845097448398647
2025-05-21,-0.01699447120190456,-0.006953646266214086,0.007351594562024388
2025-05-22,0.0003946302521331546,0.00375033786320067,-0.008900989925318292
2025-05-23,-0.006849147787943544,0.0028833103879541966,0.021669792905121277
2025-05-27,0.02057750809639458,0.004150557648044284,-0.01709443335929972
2025-05-28,-0.005802146987409884,-0.002764980807157258,-0.002268589173612945
2025-05-29,0.003939461363247965,0.004144737390749498,0.005907233361944542
2025-05-30,-0.0011190270272605218,0.002965313627770527,-0.006598665713002383
2025-06-02,0.0056170112957714124,-0.0034006097111962674,0.026233913208447035
2025-06-03,0.005686567498990769,-0.0009586260933911461,-0.00889499464201915
2025-06-04,-0.0002686523208081937,0.007325016065507839,0.006421313241234294
2025-06-05,-0.004844471791619398,-0.0029657802609204253,-0.00506267264407434
2025-06-06,0.01021676598898491,-0.007988733264079784,-0.013506882324947789
2025-06-09,0.0009006163975930903,0.0018163526401346886,0.0047074374937485786
2025-06-10,0.005653911873507056,0.001706555095180029,0.00029346792267404
2025-06-11,-0.0028562551975790385,0.004147413551201851,0.00539769697833048
2025-06-12,0.0039665017352490395,0.00434169454898381,0.012343702322692884
2025-06-13,-0.01124313008198019,-0.0037051418223361665,0.013015494091699331
2025-06-16,0.009469368183271598,-0.002867598460632337,-0.014361734303801832
2025-06-17,-0.008581994289928119,0.004880623212693891,0.0005130624809401851
2025-06-18,-0.0001506208659156627,0.0006346147597744434,-0.005400182338402892
2025-06-20,-0.0023512362440003542,0.0006348048920727933,-0.0004191069541601422
2025-06-23,0.00982891942094355,0.0034819640829262255,0.0030584905042090327
2025-06-24,0.010986816119520348,0.0034705546454043557,-0.015844238391270693
2025-06-25,0.0005601257618073063,0.0004196853766202935,0.0030327025232494975
2025-06-26,0.007793261577727861,0.0035612788048711153,-0.0011076604529494105
2025-06-27,0.004956121765265387,-0.002617315367073658,-0.01828997550464706
2025-06-30,0.004769885673784557,0.003975550013369578,0.011913301279754762
2025-07-01,-0.00032376653948418266,-0.00185551296450015,0.008883435847179655
2025-07-02,0.004523120741212416,-0.0021012306727685726,0.005512375309430162
2025-07-03,0.007850404775934905,-0.003476282776841977,-0.006846293882021293
2025-07-07,-0.0074799760056238895,-0.003171085353374181,0.0007485003525822265
2025-07-08,-0.0005477859312437161,-0.0014832599772480748,-0.010498326962964377
2025-07-09,0.005978747694234343,0.00518151840193859,0.004461316177626351
2025-07-10,0.0028162888082992055,-0.0005271730713163336,0.002223316131964914
2025-07-11,-0.0035216020520021374,-0.004654345330622256,0.009555773018863789
2025-07-14,0.0019063658432800779,-0.00042405990707994334,-0.003662014424121729
2025-07-15,-0.004282467646529398,-0.003932271528995557,-0.0041643640755140154
2025-07-16,0.0033377962635929848,0.002764818399851876,0.0049756967893914705
2025-07-17,0.006100988336816826,-0.0003186407041866346,-0.002175898954109634
2025-07-18,-0.0007327994824901651,0.002758241874632361,0.002597547797348554
2025-07-21,0.0018945445599554134,0.0034895165134933848,0.015253192127432591
2025-07-22,0.00014308704132748318,0.002846220570449809,0.009440183161308013
2025-07-23,0.008471491723121005,-0.0035854195360478514,-0.012478717461641864
2025-07-24,0.0003308776006356595,-0.0014801236613779523,-0.0061370703288572415
2025-07-25,0.004215537956780757,0.0023249982685857873,-0.009293039490678723
2025-07-28,-0.00025110052784516057,-0.0022191723042261913,-0.006494663067577733
2025-07-29,-0.002641146447957432,0.006537420169557606,0.0027466136773082184
2025-07-30,-0.0012601632939270857,-0.00347433905459571,-0.01742442469843475
2025-07-31,-0.003758217413957432,0.0008434496021347826,0.006623418228250522
2025-08-01,-0.01652622653760183,0.011446816804094873,0.02009639782657313
2025-08-04,0.015085405109180883,0.0013577748146023083,0.00580633979396783
2025-08-05,-0.005082822025413769,-0.0007308100992604594,0.000803768098495361
2025-08-06,0.007630474189105563,-0.0007312613977452642,-0.002123359734255814
2025-08-07,-0.0008379874450792357,-0.0007319630051885184,0.008402586680171353
2025-08-08,0.007767311017072842,-0.0023041400364007814,-0.00022360485625672055
2025-08-11,-0.0019794591832811292,0.0003145592011799536,-0.01447901799294371
2025-08-12,0.010589712348545888,-0.00020952830018305946,-0.0009078785028293623
2025-08-13,0.0034173828252370697,0.0035579359823758594,0.0030446433804476314
2025-08-14,9.300924530109e-05,-0.0032435765996225996,-0.006358881635978086
2025-08-15,-0.0023439428152558506,-0.001993170856869675,0.0005856467855478442
2025-08-18,-0.00021773625932830498,-0.0009455087578755794,-0.0015624875893935908
2025-08-19,-0.00543987032959059,0.0025192893309951003,-0.005488312721199762
2025-08-20,-0.002660520399973443,0.0014668472085999085,0.010071289165623831
2025-08-21,-0.004019975412114185,-0.002935598565828812,-0.003475929162815916
2025-08-22,0.01524001472684322,0.005549492353384089,0.01064951898275357
2025-08-25,-0.00441073345515175,-0.0019858792650344625,-0.002417757282480615
2025-08-26,0.004178228195597988,0.002612088807861568,0.007235805547642471
2025-08-27,0.002276052103625581,0.0018766107544205823,0.0020166939883496937
2025-08-28,0.0035350684092172457,0.0022888723227794117,0.007391652350960953
2025-08-29,-0.005981588576275065,-0.0008317262239012635,0.009603638858147079
2025-09-02,-0.007437844999217624,-0.0029887159534798258,0.02336740250914282
2025-09-03,0.005404913267993194,0.003447599355753894,0.007801481349129169
2025-09-04,0.00832268770140665,0.004474765280697568,-0.004428674737355642
2025-09-05,-0.00290049153687022,0.004868287651866865,0.013257668006979806
2025-09-08,0.002453660626976273,0.0030951617207888305,0.011323711365555766
2025-09-09,0.0023092163266360544,-0.002372023533473211,-0.002272485609217334
2025-09-10,0.0028865403343116824,0.0026809644510210617,0.0035857690781284646
2025-09-11,0.008276044733777965,0.0015433560887041509,-0.0014924929949513555
2025-09-12,-0.0003346864105946423,-0.002883062544263737,0.001969631599387789
2025-09-15,0.005309747236784013,0.001648470308747818,0.010351078276419123
2025-09-16,-0.0013778337303520516,0.0006174866449946137,0.002004400599687095
2025-09-17,-0.0012431360491982346,-0.0021628325753049182,-0.007745087571334075
2025-09-18,0.004661617295406373,-0.0033048561094499718,-0.004014356216470283
2025-09-19,0.004940643347549845,-0.0004137631703953204,0.010551365296973536
2025-09-22,0.004719893112429041,-0.0016570956748243049,0.017158380367683357
2025-09-23,-0.005458340322640254,0.0027947376664183565,0.004078048498239895
2025-09-24,-0.0031867364861728475,-0.0026913147713409913,-0.009104369003754442
2025-09-25,-0.004624142450810886,-0.0021788262590387575,0.004156538489887396
2025-09-26,0.005712685577890397,-0.0005195039480554442,0.005755674720215431
2025-09-29,0.0028065048617200716,0.0029057192500756557,0.01636192499893241
2025-09-30,0.0037597579990684693,-0.0004145744302475052,0.008503744538253422
2025-10-01,0.0034017796058662952,0.003363504035664988,0.0015741326049987237
2025-10-02,0.0011510698904784178,0.001035952167251608,-0.0034889043060362113
2025-10-03,-1.4713555581025162e-05,-0.0019690471334747883,0.008000845595952377
2025-10-06,0.0035797646662825144,-0.002908908239388275,0.018670357712141872
2025-10-07,-0.0037144037537206742,0.002493937963534698,0.005146197838027611
2025-10-08,0.005945346619066427,0.0002072605358494073,0.01635645771461558
2025-10-09,-0.0029011790781119373,-0.000726256705672057,-0.018625225753275743
2025-10-10,-0.027399832538963054,0.006210328489419936,0.010047058859954383
2025-10-13,0.015227587680656463,0.0005160285041201362,0.024010471634505315
2025-10-14,-0.0012223931057615545,0.0025749356535671453,0.007115811676484007
2025-10-15,0.0044297042667862385,-0.0011322689273765008,0.01718391083164228
2025-10-16,-0.006833615656052672,0.00462370466938733,0.02311798516943142
2025-10-17,0.0056603425211827485,-0.0016413191574047303,-0.018996349267190737
2025-10-20,0.010346787167761384,0.0013336553218588065,0.03575507474940309
2025-10-21,-1.4942990429034353e-05,0.001844079154020406,-0.06642712220281766
2025-10-22,-0.005212477453439668,0.0002049037056872649,0.00010605032482136068
2025-10-23,0.005912449677416554,-0.0032801797307326908,0.003994370253229462
2025-10-24,0.008139340211437585,0.0009236005658381785,-0.0033584660498817698
2025-10-27,0.011728704412554691,0.0,-0.02823439606845568
2025-10-28,0.0026524052325163083,0.0009226672814586223,-0.007191829710492925
2025-10-29,0.00048025529764750274,-0.006477191304545826,-0.0037944582730187193
2025-10-30,-0.011059023816543778,-0.0014450638981333697,0.019451474207494712
2025-10-31,0.003274763371308609,0.00041328680491314884,-0.00544534976587574
2025-11-03,0.0018748909406074432,-0.0004767526035873715,0.001791298260436669
2025-11-04,-0.011924361882797996,0.0012430165601173826,-0.017672437504169025
2025-11-05,0.0034594857288823277,-0.004772313434894038,0.011498013266248108
2025-11-06,-0.010787338554331782,0.00508260202453048,-0.0012012407765737976
2025-11-07,0.0009840807123628892,0.00041381297687514973,0.006100376279774444
2025-11-10,0.015483783745324331,-0.0013453758941173177,0.02697402633060797
2025-11-11,0.002286741267620407,0.003101949342402932,0.003930081509220251
2025-11-12,0.0005562355885295744,0.00020643863204927726,0.015982361021277924
2025-11-13,-0.016733217576366144,-0.0028943526021798505,-0.008115943871202624
2025-11-14,-0.00016383779399031795,-0.0016576614392640465,-0.01821276119826276
2025-11-17,-0.009360016113874714,0.0011400292025447456,-0.011530197275275711
2025-11-18,-0.008433011441929317,0.0016557742963820843,0.007238670232445621
2025-11-19,0.0038557337390647817,-0.000724033347273334,0.0016281258445651758
2025-11-20,-0.015359584109870816,0.0023771519576110123,-0.0002933685939359165
2025-11-21,0.009911853052476438,0.003297899130161319,-0.0015485295000221555
2025-11-24,0.014611339452438976,0.001542204802304603,0.01572002942959294
2025-11-25,0.009362058936483564,0.0025648523694936642,-0.0003157406112368477
2025-11-26,0.006879679464035782,0.0008194880023362217,0.007966521739529497
2025-11-28,0.005443590966696554,-0.0017419931182631743,0.012347782735317558
2025-12-01,-0.004575923889866829,-0.005384137180604043,0.004809481913079061
2025-12-02,0.0018504732237616395,0.0008270256413425159,-0.006460877304548696
2025-12-03,0.0034568578671407835,0.0020645361452977795,-0.0009300505859091146
2025-12-04,0.0007307827148075319,-0.0030985267350285284,0.0006459865002765852
2025-12-05,0.0018976831042039066,-0.0020710311926492864,-0.0017839435807109894
2025-12-08,-0.0030088208209946288,-0.0020753292658346467,-0.0026429393579938676
2025-12-09,-0.0008633106760411735,-0.0014552483550538398,0.005124051608821567
2025-12-10,0.006610248643996286,0.0032195689672969152,0.004250103468606881
2025-12-11,0.002324242885118899,0.00010365313758065042,0.010712248978542505
2025-12-12,-0.010810206581406412,-0.0026992965764716104,0.0055789875076310835
2025-12-15,-0.0015119508356713496,0.0008313228266478845,0.0009099271544501519
2025-12-16,-0.002736115053598276,0.002800775867100924,0.000227429563539161
2025-12-17,-0.011064581322954403,-0.00020736797961795617,0.008551559438576106
2025-12-18,0.007522985619272227,0.002586943160731714,-0.0018048314286414069
2025-12-19,0.009022588183063895,-0.0022523423847715662,0.0011283535131116906
2025-12-22,0.006210568439740882,-0.0010395826155278343,0.022819254559299118
2025-12-23,0.004559989765268391,-0.0004162173563884153,0.013165297757330663
2025-12-24,0.003511501850766763,0.0025980533335969724,-0.004142651508748152
2025-12-26,-0.00010141480775960332,0.0009337565090579147,0.011609088487158914
2025-12-29,-0.0035700184467799545,0.0014506711531696581,-0.04450407961760128
2025-12-30,-0.0012218705884974312,-0.0010359209002475112,0.0007273032894685727
2025-12-31,-0.007436524151640533,-0.0033223397395456544,-0.006488999253824623
