Date,portfolio_return
2010-01-04,
2010-01-05,0.002042568996640681
2010-01-06,0.004389361854218195
2010-01-07,-0.0006554034370456945
2010-01-08,0.0031763293490527644
2010-01-11,0.00511976434549514
2010-01-12,-0.007682934571427176
2010-01-13,0.0043844236809698805
2010-01-14,0.003934745083954786
2010-01-15,-0.005735141911226889
2010-01-19,0.005557235689278534
2010-01-20,-0.009951562792987922
2010-01-21,-0.009994061565448614
2010-01-22,-0.007757026755762619
2010-01-25,0.0019378494358198717
2010-01-26,-0.00048527071012645823
2010-01-27,-0.0023790405985109064
2010-01-28,-0.004090988926774064
2010-01-29,-0.003959515593516334
2010-02-01,0.011559091637063848
2010-02-02,0.006989027924602171
2010-02-03,-0.004562710252264882
2010-02-04,-0.020820230222922155
2010-02-05,0.0027466106665063883
2010-02-08,-0.004737524902834596
2010-02-09,0.006775940086006977
2010-02-10,-0.0024926299689011313
2010-02-11,0.009454911346330253
2010-02-12,0.00022094714017354777
2010-02-16,0.014019177922547955
2010-02-17,-0.0013173145443811836
2010-02-18,0.0030053825653896245
2010-02-19,-0.0006682798758615993
2010-02-22,-0.0014184124684278874
2010-02-23,-0.005122250078790154
2010-02-24,0.0016134327417766474
2010-02-25,0.0037173313336871607
2010-02-26,0.004173186950879944
2010-03-01,0.003808009411857993
2010-03-02,0.00595066998639752
2010-03-03,0.0017976888076988902
2010-03-04,-0.0007906746666470252
2010-03-05,0.003123503039295798
2010-03-08,-0.003625651700579194
2010-03-09,0.0009208276235898408
2010-03-10,-0.002866587458993597
2010-03-11,0.00149513483145088
2010-03-12,-0.0014472302979672649
2010-03-15,0.0013527110298848417
2010-03-16,0.010224718878759123
2010-03-17,-6.493112118370137e-05
2010-03-18,0.0012275823255779215
2010-03-19,-0.008353167897722372
2010-03-22,0.0012585205814644356
2010-03-23,0.0034083698825684294
2010-03-24,-0.011154959890419553
2010-03-25,-0.00026626199525022387
2010-03-26,0.006235351647431979
2010-03-29,0.002121903829686763
2010-03-30,-0.001827308212129175
2010-03-31,0.0026739286104484616
2010-04-01,0.005596311505607465
2010-04-05,0.0016265529275937274
2010-04-06,0.0021887390762501307
2010-04-07,0.004550463859778456
2010-04-08,0.0012542620622374803
2010-04-09,0.005493498600456966
2010-04-12,-0.00042038349163224065
2010-04-13,-5.831361656871703e-05
2010-04-14,0.0038943938382490773
2010-04-15,0.002663912963279872
2010-04-16,-0.010359367237293988
2010-04-19,0.00017209326877506048
2010-04-20,0.004054651713413311
2010-04-21,0.0030129716001873566
2010-04-22,-0.0011778291039798994
2010-04-23,0.005271723259653637
2010-04-26,-0.0023312873214163345
2010-04-27,0.000798300863598703
2010-04-28,-9.316795233786168e-05
2010-04-29,0.004600218572865929
2010-04-30,-0.0004706331969609825
2010-05-03,0.004516581768920225
2010-05-04,-0.008061584096249833
2010-05-05,-6.253668458777706e-05
2010-05-06,0.0024325650929231104
2010-05-07,-0.006481367095903116
2010-05-10,0.010168962884950505
2010-05-11,0.008215566907843086
2010-05-12,0.00586699923985623
2010-05-13,-0.005535261223998907
2010-05-14,-0.004407493657144287
2010-05-17,-0.0033464542443854732
2010-05-18,-0.0017366059008705839
2010-05-19,-0.009587941607168471
2010-05-20,-0.011600647602678798
2010-05-21,0.0032607914959612563
2010-05-24,0.00040952164304075556
2010-05-25,0.002965615640625696
2010-05-26,0.0004677835219231894
2010-05-27,0.00861458757781349
2010-05-28,-0.0021390408869115993
2010-06-01,-0.0022891141167971085
2010-06-02,0.0064179200809092824
2010-06-03,-0.004385223758769078
2010-06-04,-0.0036143160477027916
2010-06-07,0.003635553078621882
2010-06-08,0.001197591544395249
2010-06-09,-0.0029585826562592934
2010-06-10,0.002252225079698949
2010-06-11,0.006651132719537914
2010-06-14,-0.001941055076311667
2010-06-15,0.010417817140971897
2010-06-16,-0.0010056493592290141
2010-06-17,0.006457244307744487
2010-06-18,0.0022283572980809074
2010-06-21,-0.007825982770280016
2010-06-22,-0.0005729871497310488
2010-06-23,-0.0011659338562972632
2010-06-24,-0.004841480667295468
2010-06-25,0.005938785895009586
2010-06-28,-0.0032206800375430555
2010-06-29,-0.008359584503636164
2010-06-30,-0.0015513452748590433
2010-07-01,-0.014342938799023226
2010-07-02,0.0017189235151006117
2010-07-06,-0.0025793839948292287
2010-07-07,0.012941231654009323
2010-07-08,0.001020384443547906
2010-07-09,0.004880893670249982
2010-07-12,-0.002093060410102228
2010-07-13,0.006274838771797501
2010-07-14,0.0014610665250275692
2010-07-15,0.0016163731121589344
2010-07-16,-0.011652674743441893
2010-07-19,-0.0015862713517789488
2010-07-20,0.00669581955960378
2010-07-21,-0.0044942762669033885
2010-07-22,0.008512755118194715
2010-07-23,-0.0003821200886433562
2010-07-26,0.0017304185636658846
2010-07-27,-0.006982254493200002
2010-07-28,7.80460713252219e-05
2010-07-29,0.0005677671266961505
2010-07-30,0.005389280359995714
2010-08-02,0.006640636886784697
2010-08-03,0.0012689754529601562
2010-08-04,0.0029395018334051146
2010-08-05,0.001989110645410186
2010-08-06,0.003273413138248952
2010-08-09,0.00046595604981292116
2010-08-10,0.0008238822281985505
2010-08-11,-0.008356828985807363
2010-08-12,0.001167840273682589
2010-08-13,0.0003677561456996529
2010-08-16,0.005038425590017806
2010-08-17,0.0024632886810496504
2010-08-18,0.0015776186114611437
2010-08-19,-0.0038332906962169253
2010-08-20,-0.003326170018361366
2010-08-23,-0.0013582138370090702
2010-08-24,-0.0006921638813158395
2010-08-25,0.0025524675646886688
2010-08-26,-0.0018137933416586907
2010-08-27,0.001471199000865268
2010-08-30,-0.0025615724447391277
2010-08-31,0.004709743491643881
2010-09-01,0.00650538168945458
2010-09-02,0.003357261238425243
2010-09-03,0.0012446650935407826
2010-09-07,0.001177467942777584
2010-09-08,0.0014507496588482087
2010-09-09,-0.004207682018846248
2010-09-10,0.0011871466443240293
2010-09-13,0.004991111424449116
2010-09-14,0.008050571659009204
2010-09-15,-0.00010229272902225378
2010-09-16,0.0006034678401217002
2010-09-17,0.0006396409480168286
2010-09-20,0.007007995398599604
2010-09-21,0.005480844018355986
2010-09-22,-0.0006276338532055598
2010-09-23,-0.001966534012466159
2010-09-24,0.006249611040404593
2010-09-27,0.0010602312995485381
2010-09-28,0.00524975911777877
2010-09-29,-0.0011257756734330457
2010-09-30,-0.001497560255856567
2010-10-01,0.004186631161601376
2010-10-04,-0.002484380546521521
2010-10-05,0.013342753426641707
2010-10-06,0.0042084460044289704
2010-10-07,-0.0037099678355028143
2010-10-08,0.005301217224503126
2010-10-11,0.002243229683775179
2010-10-12,-0.0007686082826202644
2010-10-13,0.007922435887123713
2010-10-14,-0.0015139837898956823
2010-10-15,-0.0034101286480950526
2010-10-18,0.004724263530802167
2010-10-19,-0.013577761624549376
2010-10-20,0.006154535129785291
2010-10-21,-0.0058026545773038896
2010-10-22,0.0013911897550164345
2010-10-25,0.003762549160361709
2010-10-26,-0.002089738446273507
2010-10-27,-0.0063505685610546845
2010-10-28,0.006426554774088414
2010-10-29,0.005249711514318781
2010-11-01,-0.0022049579894630003
2010-11-02,0.005202214852103371
2010-11-03,0.00010502182655806403
2010-11-04,0.020412147512566405
2010-11-05,0.0007091626395467898
2010-11-08,0.0028975828323106376
2010-11-09,-0.010509178722732566
2010-11-10,0.006650471820924596
2010-11-11,-0.0006062275075325863
2010-11-12,-0.016324344079006143
2010-11-15,-0.007922205614104467
2010-11-16,-0.006363156458863317
2010-11-17,-0.0022895498351758192
2010-11-18,0.00848920510137215
2010-11-19,0.0018820269088158554
2010-11-22,0.0047338649539268775
2010-11-23,-0.0018207375513794588
2010-11-24,0.0007790063222167987
2010-11-26,-0.005094763206416367
2010-11-29,0.002731167650340316
2010-11-30,0.0034759872570309467
2010-12-01,0.0026071746371176445
2010-12-02,0.0029940996154908714
2010-12-03,0.00800844493234402
2010-12-06,0.004243358713187336
2010-12-07,-0.011590277486541362
2010-12-08,-0.005800012356491931
2010-12-09,0.003440626236367317
2010-12-10,-0.0007901948109555839
2010-12-13,0.0028592791797753163
2010-12-14,-0.0029055725984599152
2010-12-15,-0.006511529400869557
2010-12-16,0.0017151418561278664
2010-12-17,0.004197117299376145
2010-12-20,0.0030288324751914413
2010-12-21,0.003342750527170886
2010-12-22,-0.0005507219711940273
2010-12-23,-0.0026135288655785294
2010-12-27,0.002308732171320512
2010-12-28,0.002407581015352063
2010-12-29,0.005176255394429527
2010-12-30,-0.0028523093732692275
2010-12-31,0.005868861783673221
2011-01-03,0.000685337357109258
2011-01-04,-0.007249808701661697
2011-01-05,-0.00279859531329966
2011-01-06,-0.0002671296966375951
2011-01-07,0.0009400406578976563
2011-01-10,0.002065001796358971
2011-01-11,0.001835071311394117
2011-01-12,0.0034071854212628003
2011-01-13,-0.0017685627965983533
2011-01-14,-0.0018876062908241102
2011-01-18,0.0016095818099819412
2011-01-19,-0.0016896714711139482
2011-01-20,-0.009315166434909112
2011-01-21,0.0014319956273525594
2011-01-24,0.00022682160552448894
2011-01-25,0.001191715706479653
2011-01-26,0.0019839722869142706
2011-01-27,-0.006137197216133187
2011-01-28,0.0018313104194312242
2011-01-31,0.00014689828408775973
2011-02-01,0.006173383512081965
2011-02-02,-0.002316638190507018
2011-02-03,0.0033111057097263323
2011-02-04,-0.0024753319460967997
2011-02-07,0.001989642147623686
2011-02-08,0.002922934280018108
2011-02-09,0.0009724633167135601
2011-02-10,-0.0015162827615902152
2011-02-11,0.002192715395863816
2011-02-14,0.0024974671414124128
2011-02-15,0.002270581508273972
2011-02-16,0.0019574720336371274
2011-02-17,0.00456616358652447
2011-02-18,0.0015359397886095159
2011-02-22,-0.0013062054028909844
2011-02-23,0.00011219631626246951
2011-02-24,-0.0018644246126562347
2011-02-25,0.006836711110706013
2011-02-28,0.002601996050527096
2011-03-01,0.0005604525058145642
2011-03-02,-0.001300281429940986
2011-03-03,-0.0008821281117545876
2011-03-04,0.0029319768686319283
2011-03-07,-0.0025582515888647275
2011-03-08,0.0012656684015251627
2011-03-09,0.001591132729516942
2011-03-10,-0.0072551868803046125
2011-03-11,0.0026147624521043094
2011-03-14,0.0002797401693650132
2011-03-15,-0.008826428042155979
2011-03-16,-0.0034076540506089437
2011-03-17,0.005177988568879003
2011-03-18,0.004407907126727968
2011-03-21,0.005291800909135873
2011-03-22,-0.001194117955772622
2011-03-23,0.003620703597323656
2011-03-24,-0.0011762543392858462
2011-03-25,0.00022211942192566306
2011-03-28,-0.002428522708040911
2011-03-29,0.0004800691541194667
2011-03-30,0.004557755194824893
2011-03-31,0.0015504149317504916
2011-04-01,0.0005465961997735227
2011-04-04,0.002560821253546545
2011-04-05,0.0035364406176752183
2011-04-06,0.0003865012702331343
2011-04-07,-0.0005071105268326475
2011-04-08,0.0005646955365337103
2011-04-11,-0.002935652353724949
2011-04-12,-0.003017376428900727
2011-04-13,0.001952028656189856
2011-04-14,0.0036296597572755456
2011-04-15,0.006534363316453036
2011-04-18,-0.0008931789841252575
2011-04-19,0.0023421274074383693
2011-04-20,0.004530570146456636
2011-04-21,0.002498933348595115
2011-04-25,0.0011234238083477712
2011-04-26,0.0031780232081679567
2011-04-27,0.007642531330616542
2011-04-28,0.003743407261049306
2011-04-29,0.007129105431279795
2011-05-02,-0.004903524090620078
2011-05-03,-0.0014889390839818069
2011-05-04,-0.006144804674386532
2011-05-05,-0.010973800185821614
2011-05-06,0.005898869406514221
2011-05-09,0.006553242379655488
2011-05-10,0.0024137824549144886
2011-05-11,-0.0053791060224765985
2011-05-12,0.0009654475570339826
2011-05-13,-0.0034513410405870486
2011-05-16,-0.001905496689742307
2011-05-17,-0.0005183356730181404
2011-05-18,0.0030474576965477946
2011-05-19,0.001257993176833061
2011-05-20,0.002365978208626089
2011-05-23,-0.0026458084878567822
2011-05-24,0.001784224669023763
2011-05-25,0.0011239618345711964
2011-05-26,0.0025698168587574566
2011-05-27,0.00457200624750953
2011-05-31,0.003855364742309149
2011-06-01,-0.004138591451265494
2011-06-02,-0.0032559718047989366
2011-06-03,-0.0003975188934155862
2011-06-06,-0.003156613362623961
2011-06-07,0.00027979575430662573
2011-06-08,-0.0020263883074175997
2011-06-09,0.002876136502846275
2011-06-10,-0.006492563292854673
2011-06-13,-0.0037422057001667377
2011-06-14,0.0036122548548375155
2011-06-15,-0.001316362569107684
2011-06-16,0.0013248871356911958
2011-06-17,0.002926088217193016
2011-06-20,0.0013919624309625491
2011-06-21,0.005744821304827785
2011-06-22,-0.001637369913101002
2011-06-23,-0.005058453895787148
2011-06-24,-0.007145265556600703
2011-06-27,0.0004703701594534666
2011-06-28,0.0024459481671752123
2011-06-29,0.0029993705867282783
2011-06-30,-0.0006283037678187125
2011-07-01,0.0016494464770821682
2011-07-05,0.008032720890889725
2011-07-06,0.0038788689680340953
2011-07-07,0.0027132388402871057
2011-07-08,0.0036436528184630905
2011-07-11,-0.0005058852374754124
2011-07-12,0.0016331083985623072
2011-07-13,0.004651410608366749
2011-07-14,-0.0033434025150116025
2011-07-15,0.004728861183423083
2011-07-18,4.173677775720641e-06
2011-07-19,0.0026074808225927306
2011-07-20,0.0010975304378425161
2011-07-21,0.00023550222468575032
2011-07-22,0.004272079514022975
2011-07-25,-0.0003141609999690598
2011-07-26,0.0010740862737953494
2011-07-27,-0.008598119259864312
2011-07-28,-4.308393161767121e-05
2011-07-29,0.003812145101685297
2011-08-01,-0.0014055256646373269
2011-08-02,0.002586169835160062
2011-08-03,0.0020115617241040313
2011-08-04,-0.012958021211242232
2011-08-05,-0.0020536771575267636
2011-08-08,-0.0053372650305761535
2011-08-09,0.020409302086827306
2011-08-10,0.001483875068159021
2011-08-11,0.0027506838202921253
2011-08-12,0.003043807632722976
2011-08-15,0.009409372644711828
2011-08-16,0.002799225533254808
2011-08-17,0.0035172759084824232
2011-08-18,-0.006326093264675739
2011-08-19,-0.0009082994179392036
2011-08-22,0.00825298814822158
2011-08-23,-0.0028731609445093627
2011-08-24,-0.0101750431821687
2011-08-25,-0.0016510176614425995
2011-08-26,0.015794623205901488
2011-08-29,0.0006613551516753873
2011-08-30,0.013171190272643461
2011-08-31,-0.0022821557650543056
2011-09-01,-0.0005533043158188666
2011-09-02,0.004603849226389011
2011-09-06,-0.002604632677874178
2011-09-07,-0.002987348516183392
2011-09-08,0.0070726086653747355
2011-09-09,-0.009146972513838966
2011-09-12,-0.006292036174845564
2011-09-13,0.005599472554667528
2011-09-14,0.0023229882523749796
2011-09-15,-0.0020194021916983464
2011-09-16,0.005730516363369334
2011-09-19,-0.005745159047909657
2011-09-20,0.00480797148275706
2011-09-21,-0.012543298288586281
2011-09-22,-0.016394429433649955
2011-09-23,-0.01898754724080846
2011-09-26,0.0019065719271683292
2011-09-27,0.007959044850724295
2011-09-28,-0.015893796541561866
2011-09-29,0.005792454531331925
2011-09-30,-0.005461724899042841
2011-10-03,-0.000283454264539019
2011-10-04,-0.0012686069046347424
2011-10-05,0.008627182179112514
2011-10-06,0.005862704303056391
2011-10-07,-0.006681653945885158
2011-10-10,0.016205463129994935
2011-10-11,-0.0009483704730945583
2011-10-12,0.004175056111677122
2011-10-13,-0.001289132692384546
2011-10-14,0.006305109108233823
2011-10-17,-0.005773726603238346
2011-10-18,0.004560700601374071
2011-10-19,-0.007482320233439273
2011-10-20,-0.00359906922279322
2011-10-21,0.009410821660503815
2011-10-24,0.007059428849889304
2011-10-25,0.0058367110608008215
2011-10-26,0.004582890937304462
2011-10-27,0.011870950323051927
2011-10-28,0.0020625271241783887
2011-10-31,-0.008045171495764706
2011-11-01,-0.005218327299823521
2011-11-02,0.007985675338227433
2011-11-03,0.009754489169682579
2011-11-04,-0.0027264630810968824
2011-11-07,0.010514235455573468
2011-11-08,1.156729266797241e-05
2011-11-09,-0.012152437772305789
2011-11-10,-0.0002861287414605376
2011-11-11,0.010231098350893048
2011-11-14,-0.0025249532447099523
2011-11-15,0.0015078662111410734
2011-11-16,-0.007628893211815627
2011-11-17,-0.013194042658845162
2011-11-18,-0.0005582829567340648
2011-11-21,-0.013606915536137982
2011-11-22,0.0033995285050092416
2011-11-23,-0.00718005486806413
2011-11-25,-0.005640546332101573
2011-11-28,0.016276647604809364
2011-11-29,0.0008099506440973903
2011-11-30,0.01826281994519785
2011-12-01,-0.0011296260133613807
2011-12-02,0.0015593308039002125
2011-12-05,-0.0014686544192019277
2011-12-06,0.0009540326980280363
2011-12-07,0.005168130079898248
2011-12-08,-0.012347394248571637
2011-12-09,0.004200902513798713
2011-12-12,-0.012546998574899713
2011-12-13,-0.008865636923201562
2011-12-14,-0.01384717826024399
2011-12-15,-0.00030092254804140817
2011-12-16,0.00845489838963694
2011-12-19,-0.003202377348786441
2011-12-20,0.011613046102568303
2011-12-21,-4.9567253293118286e-05
2011-12-22,0.0009906758074162973
2011-12-23,0.002191619034696039
2011-12-27,-0.0025333535173958826
2011-12-28,-0.010616440878714384
2011-12-29,0.0023342917931379326
2011-12-30,0.0031920885168382016
2012-01-03,0.011815458574252738
2012-01-04,0.0011631924838532517
2012-01-05,0.003227535846702434
2012-01-06,-0.0007781449409203223
2012-01-09,-0.000611635906883512
2012-01-10,0.006781707068405418
2012-01-11,0.004285075645677224
2012-01-12,0.0015862428557739117
2012-01-13,-0.0025631030107073904
2012-01-17,0.004204471559181355
2012-01-18,0.004930089905568499
2012-01-19,-0.0010168953952747564
2012-01-20,0.0018550639299352116
2012-01-23,0.000648857201728507
2012-01-24,-0.0023455288546290567
2012-01-25,0.013460040318513961
2012-01-26,0.0017731399442949916
2012-01-27,0.0042480838251777175
2012-01-30,-0.0018572008094193497
2012-01-31,0.0036693593563511167
2012-02-01,0.0022541649708499216
2012-02-02,0.003929282445552943
2012-02-03,-0.004611840336812352
2012-02-06,-0.00021932885782619915
2012-02-07,0.0037196660652113094
2012-02-08,-0.0012090932140305468
2012-02-09,-0.001292899788795987
2012-02-10,-0.0023289913005684797
2012-02-13,0.0029968139655867456
2012-02-14,-0.0004977306549290479
2012-02-15,0.0006744729707527002
2012-02-16,0.0019560485339057783
2012-02-17,-0.0007568736196359078
2012-02-21,0.006248952918453879
2012-02-22,0.003975326434124274
2012-02-23,0.0021012520202342197
2012-02-24,-0.0005366243278466614
2012-02-27,0.0006439571538796967
2012-02-28,0.004605109857438894
2012-02-29,-0.0203114055580782
2012-03-01,0.00535457345150081
2012-03-02,-0.00021853129104121294
2012-03-05,-0.003408601527042106
2012-03-06,-0.00941189807770515
2012-03-07,0.0035973660740714246
2012-03-08,0.005693830016584263
2012-03-09,0.0032532432683629597
2012-03-12,-0.002695890234902613
2012-03-13,-0.0019739821882979913
2012-03-14,-0.00978236815486925
2012-03-15,0.004986832873787391
2012-03-16,0.0008192849314782775
2012-03-19,-0.00013965218300933857
2012-03-20,-0.003818791205744724
2012-03-21,0.0013191558545297226
2012-03-22,-0.003310451800008514
2012-03-23,0.006405088151875052
2012-03-26,0.010212794144981403
2012-03-27,-0.0015422058522974735
2012-03-28,-0.005765100148835134
2012-03-29,0.00034263406959600385
2012-03-30,0.001476855016529573
2012-04-02,0.004922439421880309
2012-04-03,-0.010053584097139892
2012-04-04,-0.007200851506790358
2012-04-05,0.0036525342486655545
2012-04-09,0.0018996404483773897
2012-04-10,-0.00041569199405570465
2012-04-11,0.0013360346167471764
2012-04-12,0.007060057714125434
2012-04-13,-0.005743689376571104
2012-04-16,-0.001121824046520207
2012-04-17,0.004152230638536314
2012-04-18,-0.002415077232153062
2012-04-19,-0.0015089584856251188
2012-04-20,0.000818277219298243
2012-04-23,-0.0031201237737379373
2012-04-24,0.0008962090004505466
2012-04-25,0.00482167000666737
2012-04-26,0.006377245409706559
2012-04-27,0.0016191221099440452
2012-04-30,8.206570464364138e-05
2012-05-01,0.00031385563167722163
2012-05-02,-0.0018703220809939876
2012-05-03,-0.005936109891633068
2012-05-04,-0.003010895487813599
2012-05-07,-0.0006658442676396037
2012-05-08,-0.007035908354317629
2012-05-09,-0.004963763525901813
2012-05-10,0.0008643261791780875
2012-05-11,-0.0025113713919952723
2012-05-14,-0.007055602613088055
2012-05-15,-0.005322569374087519
2012-05-16,-0.0016489746804154712
2012-05-17,0.0037511382220021634
2012-05-18,0.0007475139665886754
2012-05-21,0.005075763020442362
2012-05-22,-0.005674459646355045
2012-05-23,4.186663032701432e-05
2012-05-24,-0.0005222425091133316
2012-05-25,0.0026810675906768404
2012-05-29,0.00013355805959262357
2012-05-30,0.000301803724113888
2012-05-31,-7.466683176545386e-05
2012-06-01,0.007397781803090808
2012-06-04,-0.0024582794712580585
2012-06-05,0.0010384745150727737
2012-06-06,0.00545309057268654
2012-06-07,-0.004738501290509678
2012-06-08,0.0033938416573691117
2012-06-11,-0.0019797540741181008
2012-06-12,0.004404349958937162
2012-06-13,0.0010394068213069876
2012-06-14,0.003976866133430512
2012-06-15,0.005143232493385848
2012-06-18,0.0007437121873830794
2012-06-19,0.0004614209782083747
2012-06-20,-0.003742967015927097
2012-06-21,-0.015210301396366291
2012-06-22,0.002477037164773025
2012-06-25,-0.0010714726406054753
2012-06-26,-0.0015354378713609005
2012-06-27,0.0039275654604444075
2012-06-28,-0.003754313256809416
2012-06-29,0.015907987587807093
2012-07-02,0.0023353917539291613
2012-07-03,0.006460830961242836
2012-07-05,-0.004377517158369907
2012-07-06,-0.006216239597684063
2012-07-09,0.0012179024875774713
2012-07-10,-0.006843837905637251
2012-07-11,0.001584390435437936
2012-07-12,-0.0017213759339772539
2012-07-13,0.008703721741830501
2012-07-16,9.907096472612978e-05
2012-07-17,-0.0001643930794449726
2012-07-18,0.0018931733273588693
2012-07-19,0.001103479905359972
2012-07-20,-0.0011040006844233639
2012-07-23,-0.004210750837375913
2012-07-24,-0.0011561205251826951
2012-07-25,0.004925156999348775
2012-07-26,0.006822889274384718
2012-07-27,0.005377569936453552
2012-07-30,0.0008401109014401313
2012-07-31,-0.0037415220665484306
2012-08-01,-0.0043819553151721955
2012-08-02,-0.0036744746672860242
2012-08-03,0.007938796349171346
2012-08-06,0.002468280285708113
2012-08-07,-0.00012293593569638156
2012-08-08,0.00036720230725843334
2012-08-09,0.0011235756188390233
2012-08-10,0.0019082285295179968
2012-08-13,-0.002905338888754882
2012-08-14,-0.0034275783761817573
2012-08-15,-0.0002228008713588787
2012-08-16,0.003640353884849882
2012-08-17,0.0011930148382535144
2012-08-20,0.0013596484661351216
2012-08-21,0.002600591016539644
2012-08-22,0.006318734148059205
2012-08-23,0.0006646826618188864
2012-08-24,0.0020244961104918984
2012-08-27,-0.00031944738040183085
2012-08-28,0.00037218873877960706
2012-08-29,-0.0021219119080358264
2012-08-30,-0.0019309923646079568
2012-08-31,0.011427585817977832
2012-09-04,-0.0005415645619789207
2012-09-05,-0.0007509442626545774
2012-09-06,0.005669972612207215
2012-09-07,0.008907407279929558
2012-09-10,-0.004015089095800506
2012-09-11,0.0015272279260037935
2012-09-12,-0.00048727162620088043
2012-09-13,0.01277148799756933
2012-09-14,-0.0006979435664444811
2012-09-17,-0.003160035506684089
2012-09-18,0.0031519369552055845
2012-09-19,0.000999213257457665
2012-09-20,-0.00031482801373305946
2012-09-21,0.001527178344619203
2012-09-24,-0.001523118953215922
2012-09-25,-0.0028564961937201185
2012-09-26,-0.002361926154623939
2012-09-27,0.0074013952049800285
2012-09-28,-0.0024143121121526683
2012-10-01,0.0022740895527251963
2012-10-02,-0.00023640020105616014
2012-10-03,0.0022996137233828318
2012-10-04,0.003388900231853157
2012-10-05,-0.003388259467426269
2012-10-08,-0.0011572432670636048
2012-10-09,-0.0060285522892460355
2012-10-10,-0.001615163492879638
2012-10-11,0.00143120025664345
2012-10-12,-0.003513537351408358
2012-10-15,-0.0004830428429266993
2012-10-16,0.003924708691434908
2012-10-17,-0.0003576077977399672
2012-10-18,-0.0029329040841573617
2012-10-19,-0.007744547211467815
2012-10-22,0.00014531583345778198
2012-10-23,-0.007311423422634984
2012-10-24,-0.0028051115178195545
2012-10-25,0.00210136971956291
2012-10-26,0.0017535709060049567
2012-10-31,0.0031729239526353905
2012-11-01,0.0013064786017226158
2012-11-02,-0.009649851639621324
2012-11-05,0.002779591907293858
2012-11-06,0.007363861354259963
2012-11-07,-0.004380168740204304
2012-11-08,0.0004727520341387681
2012-11-09,-1.7070963878744016e-05
2012-11-12,-0.0002548611039461246
2012-11-13,-0.0014559352946449757
2012-11-14,-0.004327818526298784
2012-11-15,-0.0028111743308379213
2012-11-16,0.0014384098326589712
2012-11-19,0.010072842587930878
2012-11-20,-0.002188136193083852
2012-11-21,0.0004690025572819944
2012-11-23,0.008434988929057807
2012-11-26,-0.0005062193661451072
2012-11-27,-0.0023487063800586476
2012-11-28,-0.001153748428161701
2012-11-29,0.0031533482427709516
2012-11-30,-0.0022441002166106263
2012-12-03,-0.0016125124760975051
2012-12-04,-0.0033193090977747066
2012-12-05,0.00025740370639678234
2012-12-06,0.0020861229466673974
2012-12-07,0.0013985118484934516
2012-12-10,0.0017389263514759148
2012-12-11,0.0013243035164015962
2012-12-12,-0.0010085153366104307
2012-12-13,-0.005506723266653912
2012-12-14,-0.000983622145650398
2012-12-17,0.0027895497756335037
2012-12-18,-0.002376537958198588
2012-12-19,-0.0028116128926969353
2012-12-20,-0.0019056860961789157
2012-12-21,-0.0008730833893664618
2012-12-24,-0.0007647970615078565
2012-12-26,-0.0003866792397916318
2012-12-27,0.0010222861348410106
2012-12-28,-0.004111987383251839
2012-12-31,0.00698020270485818
2013-01-02,0.009389544466019176
2013-01-03,-0.00649068049381063
2013-01-04,4.890476997310156e-05
2013-01-07,-0.002821426395644237
2013-01-08,0.0022167754091436303
2013-01-09,0.0008892627194954466
2013-01-10,0.004777636547406779
2013-01-11,-0.000852349899000034
2013-01-14,0.0006419130595910112
2013-01-15,0.0031427626453503312
2013-01-16,0.000574618619895717
2013-01-17,0.002065450476269011
2013-01-18,0.0011493862535282284
2013-01-22,0.0032632111440556626
2013-01-23,-0.0002449079540541854
2013-01-24,-0.004126048279417316
2013-01-25,-0.001927371535313786
2013-01-28,-0.001835858251570436
2013-01-29,0.002263800051442925
2013-01-30,0.0013679597785271798
2013-01-31,-0.0025736679725828857
2013-02-01,0.002813682948004992
2013-02-04,-0.0006859731546366985
2013-02-05,0.0020912645382866004
2013-02-06,0.0021356127357322987
2013-02-07,-0.0014128658718474867
2013-02-08,0.0015495461726178958
2013-02-11,-0.0042688521358026366
2013-02-12,0.0006002133013270164
2013-02-13,-0.002628948072626554
2013-02-14,0.00025890013572404946
2013-02-15,-0.006159793139087247
2013-02-19,0.001043604141598801
2013-02-20,-0.011778442379903886
2013-02-21,0.0012308298710909846
2013-02-22,0.004429635497309237
2013-02-25,-0.0007891374890159155
2013-02-26,0.0057204749726307656
2013-02-27,0.0005233431711694951
2013-02-28,-0.0035767058078372362
2013-03-01,0.0007106995481995413
2013-03-04,0.0006923774944108675
2013-03-05,0.002818600119612176
2013-03-06,0.0012532975328517493
2013-03-07,-0.0018526781906223662
2013-03-08,-0.00023016283007093458
2013-03-11,0.0020344365241860007
2013-03-12,0.00278135105979301
2013-03-13,-0.0009576898032049862
2013-03-14,0.0019123433433384887
2013-03-15,0.0014186308802210945
2013-03-18,0.002244821630119964
2013-03-19,0.0017586649986747565
2013-03-20,-0.0004653665712466284
2013-03-21,-8.37688501944176e-05
2013-03-22,0.001309176315833308
2013-03-25,-0.0018073402757787054
2013-03-26,0.0018937760641045689
2013-03-27,0.0028107633218400854
2013-03-28,-0.0015478392574096813
2013-04-01,4.178172554658588e-05
2013-04-02,-0.003834080533888562
2013-04-03,-0.005698955142552105
2013-04-04,0.0017104321626405143
2013-04-05,0.0051401521573424995
2013-04-08,-0.0002374599652485614
2013-04-09,0.0038605410396581608
2013-04-10,-0.0029337409616944092
2013-04-11,0.0021268926714042014
2013-04-12,-0.014630434755095251
2013-04-15,-0.036256388396508944
2013-04-16,0.007753049423617764
2013-04-17,-0.004079985909128206
2013-04-18,0.001687065337669639
2013-04-19,0.005617584334090542
2013-04-22,0.007642836808285406
2013-04-23,0.0007561675279878686
2013-04-24,0.0039930499295857125
2013-04-25,0.008836295345904799
2013-04-26,-0.0010851063923310957
2013-04-29,0.005398588686440571
2013-04-30,0.0018346277556116803
2013-05-01,-0.005709206985582971
2013-05-02,0.005009170732229358
2013-05-03,0.0009369298508346742
2013-05-06,0.0005560809367701757
2013-05-07,-0.002924046345704349
2013-05-08,0.0068577125251590605
2013-05-09,-0.004861185326169562
2013-05-10,-0.0036636641790764868
2013-05-13,-0.0031182747372356565
2013-05-14,0.0006137422543411506
2013-05-15,-0.005021816991718146
2013-05-16,-0.001313154723756926
2013-05-17,-0.006080167016447276
2013-05-20,0.010030561915015205
2013-05-21,-0.004173259985714236
2013-05-22,-0.007475584391574844
2013-05-23,0.006126387346538808
2013-05-24,-0.0022617658460486094
2013-05-28,-0.0025916840690603333
2013-05-29,0.002544158000145106
2013-05-30,0.00588522254215625
2013-05-31,-0.012478113312113718
2013-06-03,0.008763885354827675
2013-06-04,-0.00558238608378984
2013-06-05,-0.0023338489367589936
2013-06-06,0.005912234638883426
2013-06-07,-0.0062805990621201575
2013-06-10,0.0008242632373521482
2013-06-11,-0.004327043137493583
2013-06-12,-0.001751223386622887
2013-06-13,0.006325365182737592
2013-06-14,7.257052045195355e-05
2013-06-17,0.000146079072655255
2013-06-18,-0.001641666229195482
2013-06-19,-0.013060775153913016
2013-06-20,-0.02761377556141109
2013-06-21,0.0014568784659350813
2013-06-24,-0.00801435474330118
2013-06-25,0.0015748440699593724
2013-06-26,-0.00936697412087828
2013-06-27,-0.0028417675839320275
2013-06-28,0.007358464276471021
2013-07-01,0.007733159209671953
2013-07-02,-0.003151387326713569
2013-07-03,0.0014096263628409211
2013-07-05,-0.009327582721278538
2013-07-08,0.007866387222341823
2013-07-09,0.006055434568368767
2013-07-10,-0.00015182208547763
2013-07-11,0.01694359200766652
2013-07-12,-0.00041758173900885426
2013-07-15,0.002455050966987689
2013-07-16,0.0008201579410505404
2013-07-17,-0.0018673465957815085
2013-07-18,0.0021325373124338647
2013-07-19,0.005375745575278904
2013-07-22,0.010555816776602741
2013-07-23,0.0011535195852703977
2013-07-24,-0.009193896269334385
2013-07-25,0.004412902097471694
2013-07-26,0.0009340594893822995
2013-07-29,-0.0025124165923935404
2013-07-30,-0.0010062350059481342
2013-07-31,4.984568736088324e-05
2013-08-01,-0.002605921839724005
2013-08-02,0.0027476348680510743
2013-08-05,-0.003276156520838606
2013-08-06,-0.006383150854364583
2013-08-07,0.0006183080931734253
2013-08-08,0.008988824872486312
2013-08-09,-0.0007332114031110375
2013-08-12,0.004917946420841054
2013-08-13,-0.005611392638900906
2013-08-14,0.0018750086242548996
2013-08-15,0.00044224654308422373
2013-08-16,-0.00014214688514491147
2013-08-19,-0.0049953420605854575
2013-08-20,0.004555004987916907
2013-08-21,-0.005104714125177766
2013-08-22,0.004772498949453048
2013-08-23,0.008244241245072947
2013-08-26,0.0007843483558371094
2013-08-27,-0.00026845604596007844
2013-08-28,-0.00026831077450676743
2013-08-29,-0.001187592835217003
2013-08-30,-0.004752205085284252
2013-09-03,0.004072574828685023
2013-09-04,-0.0026461081649496636
2013-09-05,-0.008216937133074809
2013-09-06,0.007105973371897889
2013-09-09,0.0032676242288966666
2013-09-10,-0.0044783420085873216
2013-09-11,0.002629298485323561
2013-09-12,-0.01105175357024335
2013-09-13,0.0015771469676816676
2013-09-16,-0.0009069803916668118
2013-09-17,0.002286974003085233
2013-09-18,0.02251061167486701
2013-09-19,-0.002367826844629624
2013-09-20,-0.011588593036309361
2013-09-23,-0.0013564175588998508
2013-09-24,0.0007194019928284205
2013-09-25,0.0029046992097550755
2013-09-26,-0.0020252722820564375
2013-09-27,0.002004290928146505
2013-09-30,-0.0032621015081453946
2013-10-01,-0.007439447079497767
2013-10-02,0.006850514360014936
2013-10-03,-0.0023007209738508485
2013-10-04,-9.283574113131787e-05
2013-10-07,0.00033715730395511524
2013-10-08,-0.00467226619860439
2013-10-09,-0.0037229616199883075
2013-10-10,0.0016010184231008973
2013-10-11,-0.0018387511575153064
2013-10-14,0.0008405537589771804
2013-10-15,9.031992249612219e-05
2013-10-16,0.005757037142951688
2013-10-17,0.01459716188704574
2013-10-18,0.0007928625495291866
2013-10-21,0.00013289856270618883
2013-10-22,0.010440535371352144
2013-10-23,-0.0026890869390363186
2013-10-24,0.0035631567042602543
2013-10-25,0.0035424667448997007
2013-10-28,0.0004626024265685183
2013-10-29,0.0002141437994689359
2013-10-30,-0.00296511918708738
2013-10-31,-0.006117974811855756
2013-11-01,-0.0031137086205301014
2013-11-04,0.0014585039416489991
2013-11-05,-0.0032129312543687223
2013-11-06,0.0044032030649488645
2013-11-07,-0.006058234723716693
2013-11-08,-0.004215790474214165
2013-11-11,-0.0012078612032150695
2013-11-12,-0.004794579740554157
2013-11-13,0.005148942610969431
2013-11-14,0.007125713571277077
2013-11-15,0.0013232457196907796
2013-11-18,-0.0037960876385091744
2013-11-19,-0.001827785160729752
2013-11-20,-0.010547727231121887
2013-11-21,0.0024861331563102254
2013-11-22,0.002565203826505528
2013-11-25,0.001431476766912132
2013-11-26,-0.0009579357652184834
2013-11-27,-0.000941666686542201
2013-11-29,0.003042500365234605
2013-12-02,-0.010913355464473102
2013-12-03,0.00023060186432303609
2013-12-04,0.004100239069038965
2013-12-05,-0.00690428741671678
2013-12-06,0.004728608101362589
2013-12-09,0.004534171093782587
2013-12-10,0.006042001872274698
2013-12-11,-0.007655185633104744
2013-12-12,-0.009147527007025553
2013-12-13,0.0035319103121839537
2013-12-16,0.002777106827877277
2013-12-17,-0.0028962995403968295
2013-12-18,0.0015142581033677676
2013-12-19,-0.00968525306323716
2013-12-20,0.006222371335550554
2013-12-23,-0.0003450283395999656
2013-12-24,0.0009609154585460411
2013-12-26,0.0032441975525378712
2013-12-27,0.0008658067611977404
2013-12-30,-0.004072681478281696
2013-12-31,0.0021819711029266533
2014-01-02,0.0035116298379338495
2014-01-03,0.003388762171827412
2014-01-06,0.0005583610665832092
2014-01-07,0.0006844606488314677
2014-01-08,-0.003524273731750534
2014-01-09,0.0020481411552092004
2014-01-10,0.008778921580587351
2014-01-13,-0.0013677721003341192
2014-01-14,-0.0007350622372334081
2014-01-15,0.0008586701468482245
2014-01-16,0.0008583152313896836
2014-01-17,0.00255661504674017
2014-01-21,-0.0027734833459504373
2014-01-22,-0.002128405582574026
2014-01-23,0.006793986607555739
2014-01-24,-0.0043936660608294344
2014-01-27,-0.006281357234574199
2014-01-28,0.0024506632902955663
2014-01-29,0.0025637989263621597
2014-01-30,-0.004142248874805557
2014-01-31,0.00024627697694009254
2014-02-03,-0.002275540170173803
2014-02-04,0.00042138692195943983
2014-02-05,-0.0007963517920912912
2014-02-06,0.003637098395932255
2014-02-07,0.00757317624139997
2014-02-10,0.0028217821503628833
2014-02-11,0.006084011389898632
2014-02-12,-0.0004346442452497119
2014-02-13,0.006138511025148914
2014-02-14,0.006019771473973737
2014-02-18,0.0018723334069163933
2014-02-19,-0.005817123730637586
2014-02-20,0.005118343941040196
2014-02-21,-6.670108961529878e-06
2014-02-24,0.0052057379803515475
2014-02-25,0.0015883929575036815
2014-02-26,-0.0018409972691332635
2014-02-27,0.0023740331350944706
2014-02-28,-0.0009901363320665342
2014-03-03,0.0062783564343478196
2014-03-04,-0.001995027835531922
2014-03-05,0.0012057373860868321
2014-03-06,0.0026372033779678743
2014-03-07,-0.004066011593505725
2014-03-10,0.00028852200308101167
2014-03-11,0.0005659178349289862
2014-03-12,0.006279738197973931
2014-03-13,-0.0006354448956937824
2014-03-14,0.0013401735214804513
2014-03-17,-0.0019754083021286113
2014-03-18,0.0006128773809555748
2014-03-19,-0.011327712482597821
2014-03-20,0.001413576312000268
2014-03-21,0.000922133572818007
2014-03-24,-0.007188873166145322
2014-03-25,0.0019928224948650985
2014-03-26,-0.0036228897535598805
2014-03-27,-0.0025554464813418716
2014-03-28,0.00038748285481171607
2014-03-31,0.0002219539312237062
2014-04-01,0.0009275100263991992
2014-04-02,0.002180470298100497
2014-04-03,-0.0012823727331286634
2014-04-04,0.0025448415029092706
2014-04-07,-0.00464838516371191
2014-04-08,0.004981609963706779
2014-04-09,0.004093523823722041
2014-04-10,-0.003775046784888011
2014-04-11,-0.0025289342720768255
2014-04-14,0.004522055708154375
2014-04-15,-0.0034663586890550935
2014-04-16,0.003105094789373227
2014-04-17,-0.003520626104503358
2014-04-21,-0.0002659478174324621
2014-04-22,0.00015008105039467545
2014-04-23,1.7164069505063814e-05
2014-04-24,0.0027324626013047375
2014-04-25,5.28282664272366e-05
2014-04-28,-0.0008955935811462145
2014-04-29,0.0017928014942289276
2014-04-30,0.00016759422222537923
2014-05-01,-0.00013192519386932377
2014-05-02,0.0034027722427634557
2014-05-05,0.0035349880189491736
2014-05-06,-0.003144740095031591
2014-05-07,-0.0025660667988988504
2014-05-08,2.1054835497302804e-06
2014-05-09,5.009194868118205e-05
2014-05-12,0.004625313095753425
2014-05-13,0.000692611431541053
2014-05-14,0.0031812802275689904
2014-05-15,-0.004489044915421125
2014-05-16,-0.0002721970415411705
2014-05-19,0.0010185907734039008
2014-05-20,-0.0008398827732665203
2014-05-21,0.0014917564067475537
2014-05-22,0.0012064492343012063
2014-05-23,0.0015857563184618801
2014-05-27,-0.004975841830023753
2014-05-28,-0.0001884719725241033
2014-05-29,0.0005935577735053748
2014-05-30,-0.001124875470826403
2014-06-02,-0.0031649588124990817
2014-06-03,-0.0009871330952155866
2014-06-04,-0.00027957164539479007
2014-06-05,0.005165994921406902
2014-06-06,0.0011968715496500175
2014-06-09,-3.4575861857399914e-05
2014-06-10,0.0014939936839628945
2014-06-11,-0.0006486066723578505
2014-06-12,0.00231645103332249
2014-06-13,0.0012387883634468189
2014-06-16,-0.00118925552636077
2014-06-17,-0.0008489009707683587
2014-06-18,0.005267956656685335
2014-06-19,0.011134649126835964
2014-06-20,-8.919099656590213e-05
2014-06-23,0.0005931325411585956
2014-06-24,-0.0003032040720783632
2014-06-25,0.0018560078761380436
2014-06-26,-4.950612669544585e-05
2014-06-27,0.000464035024176801
2014-06-30,0.0037194349397232647
2014-07-01,0.0002561592282105766
2014-07-02,-0.0010203210186587133
2014-07-03,-0.00045213521367915
2014-07-07,-0.0007136979683717662
2014-07-08,-0.00048634585485192927
2014-07-09,0.0035792985823236787
2014-07-10,0.0012168877871028272
2014-07-11,0.0016290452192238751
2014-07-14,-0.0069825097423630664
2014-07-15,-0.004069538587915107
2014-07-16,0.002895947886635423
2014-07-17,0.0038005125724653857
2014-07-18,0.00021534011262580588
2014-07-21,2.749223038078796e-05
2014-07-22,0.00028706170662503206
2014-07-23,0.0003900924368775241
2014-07-24,-0.0047007638083973085
2014-07-25,0.0035880182546695893
2014-07-28,-0.0008066638198314842
2014-07-29,-0.001991178246317597
2014-07-30,-0.0032761928217049183
2014-07-31,-0.010524667301019159
2014-08-01,0.003617736690068263
2014-08-04,0.0015546487356996965
2014-08-05,-0.0033937381838655316
2014-08-06,0.0052371664436321455
2014-08-07,0.0010578587629975398
2014-08-08,0.003594869617058016
2014-08-11,0.0001983451294571189
2014-08-12,-0.0008652991395357393
2014-08-13,0.003902111865444535
2014-08-14,0.002535847369160719
2014-08-15,-0.0009188468650953574
2014-08-18,0.0003632049329766278
2014-08-19,0.0006422364249228931
2014-08-20,-0.00132838721893432
2014-08-21,-0.0019199626040484012
2014-08-22,0.0003552787512460058
2014-08-25,0.0007277034287751134
2014-08-26,0.0018094625726222298
2014-08-27,0.0007110422523259144
2014-08-28,0.002100543929368167
2014-08-29,0.000604858554647832
2014-09-02,-0.00824339637683887
2014-09-03,0.0016678234632788354
2014-09-04,-0.0034940817819354058
2014-09-05,0.003186254410962948
2014-09-08,-0.004847131106952932
2014-09-09,-0.0024947254302701465
2014-09-10,-0.0012652340248976435
2014-09-11,-0.002226439099615914
2014-09-12,-0.006248934883814542
2014-09-15,0.0010976774222536032
2014-09-16,0.0029493885497741124
2014-09-17,-0.004012204719523571
2014-09-18,0.002230156610182036
2014-09-19,-0.000985526798035689
2014-09-22,-0.0025451909582530443
2014-09-23,0.000942029694921446
2014-09-24,0.00011531134391817833
2014-09-25,-0.002793648508415422
2014-09-26,0.0010035754162701267
2014-09-29,0.0003722716955239328
2014-09-30,-0.0035024375232271714
2014-10-01,-0.00011030554072577426
2014-10-02,-0.0010248527722126106
2014-10-03,-0.002508146663271001
2014-10-06,0.004284650629350868
2014-10-07,-0.0022446501961252974
2014-10-08,0.01018719356719866
2014-10-09,-0.006699533304023397
2014-10-10,-0.002644013263443841
2014-10-13,-0.0010990213072573272
2014-10-14,0.0013737285732239681
2014-10-15,0.0007539697252929947
2014-10-16,-0.0005475291663330494
2014-10-17,0.00232270704045312
2014-10-20,0.005977039031620723
2014-10-21,0.0063058803308453735
2014-10-22,-0.004353328660638089
2014-10-23,0.00019987656033134326
2014-10-24,0.0023713843062427666
2014-10-27,-0.0009276283166271826
2014-10-28,0.0031163017974161766
2014-10-29,-0.0063806566555613484
2014-10-30,-0.0010075871206415288
2014-10-31,-0.004048056923433574
2014-11-03,-0.0014510249703286735
2014-11-04,-0.0009803677163076803
2014-11-05,-0.0050171658904060905
2014-11-06,0.0005900938230513076
2014-11-07,0.0118227946642655
2014-11-10,-0.007719735172966461
2014-11-11,0.005126413067176945
2014-11-12,-0.00209316893857255
2014-11-13,0.0014254430573351997
2014-11-14,0.009138765953514852
2014-11-17,-0.0013912565070983336
2014-11-18,0.005228153398203558
2014-11-19,-0.005392585162454814
2014-11-20,0.004649015884666078
2014-11-21,0.003988467999515688
2014-11-24,0.0005065743559936609
2014-11-25,0.0013633707495421439
2014-11-26,0.0007856411503894452
2014-11-28,-0.0082427962596228
2014-12-01,0.010156616080725489
2014-12-02,-0.0034444621638222888
2014-12-03,0.0048597548628935465
2014-12-04,-0.00048718575058574265
2014-12-05,-0.005486329943310441
2014-12-08,0.002815257424377419
2014-12-09,0.007945202547545827
2014-12-10,-0.004480588402511272
2014-12-11,0.00036267997807607854
2014-12-12,-0.003447941199506791
2014-12-15,-0.012078798017984727
2014-12-16,0.0006470099892872394
2014-12-17,0.0022613369341278147
2014-12-18,0.008930432637756686
2014-12-19,0.0015468857861855958
2014-12-22,-0.004914400072967062
2014-12-23,-0.0017491043217787343
2014-12-24,0.00036146441875506413
2014-12-26,0.007607485357816523
2014-12-29,-0.0017808077171918753
2014-12-30,0.0030761968278337024
2014-12-31,-0.007617371000481987
2015-01-02,0.0029873886791928666
2015-01-05,0.001039601067720164
2015-01-06,0.0028991899012763556
2015-01-07,0.002128206698784182
2015-01-08,0.0031525416945215783
2015-01-09,0.0027681668616173676
2015-01-12,0.0022573431317823487
2015-01-13,-0.0017542910046361992
2015-01-14,-0.0010116301677776847
2015-01-15,0.008183842380485713
2015-01-16,0.006269009324626595
2015-01-20,0.006045457410610281
2015-01-21,0.00017773719799226334
2015-01-22,0.006812528372078056
2015-01-23,-0.0023082440071861363
2015-01-26,-0.0033096982678825953
2015-01-27,-0.00011655486218775657
2015-01-28,-0.004335093241335075
2015-01-29,-0.0052852439941423555
2015-01-30,0.0061538199706261025
2015-02-02,0.0009300297969606994
2015-02-03,-0.0017221118020268595
2015-02-04,0.0007390140618304489
2015-02-05,0.0027229092842860165
2015-02-06,-0.013271314515331145
2015-02-09,-0.00015745223190188895
2015-02-10,0.0007583152055632425
2015-02-11,-0.0038694832320214827
2015-02-12,0.004098304058808067
2015-02-13,0.0020743749535596283
2015-02-17,-0.007405073943148821
2015-02-18,0.0025773229080997178
2015-02-19,-0.002225936428113269
2015-02-20,-8.494859734516557e-05
2015-02-23,0.0019188296990393372
2015-02-24,0.0026656993861720046
2015-02-25,0.0012987396050911184
2015-02-26,-0.0013050185805651242
2015-02-27,0.00030417478310851276
2015-03-02,-0.0017541690787729787
2015-03-03,-0.0026921792441647607
2015-03-04,-0.002193691043452202
2015-03-05,0.0002338687127211303
2015-03-06,-0.017198563471326457
2015-03-09,0.003257856837245813
2015-03-10,-0.005629639756243716
2015-03-11,-0.0021898860994121745
2015-03-12,0.004460218325237574
2015-03-13,-0.0020620787047870293
2015-03-16,0.005400523592504313
2015-03-17,-0.002109982054381991
2015-03-18,0.014366578673525199
2015-03-19,-0.0033263536681317207
2015-03-20,0.008101574665674441
2015-03-23,0.0018948107744752123
2015-03-24,-4.217490238563515e-05
2015-03-25,-0.0058595027962018795
2015-03-26,-0.000491997986556858
2015-03-27,0.0008510285125932215
2015-03-30,0.0002404085567438612
2015-03-31,-0.002313642141579734
2015-04-01,0.006097196203753522
2015-04-02,-0.0006740437650896158
2015-04-06,0.006751903901151731
2015-04-07,-0.0022623714202785195
2015-04-08,-0.0010183257501484113
2015-04-09,-0.002186506693636329
2015-04-10,0.00550588900083763
2015-04-13,-0.003214992217949334
2015-04-14,-0.0004038946626723219
2015-04-15,0.004563410422278998
2015-04-16,-0.001004588699097549
2015-04-17,-0.001508685762268443
2015-04-20,-0.00010364216806553906
2015-04-21,0.0008161273599657237
2015-04-22,-0.004774799953283708
2015-04-23,0.004288561593355444
2015-04-24,-0.00273700448344157
2015-04-27,0.004815345469310876
2015-04-28,0.0024133711523764236
2015-04-29,-0.004956356492319217
2015-04-30,-0.00932041999916792
2015-05-01,0.0006461337152914304
2015-05-04,0.0032689056690830367
2015-05-05,-0.0034455379837163846
2015-05-06,-0.0031763206043339634
2015-05-07,6.877128811718421e-06
2015-05-08,0.007290749831177908
2015-05-11,-0.006157579111811732
2015-05-12,0.0021033245012339235
2015-05-13,0.005590232856302667
2015-05-14,0.006413820018832839
2015-05-15,0.0037477872069235176
2015-05-18,-0.0012416834000923787
2015-05-19,-0.006210651999351002
2015-05-20,0.0010383430104291176
2015-05-21,0.0018362603476500536
2015-05-22,-0.001807449016030397
2015-05-26,-0.006384754027512818
2015-05-27,0.0029183098588878202
2015-05-28,0.0003166835789341441
2015-05-29,-0.0016498394176111726
2015-06-01,-0.0010841848812989847
2015-06-02,-0.0013067063046635259
2015-06-03,-0.004347264440631789
2015-06-04,-0.003537725188493157
2015-06-05,-0.00475261435295271
2015-06-08,-0.0005908289123336035
2015-06-09,-0.00039180543051423955
2015-06-10,0.005554543559315839
2015-06-11,0.0021843385506294575
2015-06-12,-0.0028313425298466255
2015-06-15,0.0008408330207982928
2015-06-16,0.0018875304694272086
2015-06-17,0.0022880398256787484
2015-06-18,0.007517157109909337
2015-06-19,-0.00028327283179333906
2015-06-22,-0.005383096658843881
2015-06-23,-0.0029810710775085196
2015-06-24,-0.002318442315925151
2015-06-25,-0.002284158954339125
2015-06-26,-0.001301306167048081
2015-06-29,-0.0016049365681427567
2015-06-30,-0.002283791912910356
2015-07-01,-0.00022732755595996257
2015-07-02,0.00022266706095164235
2015-07-06,0.002302606036127419
2015-07-07,-0.000885457273939886
2015-07-08,-0.0032746919877171634
2015-07-09,-0.0009114602409096375
2015-07-10,0.0022768638047879763
2015-07-13,0.00129236346862475
2015-07-14,0.0017493654744750544
2015-07-15,-0.0005831604256198626
2015-07-16,0.0013376040187826899
2015-07-17,-0.003056746991722869
2015-07-20,-0.009544051887942717
2015-07-21,-0.0014358291786684685
2015-07-22,-0.0019892169500571226
2015-07-23,-0.002009818202405496
2015-07-24,0.00011694514093837016
2015-07-27,-0.002386797869169695
2015-07-28,0.0036607276350442506
2015-07-29,0.0022967729802696457
2015-07-30,-0.0023950887040318962
2015-07-31,0.0035570013014734427
2015-08-03,-0.002744831449997413
2015-08-04,-0.0016986149102155754
2015-08-05,-0.0014048120869523115
2015-08-06,-8.630631667453769e-05
2015-08-07,0.0015107738944308464
2015-08-10,0.006229974831075494
2015-08-11,0.0008964908618484717
2015-08-12,0.004948528513979089
2015-08-13,-0.004043531514605754
2015-08-14,0.0008383632387266582
2015-08-17,0.0033315670065079406
2015-08-18,-0.0015599178966203182
2015-08-19,0.0038850213288104114
2015-08-20,-0.00025276774346890286
2015-08-21,-0.0066147815445321
2015-08-24,-0.015278083898791742
2015-08-25,-0.009878014876828304
2015-08-26,0.006196489078122499
2015-08-27,0.008243403736455898
2015-08-28,0.0030804024993242862
2015-08-31,-0.0028881610493785756
2015-09-01,-0.007287810703244875
2015-09-02,0.0036501284562622995
2015-09-03,-0.0013400525529446705
2015-09-04,-0.005096068086882899
2015-09-08,0.007005663816217181
2015-09-09,-0.008641605652751072
2015-09-10,0.001848357461692466
2015-09-11,0.0017034608534014506
2015-09-14,-0.0007357817622939411
2015-09-15,0.0005377230959685564
2015-09-16,0.007232448287181392
2015-09-17,0.005439972567375051
2015-09-18,-0.0014253380705631464
2015-09-21,-0.002249776632363476
2015-09-22,-0.004941848758796218
2015-09-23,0.00042363773421135354
2015-09-24,0.006285126867570175
2015-09-25,-0.0030093073322546475
2015-09-28,-0.010682219689179966
2015-09-29,-1.0488980127972393e-05
2015-09-30,0.0028240170473349995
2015-10-01,0.0007241452792094613
2015-10-02,0.013645579485612217
2015-10-05,0.00341223120024466
2015-10-06,0.002879280848304059
2015-10-07,0.001410850653399039
2015-10-08,0.0004401308879397048
2015-10-09,0.005668941012087369
2015-10-12,0.002754308788384785
2015-10-13,-0.00014428552998735377
2015-10-14,0.0060352914480441555
2015-10-15,0.0024582209712185063
2015-10-16,-0.0011153810677313096
2015-10-19,-0.0013831347562636893
2015-10-20,0.000544261397257976
2015-10-21,-0.0038785356506034763
2015-10-22,0.005851300926855484
2015-10-23,0.0012058601634905575
2015-10-26,-0.00016014216198056985
2015-10-27,0.0009390634039057414
2015-10-28,-0.0006226628646480345
2015-10-29,-0.005428137597646043
2015-10-30,-0.0020572001891530816
2015-11-02,0.0008207486141171465
2015-11-03,-0.0048516831205315985
2015-11-04,-0.0045031937058180125
2015-11-05,-0.0015905461030658596
2015-11-06,-0.007295862543657919
2015-11-09,-0.002719498377020161
2015-11-10,0.0007003044578932267
2015-11-11,-0.002588603630910587
2015-11-12,-0.004399069907111289
2015-11-13,-0.0034085991814307715
2015-11-16,0.005992859747461221
2015-11-17,-0.004740948000306185
2015-11-18,0.005424521245056287
2015-11-19,0.0041140804483270985
2015-11-20,-0.0007380659139251122
2015-11-23,-0.0026253110140596427
2015-11-24,0.002977253884379083
2015-11-25,-0.0014137046528465147
2015-11-27,-0.0032091337474525745
2015-11-30,0.0009471574216759853
2015-12-01,0.006128680658004314
2015-12-02,-0.009519757331384252
2015-12-03,-0.004630988333678327
2015-12-04,0.015137712979240492
2015-12-07,-0.005274069925412535
2015-12-08,-0.0014995288655519725
2015-12-09,-0.0027389712914490287
2015-12-10,-0.0001532064529576142
2015-12-11,-0.001969541327327777
2015-12-14,-0.005045420470407902
2015-12-15,0.0017674424945078497
2015-12-16,0.008034494250340973
2015-12-17,-0.010989957363993958
2015-12-18,0.0003638374360838501
2015-12-21,0.006532335450244009
2015-12-22,0.00034063727298005997
2015-12-23,0.0023997609263923057
2015-12-24,0.0024723381179239112
2015-12-28,-0.003221818470108643
2015-12-29,0.0015679559654533752
2015-12-30,-0.004780015320467457
2015-12-31,-0.0028240225316789416
2016-01-04,0.0014586130561465849
2016-01-05,0.0014090723038781374
2016-01-06,0.0026213870290949784
2016-01-07,-0.0025651917974360084
2016-01-08,-0.004292793262888931
2016-01-11,-0.003692236057911173
2016-01-12,0.0025005374153625652
2016-01-13,-0.005377227901238105
2016-01-14,-0.0006200614065282233
2016-01-15,-0.002174895104261091
2016-01-19,-0.00030858004705336395
2016-01-20,0.00182213140661284
2016-01-21,0.0014164691495549553
2016-01-22,0.004550353471804214
2016-01-25,-0.0004978298630330764
2016-01-26,0.008596168506211994
2016-01-27,-0.0021385781841190736
2016-01-28,-0.0013927285044783577
2016-01-29,0.0111897271281766
2016-02-01,0.002540014019052757
2016-02-02,-0.0035227918932377493
2016-02-03,0.005210396523193439
2016-02-04,0.0053425342037731
2016-02-05,-0.0006483596825152356
2016-02-08,0.0024845044425840786
2016-02-09,-0.0006538483171826999
2016-02-10,0.0032898210756207393
2016-02-11,0.01059269025488141
2016-02-12,0.0023699546548746992
2016-02-16,-0.0054791161593193225
2016-02-17,0.006690763377962149
2016-02-18,0.008291427423840295
2016-02-19,-0.0021569835025052235
2016-02-22,-0.0014301814606378178
2016-02-23,0.0014474929192011725
2016-02-24,0.0026342415049218637
2016-02-25,0.005910418837786165
2016-02-26,-0.004679429877965361
2016-02-29,0.0022842409930018404
2016-03-01,0.0027858542344126147
2016-03-02,0.0034950779852559823
2016-03-03,0.007460679529784316
2016-03-04,-0.0005665110938094889
2016-03-07,0.0012529282842123437
2016-03-08,-0.0032515920034360173
2016-03-09,-0.0024265807012284757
2016-03-10,0.004428047807687166
2016-03-11,-0.0013053428663577131
2016-03-14,-0.004480252733073249
2016-03-15,-0.0003502413820945331
2016-03-16,0.01111264438691939
2016-03-17,0.0012100834625189774
2016-03-18,0.0009743893484271589
2016-03-21,-0.0028092754408521508
2016-03-22,9.851690349849118e-05
2016-03-23,-0.008211412299262883
2016-03-24,-0.0012835013206424772
2016-03-28,0.0014591374880716934
2016-03-29,0.011513949903585969
2016-03-30,-0.0036507312993461585
2016-03-31,0.0019406529937373942
2016-04-01,0.00016214577762774197
2016-04-04,-0.0029093790077510855
2016-04-05,0.002334217688670185
2016-04-06,0.0008781315271779722
2016-04-07,0.002491478203521098
2016-04-08,-0.00011719562572898301
2016-04-11,0.0036609121341839943
2016-04-12,0.0018366899436020139
2016-04-13,5.432883827645885e-05
2016-04-14,-0.005427013248316107
2016-04-15,0.0029345607187056437
2016-04-18,0.0015018271013285864
2016-04-19,0.00571748207372443
2016-04-20,-0.003075412514026247
2016-04-21,-0.0010793228760694884
2016-04-22,-0.0046355465954383375
2016-04-25,2.1590925006309547e-05
2016-04-26,0.001118756901315317
2016-04-27,0.003474716550582402
2016-04-28,0.004430304734193998
2016-04-29,0.004565069738965903
2016-05-02,0.0005761376496296784
2016-05-03,-0.0016800558964545538
2016-05-04,-0.0032873505406363726
2016-05-05,0.0004589389816869182
2016-05-06,0.003467708751335026
2016-05-09,-0.005936782271400301
2016-05-10,0.004995941395188182
2016-05-11,0.0005350741753331612
2016-05-12,-0.003426071069901411
2016-05-13,-0.0001242854591904099
2016-05-16,0.00233236031176894
2016-05-17,-0.0024142750742814174
2016-05-18,-0.00837292841175193
2016-05-19,-0.0014583671630979955
2016-05-20,0.0018740005354408082
2016-05-23,-0.00118801898440631
2016-05-24,-0.0020066912878430685
2016-05-25,0.0011993506498669442
2016-05-26,-8.85856243471061e-06
2016-05-27,-0.00194918949917174
2016-05-31,0.0010294719380833002
2016-06-01,0.00022578490918778726
2016-06-02,0.0012731690102708209
2016-06-03,0.011349338885142592
2016-06-06,0.0009364947758855325
2016-06-07,0.0007226031131191504
2016-06-08,0.006415166875726704
2016-06-09,0.0019079692486587696
2016-06-10,-0.0006415804784501249
2016-06-13,0.000551716970802955
2016-06-14,-0.00039186151051839874
2016-06-15,0.003021362574149311
2016-06-16,-0.0021517782794822824
2016-06-17,0.0019049477062658133
2016-06-20,-0.0012757552501919678
2016-06-21,-0.00621448675111517
2016-06-22,0.0002823037027237888
2016-06-23,0.0005740954866978827
2016-06-24,0.008984635206496765
2016-06-27,-0.0012895528449047657
2016-06-28,0.002374401034675196
2016-06-29,0.005703859991377124
2016-06-30,0.006956908706710062
2016-07-01,0.006694031272386065
2016-07-05,0.002181457956120976
2016-07-06,0.004014428288612981
2016-07-07,-0.0019005674946833322
2016-07-08,0.00761318090951657
2016-07-11,-0.0037231159712066324
2016-07-12,-0.005068974910152975
2016-07-13,0.003879725044455329
2016-07-14,-0.002099271092428356
2016-07-15,-0.0030056998794304457
2016-07-18,0.0013320613216734796
2016-07-19,0.0010007055244458662
2016-07-20,-0.004064560500215678
2016-07-21,0.004562794060799032
2016-07-22,-0.001260180306860851
2016-07-25,-0.0034944937737284203
2016-07-26,0.0017704534436002726
2016-07-27,0.006443874791544069
2016-07-28,-0.0004007213103052928
2016-07-29,0.005257106389529105
2016-08-01,-0.0008129831166372078
2016-08-02,-0.00022726638056191906
2016-08-03,-0.0004339577736353073
2016-08-04,0.0017217552948053752
2016-08-05,-0.005300997682697761
2016-08-08,-0.0006649698265644988
2016-08-09,0.0027512280726726956
2016-08-10,0.0016292191845869164
2016-08-11,-0.0023603233595749598
2016-08-12,0.0001959211455285399
2016-08-15,0.0011337194757914022
2016-08-16,-0.0006417538230140869
2016-08-17,0.0012410576278163443
2016-08-18,0.00292541739897915
2016-08-19,-0.004559012479000442
2016-08-22,0.00023497802661072897
2016-08-23,0.0005888182293356896
2016-08-24,-0.005528649037736051
2016-08-25,-0.001055001636557214
2016-08-26,-0.002384157112842307
2016-08-29,0.003678131273867402
2016-08-30,-0.0039313818759448465
2016-08-31,-0.002001563460184393
2016-09-01,0.0019005639868292512
2016-09-02,0.004043243251562948
2016-09-06,0.008197986123193335
2016-09-07,-0.0009915155759914196
2016-09-08,-0.004163898275151659
2016-09-09,-0.01175670464497617
2016-09-12,0.004661973497834814
2016-09-13,-0.008233791278232983
2016-09-14,0.0017674693556004224
2016-09-15,0.0012814453581659149
2016-09-16,-0.001752311121161069
2016-09-19,0.00018532434610122695
2016-09-20,0.0008458430438943825
2016-09-21,0.009151497806123638
2016-09-22,0.0038751171643798266
2016-09-23,-0.0014680523213524606
2016-09-26,-0.0020063820789073907
2016-09-27,0.00020456826707674746
2016-09-28,0.00045303819552777735
2016-09-29,-0.003203988607092108
2016-09-30,0.0005466265827527663
2016-10-03,-0.00242626339385991
2016-10-04,-0.014794626094768113
2016-10-05,0.00020033961107949571
2016-10-06,-0.003551484821363249
2016-10-07,-0.0004376049712828678
2016-10-10,0.002031623568662303
2016-10-11,-0.005992834624946153
2016-10-12,0.0009670853144159164
2016-10-13,0.0004105974971862676
2016-10-14,-0.0027137693563051846
2016-10-17,0.00046218656609157516
2016-10-18,0.004812415052611133
2016-10-19,0.0029496992075204913
2016-10-20,-0.0019415136992507742
2016-10-21,0.0007656264160265103
2016-10-24,0.00022142109466057513
2016-10-25,0.0013386735031608217
2016-10-26,-0.003258612467273362
2016-10-27,-0.0014299833593060711
2016-10-28,0.0006454763473941287
2016-10-31,0.0012757280962321094
2016-11-01,-0.0002434473342560377
2016-11-02,0.0014661776127611326
2016-11-03,4.209526596510283e-05
2016-11-04,0.0009027647351199283
2016-11-07,-3.7746754635081814e-05
2016-11-08,-0.0010718250852282578
2016-11-09,-0.0017615106508706753
2016-11-10,-0.006137794656885057
2016-11-11,-0.008827864060748758
2016-11-14,-0.0044855626060211025
2016-11-15,0.005500342157173247
2016-11-16,-0.0013091096989102193
2016-11-17,-0.0014689946857633731
2016-11-18,-0.005148666228076822
2016-11-21,0.004045827218239613
2016-11-22,0.0008509105424024943
2016-11-23,-0.007621812045601676
2016-11-25,-0.0009300988239941594
2016-11-28,0.003476096864572546
2016-11-29,-0.0005559628702482464
2016-11-30,-0.007506196139752192
2016-12-01,-0.003123299530979229
2016-12-02,0.0034564466469568047
2016-12-05,9.239011269897767e-05
2016-12-06,0.0008541925022539736
2016-12-07,0.0066658849434730865
2016-12-08,-0.0012221971778679417
2016-12-09,-0.0031942346990135504
2016-12-12,0.0009491899204435345
2016-12-13,0.001302981811491355
2016-12-14,-0.010411105119446058
2016-12-15,-0.004122509670306547
2016-12-16,0.001971379738982907
2016-12-19,0.003935715996872405
2016-12-20,-0.0018743191330594653
2016-12-21,-0.00019664627927003697
2016-12-22,-0.0015237719605920574
2016-12-23,0.0018624529558510052
2016-12-27,0.0022919183884855623
2016-12-28,-0.0006136713694753586
2016-12-29,0.005328227727963671
2016-12-30,-0.0022846348609652694
2017-01-03,0.005006073821213726
2017-01-04,0.0035416302829781956
2017-01-05,0.007068003780919503
2017-01-06,-0.002780428389509241
2017-01-09,0.002912664055924459
2017-01-10,0.0012619205335745083
2017-01-11,0.002352538971990651
2017-01-12,0.0005570052748979185
2017-01-13,0.000917212262028492
2017-01-17,0.005288200366070435
2017-01-18,-0.004443292120358358
2017-01-19,-0.002793018342839552
2017-01-20,0.002197291416243363
2017-01-23,0.003025576997241597
2017-01-24,-0.0006250224334892012
2017-01-25,-0.0015134196764454337
2017-01-26,-0.002992270335295847
2017-01-27,0.0005678395310412994
2017-01-30,-0.0007529501085486627
2017-01-31,0.005738198394752536
2017-02-01,-0.001516699718939048
2017-02-02,0.002198873533421001
2017-02-03,0.003386723262277291
2017-02-06,0.005500741731865025
2017-02-07,-6.364249198601935e-05
2017-02-08,0.003866917604106105
2017-02-09,-0.0025431322908912772
2017-02-10,0.001974760202874644
2017-02-13,-0.000960158683924776
2017-02-14,0.0004972374732626164
2017-02-15,0.002585626414867962
2017-02-16,0.0028439165096401098
2017-02-17,0.00028601623217842475
2017-02-21,0.0020250372833614527
2017-02-22,0.0006958476860381794
2017-02-23,0.004023941584344751
2017-02-24,0.004099421319695132
2017-02-27,-0.0022880550074172814
2017-02-28,-0.0007496641158896884
2017-03-01,0.0018684519744162444
2017-03-02,-0.00719719744104963
2017-03-03,0.00033056229238170864
2017-03-06,-0.003297436918065573
2017-03-07,-0.004158424275781798
2017-03-08,-0.0038091483158737187
2017-03-09,-0.002215515568586124
2017-03-10,0.0026026987862650675
2017-03-13,-0.0006069386380599396
2017-03-14,-0.0027233685945924715
2017-03-15,0.01202745897437037
2017-03-16,-0.00020190351096690162
2017-03-17,0.0010501800100100787
2017-03-20,0.0019117532390170813
2017-03-21,-0.0002466309986346449
2017-03-22,0.0022327709199971846
2017-03-23,-0.0011520090814345352
2017-03-24,0.00048129248596258845
2017-03-27,0.0023583559921387756
2017-03-28,-7.567413681512192e-05
2017-03-29,0.0020728039370595157
2017-03-30,-0.0022873388842610995
2017-03-31,0.0005919668996562376
2017-04-03,0.002829838969365247
2017-04-04,0.0004948017301549996
2017-04-05,-0.00036065362993179895
2017-04-06,-0.0005092107712616848
2017-04-07,-0.000563545380249608
2017-04-10,0.0007980051991580693
2017-04-11,0.005974199947806531
2017-04-12,0.001857329532717148
2017-04-13,0.00042001682471470847
2017-04-17,0.0014445038956223768
2017-04-18,0.002491346402348012
2017-04-19,-0.004440416041850415
2017-04-20,0.002595932398116655
2017-04-21,5.029474751908991e-05
2017-04-24,0.0007178204229426979
2017-04-25,-0.003153541456521654
2017-04-26,0.0023048619355309588
2017-04-27,-0.000742264756986281
2017-04-28,0.0006701201883765697
2017-05-01,-0.0029163464172614617
2017-05-02,0.0007604375084494889
2017-05-03,-0.0057462867355668745
2017-05-04,-0.003724019532533614
2017-05-05,0.002003170815495503
2017-05-08,-0.001614017910498644
2017-05-09,-0.0026829879302194453
2017-05-10,0.00044369755751546186
2017-05-11,0.0008931490219857838
2017-05-12,0.0020910650801834922
2017-05-15,0.002505742373554757
2017-05-16,0.0015857873674951875
2017-05-17,0.0028149574594355706
2017-05-18,-0.0014776166295531838
2017-05-19,0.0037300219772043635
2017-05-22,0.002714795230571017
2017-05-23,-0.0022481968138412154
2017-05-24,0.0027802924390748864
2017-05-25,0.001417932332790084
2017-05-26,0.003106661514875079
2017-05-30,-0.0005547330029483932
2017-05-31,0.0014044443039801606
2017-06-01,0.0027527304823296386
2017-06-02,0.005029978561585491
2017-06-05,-0.0004746076120467253
2017-06-06,0.0037410502217517143
2017-06-07,-0.0017620256784609545
2017-06-08,-0.002540752836238669
2017-06-09,-0.0038578212913200627
2017-06-12,-0.0006285084485640653
2017-06-13,0.002086779079634097
2017-06-14,-0.0005086259186101172
2017-06-15,-0.0026196501192048416
2017-06-16,0.00031435041357778337
2017-06-19,-0.0006951798597998695
2017-06-20,-0.0021137717286613773
2017-06-21,0.0008458599907423073
2017-06-22,0.0012836288586618079
2017-06-23,0.0019204672582756968
2017-06-26,-0.0024889014051546754
2017-06-27,-0.0030555259211188695
2017-06-28,0.002925519199319937
2017-06-29,-0.00579873486220861
2017-06-30,-0.0010033791066941986
2017-07-03,-0.006110310085685929
2017-07-05,0.0022568370741481805
2017-07-06,-0.003819256547088442
2017-07-07,-0.0017790955776495105
2017-07-10,0.0013487808384055424
2017-07-11,0.0006260188024698927
2017-07-12,0.0046613372772230655
2017-07-13,-0.0003880150314628331
2017-07-14,0.004759393724919292
2017-07-17,0.0018509691367384338
2017-07-18,0.0037273344751981665
2017-07-19,0.0017200095633079042
2017-07-20,0.0006935352564261994
2017-07-21,0.003170896869736447
2017-07-24,-0.00015901427306963534
2017-07-25,-0.0021473198807145932
2017-07-26,0.003768743775596809
2017-07-27,-0.001090473202756829
2017-07-28,0.0026760436222490838
2017-07-31,7.033788413864557e-05
2017-08-01,0.0012948454241768677
2017-08-02,-0.0008407243391294431
2017-08-03,0.0010336806146664657
2017-08-04,-0.0028924582353741326
2017-08-07,0.0004167822988427143
2017-08-08,-0.00012461088226034533
2017-08-09,0.004424324175370419
2017-08-10,-0.000986325029571966
2017-08-11,0.0024468073970012787
2017-08-14,0.00013669971803135627
2017-08-15,-0.00360480242512536
2017-08-16,0.0036567698699863094
2017-08-17,-0.002319017848752991
2017-08-18,-0.000976237118798943
2017-08-21,0.001731471400617727
2017-08-22,0.0013420231675182284
2017-08-23,0.0012077111106651621
2017-08-24,-0.0023353188821227944
2017-08-25,0.00256289812744126
2017-08-28,0.005618425135763827
2017-08-29,0.00043212474003880464
2017-08-30,0.0011411861689218927
2017-08-31,0.006442870804867236
2017-09-01,0.00012638427138400576
2017-09-05,0.0036281803507703567
2017-09-06,-0.001360682705992618
2017-09-07,0.004876479990877517
2017-09-08,-0.0010531952462383327
2017-09-11,-0.0029834523511147455
2017-09-12,0.001298545730836135
2017-09-13,-0.0030226480946160166
2017-09-14,0.001414967283009938
2017-09-15,-0.0008128347751581815
2017-09-18,-0.0036979927012984843
2017-09-19,0.000657697795877025
2017-09-20,-0.00320798671000951
2017-09-21,-0.0038641794173075446
2017-09-22,0.0021815351902096194
2017-09-25,0.0038043459283001453
2017-09-26,-0.0037992750719068784
2017-09-27,-0.003552017960653112
2017-09-28,0.000966011179914609
2017-09-29,-0.0009527563083097472
2017-10-02,-0.0011540436475106681
2017-10-03,0.0013500283122908443
2017-10-04,0.0012393250237925368
2017-10-05,-0.00015799818570305635
2017-10-06,0.000789127213435825
2017-10-09,0.0025516488257113497
2017-10-10,0.0018789177836203337
2017-10-11,0.001962016199798855
2017-10-12,8.820209587308742e-05
2017-10-13,0.004054968004558512
2017-10-16,-0.0024052386212950467
2017-10-17,-0.002166796960628973
2017-10-18,-0.0017732441862747805
2017-10-19,0.0024083621461595444
2017-10-20,-0.00178158372289694
2017-10-23,-0.0004611025730970979
2017-10-24,-0.0017056907701496298
2017-10-25,-0.002130649566724633
2017-10-26,-0.002812514498830946
2017-10-27,0.005378407649847834
2017-10-30,0.0005888918047876056
2017-10-31,-0.0009658969189620945
2017-11-01,0.0018572350725092333
2017-11-02,0.000789841894395682
2017-11-03,7.864093994739796e-05
2017-11-06,0.003769755784560254
2017-11-07,-0.0013121473617531871
2017-11-08,0.0013151114363952148
2017-11-09,3.571774397936856e-05
2017-11-10,-0.004524803856959155
2017-11-13,0.0006477860072191902
2017-11-14,0.0003854948596639189
2017-11-15,-0.0008839421572771251
2017-11-16,0.001959613265840561
2017-11-17,0.003469315974577225
2017-11-20,-0.004170412975764074
2017-11-21,0.0027933685280433123
2017-11-22,0.003846543373497509
2017-11-24,-0.00035475969998129597
2017-11-27,0.0014429393584819798
2017-11-28,0.003390075142300645
2017-11-29,-0.003358439942900822
2017-11-30,-0.0006865141170041924
2017-12-01,0.0018888393692675365
2017-12-04,-0.0016848106940408059
2017-12-05,-0.0033125917694663
2017-12-06,6.289252646862753e-05
2017-12-07,-0.003931994805193462
2017-12-08,0.001538043041290238
2017-12-11,-0.0005380913645614365
2017-12-12,0.0007000261810999147
2017-12-13,0.004195881586626944
2017-12-14,-0.002159083941474127
2017-12-15,0.0034135401827553404
2017-12-18,0.002898259391354352
2017-12-19,-0.002540675898862569
2017-12-20,-0.0002647538733438667
2017-12-21,0.001393195802071571
2017-12-22,0.001785206287862495
2017-12-26,0.002015857514770033
2017-12-27,0.0028487840623157012
2017-12-28,0.001966223498332938
2017-12-29,0.0014515268816844098
2018-01-02,0.005324187709674874
2018-01-03,0.0015777685205479173
2018-01-04,0.0029558679913359587
2018-01-05,0.0014645396975551117
2018-01-08,0.00039773603062150564
2018-01-09,-0.002374143724086693
2018-01-10,0.00019623436186477772
2018-01-11,0.003748012701633533
2018-01-12,0.005989244863890852
2018-01-16,-0.00042880111298967017
2018-01-17,-0.0002553832559933169
2018-01-18,-0.002353767411871395
2018-01-19,0.0021350096590138463
2018-01-22,0.0031881099046672245
2018-01-23,0.003329414577117588
2018-01-24,0.003289144932532887
2018-01-25,-0.0013456924371963257
2018-01-26,0.00312679680862038
2018-01-29,-0.0049190235657385895
2018-01-30,-0.005631562752082911
2018-01-31,0.0024971016678709823
2018-02-01,-0.001001192095987517
2018-02-02,-0.012863740835042565
2018-02-05,-0.010357915384685445
2018-02-06,0.001613277815371498
2018-02-07,-0.004351529166544688
2018-02-08,-0.011702295520584586
2018-02-09,0.0038613730071372547
2018-02-12,0.006399908299496955
2018-02-13,0.003271469529665616
2018-02-14,0.008163801533162613
2018-02-15,0.004741545853548246
2018-02-16,-0.0002066474166633192
2018-02-20,-0.006927189662031355
2018-02-21,-0.004170762972324918
2018-02-22,0.0025889889916310693
2018-02-23,0.006168649502962882
2018-02-26,0.00508146252357126
2018-02-27,-0.008684675367358025
2018-02-28,-0.0029383356908539997
2018-03-01,-0.004159111408873151
2018-03-02,0.00227265243285187
2018-03-05,0.0028698042758204347
2018-03-06,0.0044072738737260435
2018-03-07,-0.0022560831988954755
2018-03-08,0.0015042200402468988
2018-03-09,0.0054017360048546435
2018-03-12,0.00036659730279379554
2018-03-13,-0.0009623150691938274
2018-03-14,-0.0012711414260735039
2018-03-15,-0.0026146469914829122
2018-03-16,-0.0008294764907148162
2018-03-19,-0.0041132012136933325
2018-03-20,-0.001579929272464161
2018-03-21,0.0054076294022809
2018-03-22,-0.008279473221942371
2018-03-23,-0.0023370454428734977
2018-03-26,0.009961100487751045
2018-03-27,-0.005835852833697178
2018-03-28,-0.005651298215001172
2018-03-29,0.005098058222051079
2018-04-02,-0.002959833838257449
2018-04-03,0.0006911539330269147
2018-04-04,0.0037677018111321363
2018-04-05,7.341842890540295e-05
2018-04-06,-0.004401325277436715
2018-04-09,0.0028416006676377963
2018-04-10,0.005505957289818434
2018-04-11,0.0011728505840820822
2018-04-12,-0.0023336533786984344
2018-04-13,0.0015000428861985378
2018-04-16,0.0030488899032214967
2018-04-17,0.004074603782252402
2018-04-18,-0.0007920284322427231
2018-04-19,-0.0034142466430925333
2018-04-20,-0.006472774028375908
2018-04-23,-0.003036678949255522
2018-04-24,-0.003264586783806663
2018-04-25,-0.002065009035841022
2018-04-26,0.003175078063547443
2018-04-27,0.0022853285072469047
2018-04-30,-0.00461973222748809
2018-05-01,-0.002284363397260865
2018-05-02,-0.0023349063673671804
2018-05-03,0.0018185634638238448
2018-05-04,0.005045734279661336
2018-05-07,0.0010442531949848381
2018-05-08,-0.0005044110360578428
2018-05-09,0.0017702088567886167
2018-05-10,0.006087628363157312
2018-05-11,0.0005705424198659825
2018-05-14,-0.0019242458777778415
2018-05-15,-0.00952233215177863
2018-05-16,0.00018914750519105638
2018-05-17,-0.000289990817919028
2018-05-18,0.0005982494654094283
2018-05-21,0.002928408218540124
2018-05-22,-0.001249562995091047
2018-05-23,0.002792397710020822
2018-05-24,0.0030296423773778685
2018-05-25,-0.0005054264567292039
2018-05-29,-0.00028969300288465404
2018-05-30,0.003511340603752947
2018-05-31,-0.0029339132445192666
2018-06-01,0.0003893228696951374
2018-06-04,7.975566008167084e-05
2018-06-05,0.002403304713428052
2018-06-06,0.0016346862719137285
2018-06-07,0.0012145732094517674
2018-06-08,0.0009342234317544588
2018-06-11,0.000711907124402722
2018-06-12,-0.0008750997904323209
2018-06-13,-0.0004534661886850624
2018-06-14,0.002404952350299583
2018-06-15,-0.00567457752508808
2018-06-18,-0.0011536919822131195
2018-06-19,-0.0012473929894060523
2018-06-20,-0.0019983387269699726
2018-06-21,-0.001787736526728256
2018-06-22,0.001478242383933459
2018-06-25,-0.005327265546260358
2018-06-26,-0.0008503848581541776
2018-06-27,-0.003391076622076124
2018-06-28,0.0005691458738048178
2018-06-29,0.0014324421437703996
2018-07-02,-0.0028587972106442665
2018-07-03,0.003047806778473272
2018-07-05,0.00387555564939146
2018-07-06,0.0025799343719769365
2018-07-09,0.0029702702228063815
2018-07-10,0.0003232347875695336
2018-07-11,-0.005369115460697811
2018-07-12,0.004280287692636997
2018-07-13,-0.0006517461053368774
2018-07-16,-0.0010204150310052507
2018-07-17,-0.0024480394538346126
2018-07-18,0.0005267721741443927
2018-07-19,-0.0017778033732665324
2018-07-20,0.0006078816520657488
2018-07-23,-0.0026121148860371495
2018-07-24,0.0020217595907835078
2018-07-25,0.004449969571724277
2018-07-26,-0.0037464474396939154
2018-07-27,-0.0015609587664583795
2018-07-30,-0.002685320704750878
2018-07-31,0.0030822865155835837
2018-08-01,-0.0037871131252666204
2018-08-02,0.00041586926581027583
2018-08-03,0.0034465921395434584
2018-08-06,-0.000324981964542411
2018-08-07,0.001170736373756272
2018-08-08,0.0010863378713893792
2018-08-09,-3.0564252262184734e-05
2018-08-10,-0.0009393253267556689
2018-08-13,-0.006373704427120374
2018-08-14,0.0021256521646231263
2018-08-15,-0.0072163435902228654
2018-08-16,0.0023299396666609145
2018-08-17,0.0043938230918527665
2018-08-20,0.0034187343852096763
2018-08-21,0.0013039383664554074
2018-08-22,0.0011563540914592736
2018-08-23,-0.0036238721066016812
2018-08-24,0.007926009294069614
2018-08-27,0.0031423367457155127
2018-08-28,-0.00323280600941922
2018-08-29,0.0032208018256260442
2018-08-30,-0.0023655158834036127
2018-08-31,-0.0003050203238756192
2018-09-04,-0.003038884620576961
2018-09-05,0.00022137342034326635
2018-09-06,0.0003290400916018029
2018-09-07,-0.003055744602988482
2018-09-10,0.0005402174729739842
2018-09-11,9.585126928975579e-05
2018-09-12,0.0032714953519602146
2018-09-13,0.0007415786767181649
2018-09-14,-0.00273374062515271
2018-09-17,4.121603247593986e-05
2018-09-18,-6.904303780782195e-05
2018-09-19,0.0010876417766200186
2018-09-20,0.0038760682446945527
2018-09-21,-0.002448052956503595
2018-09-24,-0.0015289657749847363
2018-09-25,-0.00011098216357093482
2018-09-26,-0.0016657544633564096
2018-09-27,-0.002017054938391031
2018-09-28,0.002311271613780234
2018-10-01,-0.0002486950346393866
2018-10-02,0.004515814928049829
2018-10-03,-0.0036104430984564466
2018-10-04,-0.0032937050644335306
2018-10-05,-0.001726024300843269
2018-10-08,-0.0035570996629915586
2018-10-09,0.0003264043940585473
2018-10-10,-0.009558846351450248
2018-10-11,0.002587934596555116
2018-10-12,0.0026478953924627957
2018-10-15,0.0005545653506883184
2018-10-16,0.0066802812557836076
2018-10-17,-0.0009322514874615292
2018-10-18,-0.0038400183241444155
2018-10-19,-0.0003211824296096936
2018-10-22,-0.002291724962004249
2018-10-23,0.00112778316713924
2018-10-24,-0.007533253875553369
2018-10-25,0.004444657419506319
2018-10-26,-0.003313170615275733
2018-10-29,-0.003192851627907907
2018-10-30,0.002752775875345022
2018-10-31,0.0008634597109549169
2018-11-01,0.008116877350049437
2018-11-02,-0.003773860748519153
2018-11-05,0.0012387643869184635
2018-11-06,0.0007974403926385525
2018-11-07,0.007107520888398869
2018-11-08,-0.0017901203151954683
2018-11-09,-0.005695756423307293
2018-11-12,-0.007617905724554563
2018-11-13,-0.00024072212905779095
2018-11-14,0.0011729907659121892
2018-11-15,0.00408820996125514
2018-11-16,0.004360690209741576
2018-11-19,-0.004999935750001905
2018-11-20,-0.0062343518852695885
2018-11-21,0.0016174927649230304
2018-11-23,-0.0022877439703201663
2018-11-26,0.0047440686034981114
2018-11-27,-0.0005383293478289732
2018-11-28,0.008889166620345779
2018-11-29,0.0011671470062063483
2018-11-30,0.0021118748546347836
2018-12-03,0.007652459171679707
2018-12-04,-0.007228509822453119
2018-12-06,0.0003987575324195432
2018-12-07,-0.004066824644164005
2018-12-10,-0.00033022601627815307
2018-12-11,-0.001163369774322372
2018-12-12,0.001478007839323799
2018-12-13,-0.000653563020538872
2018-12-14,-0.00696702265807414
2018-12-17,-0.0032578383011394227
2018-12-18,0.001247940962425087
2018-12-19,-0.005857060791347549
2018-12-20,-0.0007077959283516844
2018-12-21,-0.007992547340972767
2018-12-24,-0.004318213888077738
2018-12-26,0.014263663657749483
2018-12-27,0.0059354574466076535
2018-12-28,0.0027327796615649325
2018-12-31,0.004694898357958888
2019-01-02,0.001270565526663825
2019-01-03,-0.002282717304650239
2019-01-04,0.005777790872896056
2019-01-07,0.0028550315447380585
2019-01-08,0.0013967646404889529
2019-01-09,0.0038898289195401503
2019-01-10,-0.0009466892964956619
2019-01-11,0.0016993028386646327
2019-01-14,-0.0014320824713181337
2019-01-15,0.0029268671551740955
2019-01-16,0.0016809672103813935
2019-01-17,0.0014833671427439223
2019-01-18,0.0004010121250947272
2019-01-22,-0.0021588702778138806
2019-01-23,7.033431296795306e-05
2019-01-24,0.0007154536658016131
2019-01-25,0.006923916694529149
2019-01-28,-0.001270231213107283
2019-01-29,0.002385862959738342
2019-01-30,0.007953965252310624
2019-01-31,0.004620268356500645
2019-02-01,-0.002290791793818081
2019-02-04,0.00016268476605315208
2019-02-05,0.002835498868068257
2019-02-06,-0.0024359654286504324
2019-02-07,-0.0012793202422534124
2019-02-08,0.002120046546658057
2019-02-11,-0.0019618133694375333
2019-02-12,0.004540649668993146
2019-02-13,-0.0010672152327247202
2019-02-14,0.0026947105173776853
2019-02-15,0.005302045973265815
2019-02-19,0.006225974830166069
2019-02-20,2.9305053563392414e-05
2019-02-21,-0.00594189064040429
2019-02-22,0.004256969006970257
2019-02-25,-0.00040134309732542395
2019-02-26,0.0013091573871564601
2019-02-27,-0.003683007641765804
2019-02-28,-0.00335449936812926
2019-03-01,-0.004684806079448914
2019-03-04,-0.0010579058024486148
2019-03-05,0.000177884163167626
2019-03-06,-0.0013902391335927078
2019-03-07,-0.0019434103722518374
2019-03-08,0.0034600466654236177
2019-03-11,0.0029509775186446667
2019-03-12,0.004198526680431858
2019-03-13,0.0044102173284035935
2019-03-14,-0.004538752895076584
2019-03-15,0.004221811827321101
2019-03-18,0.0009541377481073383
2019-03-19,0.000781461030842127
2019-03-20,0.0034780642530944927
2019-03-21,0.0022649982487911165
2019-03-22,-0.0031708072049944445
2019-03-25,0.0031502894207866192
2019-03-26,0.000548817953720637
2019-03-27,-0.00251607095667139
2019-03-28,-0.003422988041862732
2019-03-29,0.0018722490852508171
2019-04-01,0.00034969590533998995
2019-04-02,0.0019650855579814346
2019-04-03,-0.001006160163721015
2019-04-04,0.002079975145934017
2019-04-05,0.0014163922425748376
2019-04-08,0.0011664886531890981
2019-04-09,0.000633064514314071
2019-04-10,0.0029535523066053226
2019-04-11,-0.005110500645528833
2019-04-12,0.00038290425077835977
2019-04-15,-0.0004044020213519831
2019-04-16,-0.003907907187088888
2019-04-17,-0.001388538153332286
2019-04-18,0.0016990520923398922
2019-04-22,-0.00018743283349009765
2019-04-23,0.002907116852274923
2019-04-24,0.0014971743453794373
2019-04-25,-0.0003384998189953636
2019-04-26,0.004647528599140305
2019-04-29,-0.0016528387278657388
2019-04-30,0.0018531703541921907
2019-05-01,-0.004857139556626625
2019-05-02,-0.0029397718159875166
2019-05-03,0.005678850819066827
2019-05-06,-7.647945583518401e-05
2019-05-07,-0.003328217368994728
2019-05-08,-0.001916330846346015
2019-05-09,0.000672202461900436
2019-05-10,0.0020872324886332576
2019-05-13,-0.0033080471947842063
2019-05-14,0.002131478905086174
2019-05-15,0.0028254445160755073
2019-05-16,3.566292806785531e-05
2019-05-17,-0.004358044125369701
2019-05-20,-0.0027936758489319753
2019-05-21,0.0018560107007873359
2019-05-22,-0.0003539794697566082
2019-05-23,0.0005350318524939648
2019-05-24,0.0010205919935560117
2019-05-28,-0.002932737999524611
2019-05-29,-0.0022500914624450363
2019-05-30,0.004377716608358358
2019-05-31,0.0022188465813948177
2019-06-03,0.005567211381346156
2019-06-04,0.0061210857714908045
2019-06-05,0.003739670444585415
2019-06-06,0.0031957462230492637
2019-06-07,0.006533158228628618
2019-06-10,-0.0034360216446217926
2019-06-11,-0.00047965862620980015
2019-06-12,0.002001005846014851
2019-06-13,0.004241320178279458
2019-06-14,-0.00022965175400228388
2019-06-17,-0.0001450599769727094
2019-06-18,0.005817574189163066
2019-06-19,0.0036847127194835254
2019-06-20,0.012123825697908003
2019-06-21,0.0003634948060818508
2019-06-24,0.005698322722005766
2019-06-25,-0.002106546058430747
2019-06-26,-0.004750098042084039
2019-06-27,0.0018592318607218252
2019-06-28,0.0027701602355884405
2019-07-01,-0.0038490444104249955
2019-07-02,0.00917310320390019
2019-07-03,0.003850777789005481
2019-07-05,-0.006211775539105199
2019-07-08,-0.004310255261526359
2019-07-09,0.0013701847881274856
2019-07-10,0.007038061992534538
2019-07-11,-0.003677506184447066
2019-07-12,0.003944420478715941
2019-07-15,0.0008138683677860746
2019-07-16,-0.004628061556185484
2019-07-17,0.004779555580101716
2019-07-18,0.0067475941830189195
2019-07-19,-0.007367854077168334
2019-07-22,0.0009212472834500736
2019-07-23,-4.78737991483904e-05
2019-07-24,0.0037490421471023288
2019-07-25,-0.004526531170718476
2019-07-26,0.00272185925618366
2019-07-29,0.0019175534742263967
2019-07-30,0.00044893856511437247
2019-07-31,-0.007166317129212896
2019-08-01,0.008885599928300514
2019-08-02,-0.0030891873010402042
2019-08-05,-0.0024849042950819697
2019-08-06,0.007919053962576195
2019-08-07,0.005260064890501385
2019-08-08,0.00824797004955613
2019-08-09,-0.0038804349884642058
2019-08-12,0.0012856139817759198
2019-08-13,0.0020157739350806034
2019-08-14,-0.00535199725350921
2019-08-15,0.005219448210035393
2019-08-16,0.0019063301365349616
2019-08-19,-0.0014671668785813195
2019-08-20,0.0015181071642082304
2019-08-21,0.0007766604122266445
2019-08-22,-0.0016848835232135353
2019-08-23,0.00020889951495846673
2019-08-26,0.003410283930345111
2019-08-27,0.0033191375179438074
2019-08-28,0.0015251192991689866
2019-08-29,0.0012274801505280193
2019-08-30,-0.0009162057066179156
2019-09-03,0.0034206989429819514
2019-09-04,0.0063907713191762765
2019-09-05,-0.006399479812583968
2019-09-06,-0.0023776758001853304
2019-09-09,-0.003134702100317003
2019-09-10,-0.005356306020080155
2019-09-11,0.004064018312839127
2019-09-12,0.0010943687533022661
2019-09-13,-0.006029814187589484
2019-09-16,0.0032012443199739282
2019-09-17,0.0023754969370869774
2019-09-18,-0.0017761501744849584
2019-09-19,0.0014779239128201633
2019-09-20,0.004281045354821804
2019-09-23,0.0022635217326639014
2019-09-24,0.0008108168625055034
2019-09-25,-0.006398497597613758
2019-09-26,-7.388289173630258e-05
2019-09-27,-0.003036943799809048
2019-09-30,-0.0033620722708271877
2019-10-01,-0.001217459383132224
2019-10-02,-0.0008424994535884234
2019-10-03,0.005981497232536122
2019-10-04,0.005156288181785336
2019-10-07,-0.0053935046399909235
2019-10-08,-0.001555450862525583
2019-10-09,0.002620435743603563
2019-10-10,-0.0027427357261386267
2019-10-11,-0.000668781361193749
2019-10-14,0.0018850459447396308
2019-10-15,-0.0006274761451608248
2019-10-16,0.0020314968566125247
2019-10-17,0.0013386050438420893
2019-10-18,-0.0015166918050442124
2019-10-21,-0.0005508519360105657
2019-10-22,0.0006656049444571099
2019-10-23,0.0018736939012885163
2019-10-24,0.0028567549155641783
2019-10-25,0.0014270668063412297
2019-10-28,-0.00224243723071608
2019-10-29,-0.0007236097470788941
2019-10-30,0.004470391842126423
2019-10-31,0.004561938952490944
2019-11-01,0.0027634379571030987
2019-11-04,-0.0013140643326424728
2019-11-05,-0.007554874937556207
2019-11-06,0.0024676680417417734
2019-11-07,-0.006667767850972672
2019-11-08,-0.0017522918026570133
2019-11-11,-0.0010744328118444575
2019-11-12,0.0017536948877283631
2019-11-13,0.002347435865115062
2019-11-14,0.003572558522293656
2019-11-15,0.0013005930141666662
2019-11-18,0.0018042891886918728
2019-11-19,0.0007007347133219932
2019-11-20,0.00015342825605920335
2019-11-21,-0.003195482971001584
2019-11-22,5.372465229872936e-05
2019-11-25,0.0011354465969379466
2019-11-26,0.002986454353968752
2019-11-27,-0.0011441185107975427
2019-11-29,0.0005629433993004826
2019-12-02,-0.004197531033352889
2019-12-03,0.003930527975527695
2019-12-04,0.0003217071557345037
2019-12-05,1.4467755928763537e-05
2019-12-06,-0.0012829455937002354
2019-12-09,-0.0008746126175368149
2019-12-10,0.00018311946956909664
2019-12-11,0.0046237365204431224
2019-12-12,-0.0009361687664021601
2019-12-13,0.0036532752069934706
2019-12-16,0.000706612271181813
2019-12-17,3.120493880300519e-05
2019-12-18,-0.0008588371489503347
2019-12-19,0.002489554697549856
2019-12-20,0.0017961681863204087
2019-12-23,0.001234598317876423
2019-12-24,0.003729177827735075
2019-12-26,0.004876652830752744
2019-12-27,0.0002828468199294054
2019-12-30,-0.001345878491694874
2019-12-31,0.00023528420600416045
2020-01-02,0.007109055850631854
2020-01-03,0.0041263114394138505
2020-01-06,0.00440933516892128
2020-01-07,-0.00010442333657349301
2020-01-08,-0.0015034312902179048
2020-01-09,0.0006167783563726008
2020-01-10,0.0017700865718658734
2020-01-13,-0.0005702841639082521
2020-01-14,-0.0001454266989212582
2020-01-15,0.003536242701370096
2020-01-16,0.0015628255380553864
2020-01-17,0.0013831978665661548
2020-01-21,0.0010290672961196234
2020-01-22,0.00021335964749861583
2020-01-23,0.001967083672533694
2020-01-24,0.00017393404432693616
2020-01-27,-0.0008149077782404106
2020-01-28,-0.0006015090014644953
2020-01-29,0.003126050776334359
2020-01-30,0.0014276801170262456
2020-01-31,-0.0024474262566893295
2020-02-03,2.7148639198393276e-05
2020-02-04,-0.0011892901803606621
2020-02-05,0.0028153266025884678
2020-02-06,0.003154470078750915
2020-02-07,0.0007021465435964971
2020-02-10,0.003993076097875839
2020-02-11,-0.0013624449661040852
2020-02-12,0.0010226329853604645
2020-02-13,0.00183728674400437
2020-02-14,0.002752742929572616
2020-02-18,0.003943403282140379
2020-02-19,0.003478740826461342
2020-02-20,0.0009617371491520051
2020-02-21,0.0029231629636880716
2020-02-24,-0.005463242412933056
2020-02-25,-0.015132738931859548
2020-02-26,5.757787433010209e-05
2020-02-27,-0.013288126772557455
2020-02-28,-0.009827906070114745
2020-03-02,0.01604987184367801
2020-03-03,0.00480723861106332
2020-03-04,0.01386390049060678
2020-03-05,-0.0009176629675699734
2020-03-06,-0.0019994653127986357
2020-03-09,-0.022491270091614817
2020-03-10,0.004095541324609431
2020-03-11,-0.020762726081976452
2020-03-12,-0.04501904738239815
2020-03-13,0.016150543154363407
2020-03-16,-0.031484566022105254
2020-03-17,0.014158453540375258
2020-03-18,-0.02814515242745493
2020-03-19,-0.004499605992759337
2020-03-20,-0.0008737070847859574
2020-03-23,0.010148607567357063
2020-03-24,0.044110605054259525
2020-03-25,0.0006217630751440559
2020-03-26,0.02454421434108574
2020-03-27,-0.009611775489458092
2020-03-30,0.013063702160361162
2020-03-31,-0.014979305293293867
2020-04-01,-0.010492381901477055
2020-04-02,0.013210897178993855
2020-04-03,-0.0029259474224662503
2020-04-06,0.03012196321904429
2020-04-07,-0.002927668461199591
2020-04-08,0.007806468928102994
2020-04-09,0.014498400181875832
2020-04-13,0.001953461001844422
2020-04-14,0.012895542428583706
2020-04-15,-0.005804658337371796
2020-04-16,0.0016750314602695935
2020-04-17,0.0016589820579780605
2020-04-20,-0.0026214361919499143
2020-04-21,-0.011467525855883471
2020-04-22,0.0129203530108849
2020-04-23,0.0035126606422056414
2020-04-24,0.003299786815256334
2020-04-27,0.0008187764927652572
2020-04-28,-0.0015643677546579953
2020-04-29,0.010406961693407785
2020-04-30,-0.009935170470087924
2020-05-01,-0.006306604216809064
2020-05-04,0.0021425342365069726
2020-05-05,0.004247017241378178
2020-05-06,-0.0077779299877465125
2020-05-07,0.011174526970522939
2020-05-08,0.0024184461544455678
2020-05-11,-0.0029420706088311523
2020-05-12,-0.004247198293521159
2020-05-13,-0.0020026000251856706
2020-05-14,0.0074590611725710385
2020-05-15,0.0031951038100365885
2020-05-18,0.005581625798235253
2020-05-19,0.0007281603918216639
2020-05-20,0.006536545006726291
2020-05-21,-0.006940752238903409
2020-05-22,0.0032354197334173804
2020-05-26,-0.001506468893258746
2020-05-27,0.005834633973841541
2020-05-28,0.00020035853841108664
2020-05-29,0.005007628083776157
2020-06-01,0.0027504183434687857
2020-06-02,5.361056236419248e-05
2020-06-03,-0.0036881059221090338
2020-06-04,0.0013093173820011663
2020-06-05,0.00012309057705580263
2020-06-08,0.00799848206779526
2020-06-09,0.001923716665976497
2020-06-10,0.005408029470479433
2020-06-11,-0.0204386100521291
2020-06-12,0.003724047190853841
2020-06-15,0.00224307600265361
2020-06-16,0.005564501497635987
2020-06-17,-0.00022458024080362893
2020-06-18,0.00021465754582498475
2020-06-19,0.0018823813747446125
2020-06-22,0.003990869674832383
2020-06-23,0.004231120265231166
2020-06-24,-0.009032407774936744
2020-06-25,0.003427418287378173
2020-06-26,-0.0055251692404266
2020-06-29,0.0054071718135876665
2020-06-30,0.005149570535094979
2020-07-01,0.0003211314371444063
2020-07-02,0.0029671039170673374
2020-07-06,0.006649072193197732
2020-07-07,-0.00026478699446789555
2020-07-08,0.004100400310598625
2020-07-09,-0.0017311433897791995
2020-07-10,0.0018839612920050397
2020-07-13,-0.002117084103084606
2020-07-14,0.005846799960078012
2020-07-15,0.0032469859934478595
2020-07-16,-0.0040024229270549565
2020-07-17,0.0036302559005942925
2020-07-20,0.0045191445518263
2020-07-21,0.005081084154313334
2020-07-22,0.007073819764546647
2020-07-23,-0.0007083230053424035
2020-07-24,0.0005494295918710606
2020-07-27,0.008497856597582657
2020-07-28,0.0014576595505969567
2020-07-29,0.007038542632477422
2020-07-30,-0.003193918301684473
2020-07-31,0.00574482593917236
2020-08-03,0.0025320082925831175
2020-08-04,0.009521458487331028
2020-08-05,0.0040542915122148875
2020-08-06,0.007033241613344435
2020-08-07,-0.00576155355552499
2020-08-10,-0.0005102738179332637
2020-08-11,-0.021793638256373038
2020-08-12,0.0021077196702916265
2020-08-13,0.006584827897791172
2020-08-14,-0.0012617099620316023
2020-08-17,0.008839229777640881
2020-08-18,0.004298322299112792
2020-08-19,-0.012347464334249676
2020-08-20,0.004301237899516789
2020-08-21,-0.0012418877085805062
2020-08-24,0.0010275796151002858
2020-08-25,0.0007789611283276857
2020-08-26,0.007141115262319863
2020-08-27,-0.004303822480853185
2020-08-28,0.00849664044754106
2020-08-31,-5.492044231677118e-05
2020-09-01,0.004628785199712511
2020-09-02,0.0009092112147787903
2020-09-03,-0.01373553017787236
2020-09-04,-0.0036571870184564466
2020-09-08,-0.009036364288608396
2020-09-09,0.00965409818572745
2020-09-10,-0.00645114234954817
2020-09-11,0.0006712291462846279
2020-09-14,0.006720896595376076
2020-09-15,0.0007222879084361291
2020-09-16,-0.0005695093732993595
2020-09-17,-0.004652282400538313
2020-09-18,-0.0037013137091810307
2020-09-21,-0.009803118667608413
2020-09-22,0.0017794351114639078
2020-09-23,-0.014932564999025991
2020-09-24,0.0022920907487239033
2020-09-25,0.004712301472112804
2020-09-28,0.0088354017120675
2020-09-29,0.0012412847919040329
2020-09-30,-0.0003748231219692366
2020-10-01,0.005302414534936147
2020-10-02,-0.003791675366247619
2020-10-05,0.00542621518421138
2020-10-06,-0.007887164476494513
2020-10-07,0.004689438568555636
2020-10-08,0.00474572103445651
2020-10-09,0.00886547024364063
2020-10-12,0.004763338238495396
2020-10-13,-0.006675380119839702
2020-10-14,-0.0009530370131750989
2020-10-15,0.0004466781053335348
2020-10-16,-0.0015489063194947803
2020-10-19,-0.0054494063986258254
2020-10-20,0.002226310412382008
2020-10-21,0.0014379196357478714
2020-10-22,-0.0025988789911308707
2020-10-23,0.001248828044628373
2020-10-26,-0.005441704071695715
2020-10-27,0.00047376898775242093
2020-10-28,-0.016801504001731676
2020-10-29,0.0006006973928391519
2020-10-30,-0.0030338710270355613
2020-11-02,0.007543467219052931
2020-11-03,0.007028816684071144
2020-11-04,0.010070733989442247
2020-11-05,0.014107290975232185
2020-11-06,-0.000732755803402744
2020-11-09,-0.013030460055457493
2020-11-10,-0.0003321164165222359
2020-11-11,0.0015649315975155842
2020-11-12,0.0006841546235386573
2020-11-13,0.006444140765266744
2020-11-16,0.0038920134216695597
2020-11-17,-0.002153956968853639
2020-11-18,-0.0060299524212626965
2020-11-19,0.0011371087497357526
2020-11-20,-0.0006920273604856437
2020-11-23,-0.005230450226632562
2020-11-24,-0.0002647466727856056
2020-11-25,-0.0005601400264759377
2020-11-27,-0.0014549437022948568
2020-11-30,-0.003922067909637153
2020-12-01,0.00889258729347242
2020-12-02,0.0026512670008924655
2020-12-03,0.003426520027395741
2020-12-04,0.0006194863313301693
2020-12-07,0.005319974779704694
2020-12-08,0.002472298971380349
2020-12-09,-0.009160553358760056
2020-12-10,5.500223059784373e-06
2020-12-11,0.0008958573238360134
2020-12-14,-0.003522398112289197
2020-12-15,0.008836734958557708
2020-12-16,0.0020850626299303934
2020-12-17,0.005128792854683706
2020-12-18,-0.0021752098101114337
2020-12-21,-0.0020269550625953885
2020-12-22,-0.002638936562644134
2020-12-23,0.0018201974999606148
2020-12-24,0.0030990304365667107
2020-12-28,0.0016815550113885949
2020-12-29,0.0005226257771098566
2020-12-30,0.0032500446158469174
2020-12-31,0.003153890606489999
2021-01-04,0.0029649660810150786
2021-01-05,0.0025051275466470378
2021-01-06,-0.005370313082315725
2021-01-07,0.002997984294527874
2021-01-08,-0.010459924209910635
2021-01-11,-0.003549105712024898
2021-01-12,0.0021719121222185294
2021-01-13,0.0006202546702612777
2021-01-14,-0.0021005842745803376
2021-01-15,-0.005663826296017841
2021-01-19,0.0056386596772490805
2021-01-20,0.01018094533668908
2021-01-21,-0.00038308520336286883
2021-01-22,-0.00329742818011817
2021-01-25,0.002951400243565771
2021-01-26,-0.0014557072653885357
2021-01-27,-0.009866694140590973
2021-01-28,0.0023086922313900007
2021-01-29,-0.007397226958318126
2021-02-01,0.00909308822485603
2021-02-02,-0.0001849996127354374
2021-02-03,-0.0010579722496659727
2021-02-04,-0.0035009822491087377
2021-02-05,0.003896749398369407
2021-02-08,0.0059055839084093025
2021-02-09,0.0011209093811854753
2021-02-10,0.001922741643632116
2021-02-11,-0.0026103235069597406
2021-02-12,-0.00046575066449749936
2021-02-16,-0.0074784673697056245
2021-02-17,-0.0034798633082026016
2021-02-18,-0.0014672130829191572
2021-02-19,-0.0005447736927215452
2021-02-22,0.0018823713942206872
2021-02-23,-0.0001042755635768019
2021-02-24,0.002978623949946746
2021-02-25,-0.01874741048417768
2021-02-26,-0.0067859764074110025
2021-03-01,0.007128661297102731
2021-03-02,-0.00017928301195894525
2021-03-03,-0.009874238356430493
2021-03-04,-0.009053899949450678
2021-03-05,0.005876169346024121
2021-03-08,-0.006426562681623485
2021-03-09,0.013429095631909119
2021-03-10,0.00447270843933012
2021-03-11,0.0029749404981468754
2021-03-12,-0.0020247357007412052
2021-03-15,0.0038630962271015696
2021-03-16,-0.00017066106953389504
2021-03-17,0.002962679633681131
2021-03-18,-0.008866117363048393
2021-03-19,0.0005713377279142895
2021-03-22,0.003262794799353504
2021-03-23,-0.0034111785865021207
2021-03-24,-0.00010202901002024766
2021-03-25,0.00022574086046041808
2021-03-26,0.005207910118743441
2021-03-29,-0.005278194175485806
2021-03-30,-0.006876022082553335
2021-03-31,0.005935388730386497
2021-04-01,0.009285811697050598
2021-04-05,0.0037200470820451708
2021-04-06,0.004100976254228191
2021-04-07,-0.000758950942953307
2021-04-08,0.006311531122193144
2021-04-09,-0.0009670726985400169
2021-04-12,-0.002105001834874646
2021-04-13,0.004729824591716225
2021-04-14,-0.002995796945357232
2021-04-15,0.011105292593722874
2021-04-16,0.00222836570942649
2021-04-19,-0.0029093469988169156
2021-04-20,-0.00026230195402043854
2021-04-21,0.006632285747785552
2021-04-22,-0.004943391038360723
2021-04-23,0.0019009299824169767
2021-04-26,0.0012277843959017654
2021-04-27,-0.002222189321403463
2021-04-28,0.001324547082124779
2021-04-29,0.0001620121248196622
2021-04-30,-0.0030205442318486835
2021-05-03,0.005612694620109455
2021-05-04,-0.0040614484580081545
2021-05-05,0.0018932557930586569
2021-05-06,0.008367431378417148
2021-05-07,0.005541505364360525
2021-05-10,-0.0029602680509748236
2021-05-11,-0.003471094645283612
2021-05-12,-0.012000259522599678
2021-05-13,0.006489048929119315
2021-05-14,0.00888879589521611
2021-05-17,0.0027102906765668804
2021-05-18,-0.0022231406171590398
2021-05-19,-0.0016391318853107666
2021-05-20,0.006486285149338947
2021-05-21,-4.60234059507239e-06
2021-05-24,0.004306132551666971
2021-05-25,0.003509260797447215
2021-05-26,-0.00029664891794101145
2021-05-27,-0.0002754225060948393
2021-05-28,0.001823776491939877
2021-06-01,-0.0012518561095622067
2021-06-02,0.002533499280698903
2021-06-03,-0.008607925177545273
2021-06-04,0.00848296525121861
2021-06-07,0.0007510623868539992
2021-06-08,-5.813716710267869e-07
2021-06-09,-9.296724535708589e-05
2021-06-10,0.004165443508140557
2021-06-11,-0.0036893527778613837
2021-06-14,-0.002245220447976666
2021-06-15,-0.0018129024352544856
2021-06-16,-0.00977613139016727
2021-06-17,-0.009163497698478573
2021-06-18,-0.004460069025068421
2021-06-21,0.00778701654128222
2021-06-22,0.0009921656812957869
2021-06-23,-0.001286606776935928
2021-06-24,0.001713328980085249
2021-06-25,0.0015933386975944077
2021-06-28,0.0016964327818252223
2021-06-29,-0.0031489137924265074
2021-06-30,0.002418564935082375
2021-07-01,0.002753023089524224
2021-07-02,0.005947983551618
2021-07-06,0.002803274938332545
2021-07-07,0.003420985741501514
2021-07-08,-0.002076426882306433
2021-07-09,0.002984233671371276
2021-07-12,0.0006084972359741516
2021-07-13,-0.0017338783787171539
2021-07-14,0.005519353758762631
2021-07-15,0.0003221606463170343
2021-07-16,-0.005906165611475685
2021-07-19,-0.0016790626251220369
2021-07-20,0.003920603042504152
2021-07-21,-0.0004649191554650196
2021-07-22,0.002118114924168838
2021-07-23,0.001873561757135341
2021-07-26,-0.0002003469030758357
2021-07-27,0.000458672943227989
2021-07-28,0.0018287600391496313
2021-07-29,0.004065108975989218
2021-07-30,-0.0033106940190215832
2021-08-02,0.00035051122356044573
2021-08-03,0.002560610567698592
2021-08-04,-0.0016455945865775736
2021-08-05,-0.0004193673756212044
2021-08-06,-0.009733459264955353
2021-08-09,-0.006895069596214368
2021-08-10,-0.00011018918288633699
2021-08-11,0.0057949186616308435
2021-08-12,0.0007374816741923713
2021-08-13,0.007297706849617908
2021-08-16,0.0031869969054520255
2021-08-17,-0.0028537129740536793
2021-08-18,-0.003559074064021376
2021-08-19,0.000276990666352265
2021-08-20,0.002520669127629234
2021-08-23,0.0070766026561672
2021-08-24,-0.0005364164420942711
2021-08-25,-0.0029207864510920607
2021-08-26,-0.001589621921001094
2021-08-27,0.00907475864817216
2021-08-30,0.0004750118659625118
2021-08-31,-0.0004491880741206804
2021-09-01,0.00033907117802408254
2021-09-02,0.0005399553699908521
2021-09-03,0.00268805594934481
2021-09-07,-0.009030292960476305
2021-09-08,-0.0003256011011239698
2021-09-09,0.0009890237099166403
2021-09-10,-0.0053667894393666
2021-09-13,0.002369163880239518
2021-09-14,0.0016013507667299958
2021-09-15,0.0002616592240125932
2021-09-16,-0.009128133139600222
2021-09-17,-0.004745450819623964
2021-09-20,-0.001488493451302308
2021-09-21,0.0017089437422479112
2021-09-22,0.00232023827788604
2021-09-23,-0.0028156389257021357
2021-09-24,-0.0008841800449744066
2021-09-27,-0.0011526644481098338
2021-09-28,-0.011227122375056482
2021-09-29,-0.0005925220128680797
2021-09-30,0.0023236202797110397
2021-10-01,0.006073095162099529
2021-10-04,-0.0031429982804003953
2021-10-05,0.0008769947313182667
2021-10-06,0.002363431038071351
2021-10-07,-0.0002072183213832255
2021-10-08,-0.0011923527650306018
2021-10-11,-0.0038581579607595002
2021-10-12,0.0022027857994218283
2021-10-13,0.007770048866805324
2021-10-14,0.007205773961760956
2021-10-15,-0.0044088552655619315
2021-10-18,-0.0003051498218370844
2021-10-19,0.0024483425362284237
2021-10-20,0.004084515422815774
2021-10-21,-0.00030774895780505407
2021-10-22,0.0025440560969156216
2021-10-25,0.004501814738758103
2021-10-26,-0.0017572892050293774
2021-10-27,0.0012652025505777522
2021-10-28,0.0022664223076321872
2021-10-29,-0.0020140389540942807
2021-11-01,0.002287449599097583
2021-11-02,0.0014462818805600999
2021-11-03,-0.0017818374500469336
2021-11-04,0.007156789344388533
2021-11-05,0.007335545499694543
2021-11-08,4.138244238494049e-05
2021-11-09,0.002074403518716794
2021-11-10,-0.0019132684975002499
2021-11-11,0.0009004817715331608
2021-11-12,0.003846766006382488
2021-11-15,-0.001710409287475678
2021-11-16,-0.0013840766634020119
2021-11-17,0.003434129567325065
2021-11-18,0.00026616213556873713
2021-11-19,-0.002242719653658113
2021-11-22,-0.010849750586104859
2021-11-23,-0.00381599604715969
2021-11-24,0.0015984808652362106
2021-11-26,-0.0036708286451370142
2021-11-29,0.0028781114680721896
2021-11-30,-0.006728355913182364
2021-12-01,-0.0017450935133705623
2021-12-02,0.0025408977639793293
2021-12-03,0.0018630331603294672
2021-12-06,0.0014661535367969467
2021-12-07,0.006811190932817937
2021-12-08,-6.811166564646366e-06
2021-12-09,-0.003446689203709829
2021-12-10,0.004775700454414444
2021-12-13,-0.0005226582878594307
2021-12-14,-0.005982589033705854
2021-12-15,0.0061490205905994815
2021-12-16,0.0020635953922556825
2021-12-17,-0.003512536459971405
2021-12-20,-0.005242206585202913
2021-12-21,0.004457174001768223
2021-12-22,0.0067837526206275065
2021-12-23,0.0021331554629014553
2021-12-27,0.005622101933589659
2021-12-28,-0.001766893656172441
2021-12-29,-0.0013774481786052266
2021-12-30,0.0025746751441121
2021-12-31,0.0010607246790752534
2022-01-03,-0.006299489021813283
2022-01-04,0.002168557657942105
2022-01-05,-0.008808539426159482
2022-01-06,-0.005217595356541537
2022-01-07,-0.0008912162332292231
2022-01-10,0.0005099997432279253
2022-01-11,0.00785617512686835
2022-01-12,0.0018409982313596363
2022-01-13,-0.004663199552219019
2022-01-14,-0.003117080091676068
2022-01-18,-0.00897011866019226
2022-01-19,0.002637866379905447
2022-01-20,-0.0038079507489371758
2022-01-21,-0.005700729769428998
2022-01-24,0.002951743547813727
2022-01-25,-0.003447346967605883
2022-01-26,-0.008592481030907595
2022-01-27,-0.0045445410069352805
2022-01-28,0.008055676713913162
2022-01-31,0.007978516612666612
2022-02-01,0.0020793975348181912
2022-02-02,0.0051292993097931845
2022-02-03,-0.009730550876448658
2022-02-04,-0.0004765237168071016
2022-02-07,0.0014876396875506497
2022-02-08,0.002682666446563527
2022-02-09,0.006462578998684965
2022-02-10,-0.01031639786247455
2022-02-11,0.0032333293313238825
2022-02-14,-0.0016157039653392766
2022-02-15,0.0012123714252851867
2022-02-16,0.004498368537393012
2022-02-17,-0.0007808033993734753
2022-02-18,-0.0013205229983647144
2022-02-22,-0.0029106774881724937
2022-02-23,-0.006148907121028556
2022-02-24,0.003649652227757409
2022-02-25,0.006154223096156725
2022-02-28,0.00639072303739326
2022-03-01,0.004224336023740542
2022-03-02,-0.0023466137167484913
2022-03-03,0.0017610743225578984
2022-03-04,0.005908386471218163
2022-03-07,-0.006288085427612758
2022-03-08,0.004429841038937251
2022-03-09,-0.003024194375696159
2022-03-10,-0.001994939808810714
2022-03-11,-0.006671405563892452
2022-03-14,-0.011681533086001911
2022-03-15,0.0009421835059170158
2022-03-16,0.009020128244474734
2022-03-17,0.005157456961917124
2022-03-18,0.0017016985274661929
2022-03-21,-0.0018901169393313508
2022-03-22,-0.00034335309296340544
2022-03-23,0.0025021016874132345
2022-03-24,0.005589369790431231
2022-03-25,-0.0031584456863421595
2022-03-28,-0.0029427230033534832
2022-03-29,0.005934185687478166
2022-03-30,0.0019314692925523533
2022-03-31,-0.004379789376166528
2022-04-01,-0.0033478049983826823
2022-04-04,0.004252361633207006
2022-04-05,-0.010270737867136576
2022-04-06,-0.0037231396055334245
2022-04-07,0.0021154382314665003
2022-04-08,-0.0004902261902084426
2022-04-11,-0.005644593151742668
2022-04-12,0.002931835267926841
2022-04-13,0.006150034835462688
2022-04-14,-0.008253538242330475
2022-04-18,0.0002027584001570436
2022-04-19,-0.0018544405579896672
2022-04-20,0.003986991224453229
2022-04-21,-0.008010360692323673
2022-04-22,-0.012224684176739387
2022-04-25,-0.0019165237276154894
2022-04-26,-0.0069208566859186105
2022-04-27,-0.0034392496342364742
2022-04-28,0.009736337275282779
2022-04-29,-0.01412993734498528
2022-05-02,-0.006657089309562362
2022-05-03,0.002803649503849111
2022-05-04,0.015581101260680054
2022-05-05,-0.01646103805393469
2022-05-06,-0.0033392106966202793
2022-05-09,-0.013025911986802842
2022-05-10,-0.0009320527901158413
2022-05-11,-0.0005177575922813795
2022-05-12,-0.0043571556525300315
2022-05-13,0.003521171387069014
2022-05-16,0.0032239929621035905
2022-05-17,0.002240356194791348
2022-05-18,-0.010880564566699317
2022-05-19,0.004055107144425843
2022-05-20,0.0019261406164960968
2022-05-23,0.005764489565118769
2022-05-24,0.0028370144901896195
2022-05-25,0.0016076201832109964
2022-05-26,0.005884148288287131
2022-05-27,0.008836461876068642
2022-05-31,-0.008647877803712567
2022-06-01,-0.002449915741688365
2022-06-02,0.010938009030614666
2022-06-03,-0.009503311207669932
2022-06-06,-0.0029554894338339097
2022-06-07,0.0067128507798098385
2022-06-08,-0.005171904861223098
2022-06-09,-0.009283304524911882
2022-06-10,-0.00847096787834715
2022-06-13,-0.02738367814178599
2022-06-14,-0.0063337108905549
2022-06-15,0.013755128720928248
2022-06-16,-0.0051070574706425145
2022-06-17,-0.0019226522403657706
2022-06-21,0.005415751371373068
2022-06-22,0.004937567033591458
2022-06-23,0.003106847947260349
2022-06-24,0.009082978375510347
2022-06-27,-0.0035241141229801483
2022-06-28,-0.006929465781934245
2022-06-29,0.002154018667424484
2022-06-30,-0.0021726371688291684
2022-07-01,0.006821828615213002
2022-07-05,-0.0052134250050879976
2022-07-06,-0.006985782243028408
2022-07-07,0.003133333626420691
2022-07-08,-0.002154225131137906
2022-07-11,-0.002967241008747975
2022-07-12,-0.0034065008642390664
2022-07-13,0.0012758294816979099
2022-07-14,-0.007336994571859063
2022-07-15,0.006838121092831143
2022-07-18,-0.003411082638281271
2022-07-19,0.008272989190863464
2022-07-20,-0.0013364540542122325
2022-07-21,0.011893117407695126
2022-07-22,0.001556686263950372
2022-07-25,-0.0016915204723516597
2022-07-26,-0.004210397350322359
2022-07-27,0.012724292199420765
2022-07-28,0.011540676774831466
2022-07-29,0.0059234104093837114
2022-08-01,0.0028513969677779194
2022-08-02,-0.008787042906032234
2022-08-03,0.007408816529258066
2022-08-04,0.0069776048130415855
2022-08-05,-0.00913281630968273
2022-08-08,0.004399438688369598
2022-08-09,-0.0012955553547082665
2022-08-10,0.006356584067832015
2022-08-11,-0.003092322063683039
2022-08-12,0.01003268759451492
2022-08-15,-0.0018542357389527142
2022-08-16,-0.00031506360745440587
2022-08-17,-0.006768543002374838
2022-08-18,0.0007429079906029479
2022-08-19,-0.009789508305953338
2022-08-22,-0.010616960120070629
2022-08-23,0.0007070574153155893
2022-08-24,0.0009366365620027868
2022-08-25,0.007862557303495091
2022-08-26,-0.015725659301222862
2022-08-29,-0.0038940702624651324
2022-08-30,-0.006538052521531093
2022-08-31,-0.006492675767581834
2022-09-01,-0.0045339253452417365
2022-09-02,0.0012875057552432048
2022-09-06,-0.006918252157082712
2022-09-07,0.011557600352267494
2022-09-08,-0.0010547583521494095
2022-09-09,0.006973198156895676
2022-09-12,0.0044695226784038
2022-09-13,-0.020708437188477438
2022-09-14,0.00015809516466225304
2022-09-15,-0.011156381915613226
2022-09-16,-0.0004228074701128073
2022-09-19,0.00189589278084253
2022-09-20,-0.007794814687647866
2022-09-21,-0.002937470517525427
2022-09-22,-0.008017348738660926
2022-09-23,-0.010930126608204508
2022-09-26,-0.012718268090112006
2022-09-27,-0.0024432775623893788
2022-09-28,0.020995911368091535
2022-09-29,-0.008578852007693333
2022-09-30,-0.005998892462340273
2022-10-03,0.020859707742763023
2022-10-04,0.01579275313212003
2022-10-05,-0.005779190335442016
2022-10-06,-0.005650030085995035
2022-10-07,-0.014589610688210297
2022-10-10,-0.009572593555605505
2022-10-11,-0.0019518961931262269
2022-10-12,0.0017724404667814886
2022-10-13,0.0050889177901974145
2022-10-14,-0.013612716231749422
2022-10-17,0.009877996358894709
2022-10-18,0.005481034108975712
2022-10-19,-0.01031582646915315
2022-10-20,-0.005814533601877706
2022-10-21,0.014796116695976321
2022-10-24,0.002568279546068197
2022-10-25,0.010238977428186283
2022-10-26,0.0013087732129596352
2022-10-27,6.307668159784762e-05
2022-10-28,0.002813462835282647
2022-10-31,-0.006639709396414006
2022-11-01,0.0018823431119254035
2022-11-02,-0.011255792301920121
2022-11-03,-0.006154319496851893
2022-11-04,0.014317538540476791
2022-11-07,0.0006903435104495723
2022-11-08,0.01171826820852669
2022-11-09,-0.007401483435763153
2022-11-10,0.03594595360790808
2022-11-11,0.00473493584386997
2022-11-14,-0.002905312056469822
2022-11-15,0.006487810170585935
2022-11-16,-0.0008536355423181724
2022-11-17,-0.0057074158093170695
2022-11-18,-0.0019591740919423133
2022-11-21,-0.0032836167328845383
2022-11-22,0.006785307018176256
2022-11-23,0.005971706738967297
2022-11-25,0.00010882458616978674
2022-11-28,-0.007816280887163424
2022-11-29,-0.00033234442965553623
2022-11-30,0.017758358669079856
2022-12-01,0.0095238362946168
2022-12-02,-0.0008594943167549532
2022-12-05,-0.015093954594239048
2022-12-06,-0.0018450861837699213
2022-12-07,0.005362881906216995
2022-12-08,0.001008978498916309
2022-12-09,-0.00377707404003121
2022-12-12,0.0015753809711370375
2022-12-13,0.011218984600900539
2022-12-14,-0.002029233308941225
2022-12-15,-0.01295840920190594
2022-12-16,-0.0018753608592234623
2022-12-19,-0.006469968452899969
2022-12-20,0.00356785207740784
2022-12-21,0.004844050391811978
2022-12-22,-0.008886438731764534
2022-12-23,0.0014076159483532578
2022-12-27,-0.001295191918721553
2022-12-28,-0.006443564653645187
2022-12-29,0.009503013387066161
2022-12-30,-0.0007049067463515597
2023-01-03,0.0039972091213343885
2023-01-04,0.008265865034407996
2023-01-05,-0.008434570669264119
2023-01-06,0.018169535244725605
2023-01-09,0.0014065345237778506
2023-01-10,0.0014676597791485706
2023-01-11,0.006129623490153076
2023-01-12,0.008043335166910765
2023-01-13,0.00351849339426058
2023-01-17,-0.0038360895760377227
2023-01-18,-0.0016935298476988818
2023-01-19,0.0022297620649014416
2023-01-20,0.002894003120943789
2023-01-23,0.0035562219718274775
2023-01-24,0.0027704854057580457
2023-01-25,0.0020283705842518707
2023-01-26,-0.0005607233840704269
2023-01-27,-0.00020258723248996657
2023-01-30,-0.006081381220829832
2023-01-31,0.007801448899862043
2023-02-01,0.01013914696867313
2023-02-02,-0.002198834150861085
2023-02-03,-0.015440756572681881
2023-02-06,-0.004218897282818397
2023-02-07,0.003847987803450858
2023-02-08,-0.001590348859205097
2023-02-09,-0.007025937908287575
2023-02-10,-0.00019435567647670582
2023-02-13,0.0030118406803245996
2023-02-14,-0.001411339117961985
2023-02-15,-0.0032383349199465914
2023-02-16,-0.005968294733199707
2023-02-17,0.001098905779787033
2023-02-21,-0.011562978445664117
2023-02-22,-0.0017405646932369123
2023-02-23,0.0028872154432048416
2023-02-24,-0.007974934014090218
2023-02-27,0.0034561769463451832
2023-02-28,0.0008096457679680481
2023-03-01,-0.0020193628305453792
2023-03-02,0.0010257384124436886
2023-03-03,0.01160360357441285
2023-03-06,-0.002045624520766213
2023-03-07,-0.010901392888369072
2023-03-08,0.0002805984021986656
2023-03-09,-0.0007960847180065174
2023-03-10,0.00851626473452764
2023-03-13,0.011215640104676053
2023-03-14,0.00043276705068569644
2023-03-15,0.005333162855682378
2023-03-16,0.0035248224182179433
2023-03-17,0.009750629426236094
2023-03-20,0.0019889283106059308
2023-03-21,-0.004814520080546725
2023-03-22,0.004379083202636099
2023-03-23,0.006994053726313934
2023-03-24,-0.0014632070649080267
2023-03-27,-0.006566871759642878
2023-03-28,0.0017787963916099752
2023-03-29,0.0026166742991469514
2023-03-30,0.005472802940235777
2023-03-31,0.004786845794513088
2023-04-03,0.005241748399475998
2023-04-04,0.006510714191030997
2023-04-05,0.00026091044344330356
2023-04-06,-0.0009781081912571359
2023-04-10,-0.005408883460768102
2023-04-11,0.0020625010907196666
2023-04-12,0.0012417059926187097
2023-04-13,0.007829952705593574
2023-04-14,-0.008360775094376974
2023-04-17,-0.002411456555305576
2023-04-18,0.0020537276234237436
2023-04-19,-0.002360190818313771
2023-04-20,0.0014276543307198224
2023-04-21,-0.0038464556783625405
2023-04-24,0.002983982184469787
2023-04-25,-0.00029782659150638137
2023-04-26,-0.0045239021945541556
2023-04-27,0.004479505862463706
2023-04-28,0.005427128030651929
2023-05-01,-0.00575698366248556
2023-05-02,0.0070253245528911394
2023-05-03,0.0027138185621949917
2023-05-04,-8.324703748585627e-05
2023-05-05,-0.0008410947975670355
2023-05-08,-0.0015417731704802833
2023-05-09,0.0004965554052063224
2023-05-10,0.0035739958556687173
2023-05-11,-0.0022051924727135574
2023-05-12,-0.003005411975300798
2023-05-15,0.001126476347059313
2023-05-16,-0.007468709328458111
2023-05-17,0.0018141481754420095
2023-05-18,-0.003175292938633611
2023-05-19,0.0015562150416081517
2023-05-22,-0.0012597545280634466
2023-05-23,-0.002793496590236274
2023-05-24,-0.005958115132772186
2023-05-25,-0.002407805003243076
2023-05-26,0.00626893366166518
2023-05-30,0.00480396742204281
2023-05-31,-7.310627736682284e-05
2023-06-01,0.006726459960380978
2023-06-02,-0.002745721648868771
2023-06-05,0.0012653606050856783
2023-06-06,0.001297308736567452
2023-06-07,-0.007587170409260305
2023-06-08,0.008662015807961923
2023-06-09,-0.0014959720791615967
2023-06-12,0.0032812709937645548
2023-06-13,-0.0026269059251665303
2023-06-14,0.0010310048947663
2023-06-15,0.009065660155227102
2023-06-16,-0.003087493372444294
2023-06-20,-0.004181798090610441
2023-06-21,-0.0018812438943347127
2023-06-22,-0.003987676516889434
2023-06-23,-0.00022193409938394337
2023-06-26,4.182695134261993e-05
2023-06-27,0.0009589356292386184
2023-06-28,0.0007391606004965765
2023-06-29,-0.002466184097762262
2023-06-30,0.00688096915361965
2023-07-03,-0.0006883169666477653
2023-07-05,-0.003270454375237504
2023-07-06,-0.006326521221928597
2023-07-07,0.0012365471436696827
2023-07-10,0.002831560270665815
2023-07-11,0.004073237353981277
2023-07-12,0.01044928218633756
2023-07-13,0.00565570872137111
2023-07-14,-0.0029192195763822664
2023-07-17,0.001948852120018459
2023-07-18,0.006674780586576186
2023-07-19,0.001932067589014282
2023-07-20,-0.006541748350460175
2023-07-21,-0.0007447412285708961
2023-07-24,-0.0007331945793957647
2023-07-25,0.0021423379646754075
2023-07-26,0.002823193101837207
2023-07-27,-0.011079482140399888
2023-07-28,0.0070079050833301935
2023-07-31,0.0019513149337320916
2023-08-01,-0.006356517616934712
2023-08-02,-0.006892539628690445
2023-08-03,-0.003529339344719736
2023-08-04,0.0032435013914788127
2023-08-07,0.0013443800437586604
2023-08-08,-0.0018758123350809028
2023-08-09,-0.003604606015082242
2023-08-10,-0.00278829118025851
2023-08-11,-0.0019556611742077195
2023-08-14,0.0002953322455649572
2023-08-15,-0.005406210163243386
2023-08-16,-0.005650690995019247
2023-08-17,-0.003480694798001171
2023-08-18,0.001217647112139527
2023-08-21,0.0010157509281321087
2023-08-22,-0.00020961122184426373
2023-08-23,0.010718489692419952
2023-08-24,-0.00593495088346189
2023-08-25,0.0018122641065966283
2023-08-28,0.003995920550911321
2023-08-29,0.010451487738101301
2023-08-30,0.0021716362362288093
2023-08-31,-0.0003730034921692512
2023-09-01,-0.0012491827349974483
2023-09-05,-0.006182766170230132
2023-09-06,-0.004608764085091513
2023-09-07,0.00047749420862878506
2023-09-08,0.0006857949682583797
2023-09-11,0.002239577032532118
2023-09-12,-0.0030832219352672956
2023-09-13,1.0922241741040395e-05
2023-09-14,0.002295573190211786
2023-09-15,-0.0028499850220357788
2023-09-18,0.002480191733150949
2023-09-19,-0.002223407813587245
2023-09-20,-0.003073997334675985
2023-09-21,-0.010404901855633364
2023-09-22,0.001620939001875802
2023-09-25,-0.0027671529570082085
2023-09-26,-0.007669850544073912
2023-09-27,-0.005479046140261401
2023-09-28,0.0011793041216000555
2023-09-29,-0.00416130743140893
2023-10-02,-0.006335851999583234
2023-10-03,-0.008183974687965648
2023-10-04,0.004502378600824364
2023-10-05,-0.0001099124446722517
2023-10-06,0.003725262790515253
2023-10-09,0.012518564768708199
2023-10-10,0.0005177798491079465
2023-10-11,0.005630524840341655
2023-10-12,-0.006253046451294948
2023-10-13,0.011188216525853667
2023-10-16,-8.725148919038373e-05
2023-10-17,-0.002668052735812313
2023-10-18,-0.0011770037400659437
2023-10-19,-0.00047814046816208045
2023-10-20,-0.0012370957789583263
2023-10-23,-0.00013862581607545143
2023-10-24,0.0030699620906781133
2023-10-25,-0.00630551344277952
2023-10-26,-0.0009258931149634195
2023-10-27,0.0028845145791794495
2023-10-30,0.0009949505190282406
2023-10-31,-0.00043093288622190573
2023-11-01,0.006343943901702528
2023-11-02,0.0095617131316074
2023-11-03,0.006820285882369233
2023-11-06,-0.0037588190615220154
2023-11-07,0.0014697075668016848
2023-11-08,-0.001732339602993645
2023-11-09,-0.0045693813115555235
2023-11-10,0.001931097933508319
2023-11-13,0.00135628610314531
2023-11-14,0.014451231800851836
2023-11-15,-0.002767535015760103
2023-11-16,0.006675680790098282
2023-11-17,0.0005946994242794398
2023-11-20,0.002489721768976549
2023-11-21,0.0033045004435690397
2023-11-22,-0.0002416105414516645
2023-11-24,0.0002138837574966468
2023-11-27,0.004174440827488597
2023-11-28,0.006244030366465332
2023-11-29,0.002007851478896261
2023-11-30,-0.001710279591069434
2023-12-01,0.010874077899390988
2023-12-04,-0.010336615724478488
2023-12-05,0.0010236808293548523
2023-12-06,0.0012640850672304136
2023-12-07,0.002600864934789837
2023-12-08,-0.005164113759137501
2023-12-11,-0.0023489397531095317
2023-12-12,0.002050354096406082
2023-12-13,0.01707363530685746
2023-12-14,0.0057949068259374546
2023-12-15,-0.003881992701095497
2023-12-18,0.0026610657578161057
2023-12-19,0.004924585377948709
2023-12-20,-0.004801812711664133
2023-12-21,0.004999059560334307
2023-12-22,0.0018364637255908387
2023-12-26,0.004155663353859973
2023-12-27,0.0047126738506402255
2023-12-28,-0.003083996192178954
2023-12-29,-0.0023151565584694778
2024-01-02,-0.0038949928244446834
2024-01-03,-0.0047028772513741934
2024-01-04,-0.0027472015751933694
2024-01-05,-0.0007100984038575693
2024-01-08,0.0032721492314900695
2024-01-09,-0.0005384831869109652
2024-01-10,0.0005994394905481926
2024-01-11,0.0022916971700019198
2024-01-12,0.004398755266428707
2024-01-16,-0.0070884809197976715
2024-01-17,-0.006607474320060591
2024-01-18,0.004972840955294636
2024-01-19,0.005186840075498189
2024-01-22,0.00046346919812556564
2024-01-23,0.0014319142714586488
2024-01-24,-0.0033321081178764676
2024-01-25,0.004579153489256971
2024-01-26,-0.0012507265580297502
2024-01-29,0.0069935868738021
2024-01-30,0.0006558871528456651
2024-01-31,-0.00289886664732597
2024-02-01,0.009894181577286165
2024-02-02,-0.003979894053996902
2024-02-05,-0.006295785295663362
2024-02-06,0.004505852583453669
2024-02-07,0.0020961037964102314
2024-02-08,-0.001241378244992338
2024-02-09,3.572466311059985e-05
2024-02-12,-0.0006994559332732888
2024-02-13,-0.012852527485067081
2024-02-14,0.004077714956099024
2024-02-15,0.005464210358401944
2024-02-16,-0.0018907159072408808
2024-02-20,0.0007552189468092996
2024-02-21,-0.0007451957464230663
2024-02-22,0.007076324847914649
2024-02-23,0.003644869534031351
2024-02-26,-0.002459250775569114
2024-02-27,-0.0004805227564174489
2024-02-28,0.0013718620396243608
2024-02-29,0.003588656646450472
2024-03-01,0.010954818633026608
2024-03-04,0.004292679746365269
2024-03-05,0.0007278972025818544
2024-03-06,0.00523650783473073
2024-03-07,0.0057648575744218
2024-03-08,0.0010620178548898336
2024-03-11,-9.501293573913972e-05
2024-03-12,-0.0014278623430720914
2024-03-13,0.0010742678795460092
2024-03-14,-0.00451958874321956
2024-03-15,-0.003922170814157503
2024-03-18,0.0021235945365648545
2024-03-19,0.0024312334618063294
2024-03-20,0.007835479267409795
2024-03-21,0.0007907333777824598
2024-03-22,-0.001674970983025936
2024-03-25,-0.0007379549483865024
2024-03-26,0.00095735345140698
2024-03-27,0.006486191269850098
2024-03-28,0.00391968112415512
2024-04-01,-0.00019331362063349867
2024-04-02,0.002092013782981406
2024-04-03,0.0036831246172229397
2024-04-04,-0.004838774908841104
2024-04-05,0.006982840654425929
2024-04-08,0.0015111055932395625
2024-04-09,0.003545149048301388
2024-04-10,-0.010922510383259088
2024-04-11,0.00852260457363892
2024-04-12,-0.0076361366896019085
2024-04-15,-6.682701012261649e-05
2024-04-16,-0.0015090131723812053
2024-04-17,-0.0023126969435077376
2024-04-18,-0.0007074703308862507
2024-04-19,-0.0014291005853787804
2024-04-22,-0.005128113985868061
2024-04-23,0.003571972964471315
2024-04-24,-0.001794240380217693
2024-04-25,-0.0005522787316827316
2024-04-26,0.005152002222024535
2024-04-29,0.0018515538709208783
2024-04-30,-0.013486546523601373
2024-05-01,0.0032584177159595456
2024-05-02,0.0036548908961886823
2024-05-03,0.00571469022158133
2024-05-06,0.007236916237510993
2024-05-07,-0.0003012545918261722
2024-05-08,-0.0018822156824205663
2024-05-09,0.00818895543923226
2024-05-10,0.002056003958178657
2024-05-13,-0.00329285178578557
2024-05-14,0.005321936477308942
2024-05-15,0.01091947588616519
2024-05-16,-0.0026248892968423476
2024-05-17,0.004943449794758173
2024-05-20,0.0012241327240554156
2024-05-21,0.0011881901698220045
2024-05-22,-0.0075136478688070385
2024-05-23,-0.010264405990396314
2024-05-24,0.002945657366035211
2024-05-28,0.0018710554943569548
2024-05-29,-0.007059398645662776
2024-05-30,8.927318000277273e-05
2024-05-31,0.002633028864079271
2024-06-03,0.005427663886225176
2024-06-04,-0.0007944127339168201
2024-06-05,0.009120549852286015
2024-06-06,0.0023156895741799723
2024-06-07,-0.01581252198570774
2024-06-10,0.0033686991665354085
2024-06-11,0.0035160343898156623
2024-06-12,0.005483988515507576
2024-06-13,0.000158605127297188
2024-06-14,0.005299676445541375
2024-06-17,-0.0006279733800683327
2024-06-18,0.003634005277517079
2024-06-20,0.002410137466529109
2024-06-21,-0.005540743789999839
2024-06-24,0.0005182215008491253
2024-06-25,-8.803298866585018e-05
2024-06-26,-0.004670326882506755
2024-06-27,0.005049574322551967
2024-06-28,-0.0030508471860726245
2024-07-01,-0.0009271630511800875
2024-07-02,0.0034866937407010226
2024-07-03,0.007466946830581911
2024-07-05,0.008268807299670906
2024-07-08,-0.003643125051435195
2024-07-09,0.00042933582719550945
2024-07-10,0.004837392304143076
2024-07-11,0.00516134283274731
2024-07-12,0.002597013449853302
2024-07-15,0.0009392288383635778
2024-07-16,0.010097701675193155
2024-07-17,-0.005940941296152746
2024-07-18,-0.0056345388646292785
2024-07-19,-0.009246781282152838
2024-07-22,0.0032248092636690813
2024-07-23,0.0008962691436504115
2024-07-24,-0.009462577445663034
2024-07-25,-0.00620971227272075
2024-07-26,0.008830898280699346
2024-07-29,0.0002889670127081226
2024-07-30,0.0023402228328058454
2024-07-31,0.013901692803109118
2024-08-01,-0.004444633761295558
2024-08-02,-0.0016775948024852312
2024-08-05,-0.01359727077569676
2024-08-06,-0.0025595600466512916
2024-08-07,-0.0036583947188533563
2024-08-08,0.011934002550898382
2024-08-09,0.0036386299675506733
2024-08-12,0.006821215527978245
2024-08-13,0.006449838804333214
2024-08-14,-0.001222046229888048
2024-08-15,0.00467398802429749
2024-08-16,0.008863825512018808
2024-08-19,0.003087486906974505
2024-08-20,0.002018655256542027
2024-08-21,0.001384138867568126
2024-08-22,-0.008141753504252872
2024-08-23,0.008933940396613474
2024-08-26,-0.00014055088449297748
2024-08-27,0.0012234262694043783
2024-08-28,-0.00444808141450311
2024-08-29,0.0011750648532447374
2024-08-30,-0.0003567224666571889
2024-09-03,-0.006103522038549544
2024-09-04,0.0014707195877901407
2024-09-05,0.0027491218688039014
2024-09-06,-0.007602524109119805
2024-09-09,0.005608436768941072
2024-09-10,0.004341384341327877
2024-09-11,0.002653573368303519
2024-09-12,0.008123962747830707
2024-09-13,0.005697175739461713
2024-09-16,0.0013408840131009143
2024-09-17,-0.00231271769342715
2024-09-18,-0.005007111198915282
2024-09-19,0.010597773203295208
2024-09-20,0.003559105058447402
2024-09-23,0.0012765837871550425
2024-09-24,0.0059827605130779995
2024-09-25,-0.0025496469057207927
2024-09-26,0.0027791591619795346
2024-09-27,-0.0018022147844386862
2024-09-30,-0.0022453525806874026
2024-10-01,0.001723818669772744
2024-10-02,-0.0007418760949847355
2024-10-03,-0.0025423218400377383
2024-10-04,-0.0008529431709176267
2024-10-07,-0.0053520970425915415
2024-10-08,0.0009727109655879307
2024-10-09,-0.0007540887970108878
2024-10-10,0.0018294899960990727
2024-10-11,0.005738334623792103
2024-10-14,0.0015918176012130376
2024-10-15,0.000272983047672019
2024-10-16,0.0036359922493875243
2024-10-17,0.0002944710852336534
2024-10-18,0.005204308106008915
2024-10-21,-0.003184888371555949
2024-10-22,0.0031036468335489493
2024-10-23,-0.007833716439430389
2024-10-24,0.004023138312882442
2024-10-25,-0.00016566618109007758
2024-10-28,0.0002707289511986917
2024-10-29,0.004312131820948029
2024-10-30,0.0003341735133178443
2024-10-31,-0.01187584596363937
2024-11-01,-0.0019345887967419095
2024-11-04,0.0015365911060403192
2024-11-05,0.004959291469608754
2024-11-06,-0.005272102386866817
2024-11-07,0.010617103761758024
2024-11-08,-0.00010337271028800377
2024-11-11,-0.008426118517652218
2024-11-12,-0.006006146019212862
2024-11-13,-0.003412899950867983
2024-11-14,-0.003048682668941834
2024-11-15,-0.00471738486663531
2024-11-18,0.008456004328060002
2024-11-19,0.004917848127724851
2024-11-20,0.00149233302543339
2024-11-21,0.0043911681027056036
2024-11-22,0.005544368213058999
2024-11-25,-0.005092083148307632
2024-11-26,0.0016819779778583324
2024-11-27,0.0010725360773513604
2024-11-29,0.006352090689213311
2024-12-02,-0.0023487519494700404
2024-12-03,-0.00012290104193298423
2024-12-04,0.004349347323344022
2024-12-05,-0.0030495724932743475
2024-12-06,0.001808301040762942
2024-12-09,0.0004355312109984486
2024-12-10,0.002754781893723061
2024-12-11,0.004769979353478004
2024-12-12,-0.007875391363876752
2024-12-13,-0.005654855614114496
2024-12-16,0.0023351513761817135
2024-12-17,-0.002652906286041904
2024-12-18,-0.01890603712798788
2024-12-19,-0.0011389786986630104
2024-12-20,0.008710049992682434
2024-12-23,-0.0010492518852832271
2024-12-24,0.004549644846084666
2024-12-26,0.0025255713441811136
2024-12-27,-0.006665388309069005
2024-12-30,-0.0029123760303747526
2024-12-31,0.0002533169757957068
2025-01-02,0.0038905618826531314
2025-01-03,0.001005845474514655
2025-01-06,0.0011846905625862623
2025-01-07,-0.003407683656490505
2025-01-08,0.0028395917121470937
2025-01-10,-0.004330426069221849
2025-01-13,-0.0033843202150328393
2025-01-14,0.00231813916273819
2025-01-15,0.012068471152531846
2025-01-16,0.0024582759767106666
2025-01-17,0.0018301148661187627
2025-01-21,0.009330645728000167
2025-01-22,0.002723349017151766
2025-01-23,0.0004830771954022669
2025-01-24,0.0017861694872269847
2025-01-27,-0.006020672716271972
2025-01-28,0.005785344848646604
2025-01-29,-0.003168284114191492
2025-01-30,0.00755464928646532
2025-01-31,-0.0016518975276083034
2025-02-03,-0.00022669664021938486
2025-02-04,0.006345067183072113
2025-02-05,0.005356383390437165
2025-02-06,-0.00011682038170353804
2025-02-07,-0.0035622129340190005
2025-02-10,0.007838364148033183
2025-02-11,-0.001822845566710196
2025-02-12,-0.003021719041871799
2025-02-13,0.009300291531440777
2025-02-14,-0.0035747728835874666
2025-02-18,0.004712974625632767
2025-02-19,0.0015083971331309638
2025-02-20,-0.0005332626456615586
2025-02-21,-0.004040976793474667
2025-02-24,0.0010044589179954988
2025-02-25,-0.0034272952015485343
2025-02-26,0.0015928493924729132
2025-02-27,-0.010786941894169694
2025-02-28,0.004941597438080277
2025-03-03,-0.0002365257164301431
2025-03-04,-0.0020947659265040013
2025-03-05,0.0024184752689392353
2025-03-06,-0.007786988350159044
2025-03-07,0.0016190203353552146
2025-03-10,-0.009466466400578131
2025-03-11,-5.4190342868390765e-05
2025-03-12,0.0022324547376989523
2025-03-13,0.0028165068489509246
2025-03-14,0.005858328925876122
2025-03-17,0.0046572239870146985
2025-03-18,0.0006756440305369558
2025-03-19,0.006020574498704374
2025-03-20,-0.0008993561632264502
2025-03-21,-0.0028537552979980654
2025-03-24,0.0025559420563549726
2025-03-25,0.002832628142281024
2025-03-26,-0.005029698478694611
2025-03-27,0.0033009127837574
2025-03-28,-0.0015565052560718353
2025-03-31,0.008006831445984536
2025-04-01,0.0014532150564030564
2025-04-02,0.0024789306566080915
2025-04-03,-0.015012398620818377
2025-04-04,-0.026376988408988018
2025-04-07,-0.011725661684002537
2025-04-08,-0.0050832045557530625
2025-04-09,0.04628344544984142
2025-04-10,-0.008543485037067512
2025-04-11,0.010431273209516423
2025-04-14,0.004005393178525737
2025-04-15,0.001800516802343314
2025-04-16,0.004883258375033116
2025-04-17,-0.0019357969645690623
2025-04-21,0.0005820552502060119
2025-04-22,0.004188452344968858
2025-04-23,-0.0024739669249275167
2025-04-24,0.01367033502365489
2025-04-25,5.977744446405975e-05
2025-04-28,0.006204891856109728
2025-04-29,4.194893330995882e-06
2025-04-30,-0.0018405944663354066
2025-05-01,-0.006013319592458988
2025-05-02,0.003293166463650077
2025-05-05,0.007446102432083471
2025-05-06,0.007401488184938318
2025-05-07,-0.00271651060857007
2025-05-08,-0.006838117760990821
2025-05-09,0.0022410242165628773
2025-05-12,-0.0005008045272583504
2025-05-13,0.0033720351223692395
2025-05-14,-0.007831898659520312
2025-05-15,0.00912809311145842
2025-05-16,-0.0018112414540919501
2025-05-19,0.004480771664212087
2025-05-20,0.004660783074585617
2025-05-21,-0.005467240493505221
2025-05-22,-0.0015698020262104133
2025-05-23,0.005989337778931439
2025-05-27,0.0026669051064445917
2025-05-28,-0.003604175559522304
2025-05-29,0.004675095135507901
2025-05-30,-0.0015752096524315193
2025-06-02,0.009606344451226915
2025-06-03,-0.0013703170854411821
2025-06-04,0.004508422485492139
2025-06-05,-0.004281340619887089
2025-06-06,-0.003701282165343452
2025-06-09,0.0024791867221046386
2025-06-10,0.0025571494921085383
2025-06-11,0.0022387122606746246
2025-06-12,0.006915237440835146
2025-06-13,-0.0005926280811905018
2025-06-16,-0.002536080953633927
2025-06-17,-0.0010465090406239401
2025-06-18,-0.0016338069726195004
2025-06-20,-0.0007108289903176023
2025-06-23,0.00547619583915293
2025-06-24,-0.0003984673097174509
2025-06-25,0.0013391206454097153
2025-06-26,0.0034280961836793407
2025-06-27,-0.005256399508580774
2025-06-30,0.0069164299932444875
2025-07-01,0.0022485013220232553
2025-07-02,0.0026539790881907237
2025-07-03,-0.0008039529692261587
2025-07-07,-0.003289784276481004
2025-07-08,-0.004157736094476561
2025-07-09,0.0052209681422843435
2025-07-10,0.0015063378890396808
2025-07-11,0.0004808786863204446
2025-07-14,-0.0007237011063748372
2025-07-15,-0.004117855455425608
2025-07-16,0.003700037689595999
2025-07-17,0.0012091713089538159
2025-07-18,0.0015434808735419099
2025-07-21,0.006920689366683552
2025-07-22,0.004159418138680593
2025-07-23,-0.0024909014542107513
2025-07-24,-0.0024221244832306845
2025-07-25,-0.0008992845463800339
2025-07-28,-0.002980466364705873
2025-07-29,0.002223854376668351
2025-07-30,-0.007333725811176491
2025-07-31,0.0012460142743813498
2025-08-01,0.005140618214939312
2025-08-04,0.007460563475310063
2025-08-05,-0.0016654594198587391
2025-08-06,0.0016025197843468897
2025-08-07,0.002289551959231935
2025-08-08,0.001757495809673252
2025-08-11,-0.005345864584489897
2025-08-12,0.0031763363154125868
2025-08-13,0.0033455948999109677
2025-08-14,-0.0031613383504025165
2025-08-15,-0.0012488551423755303
2025-08-18,-0.0009080140010015632
2025-08-19,-0.0027919716897151226
2025-08-20,0.0029777048291638555
2025-08-21,-0.003471031717122375
2025-08-22,0.01054269406557425
2025-08-25,-0.002933255342988568
2025-08-26,0.0046881732295160905
2025-08-27,0.002058581950069878
2025-08-28,0.004417285323454312
2025-08-29,0.000951595616493532
2025-09-02,0.004416017480929752
2025-09-03,0.005568362507126482
2025-09-04,0.0028077756411009442
2025-09-05,0.005109936131479809
2025-09-08,0.005648232422320228
2025-09-09,-0.0007757444523850039
2025-09-10,0.003055825830779494
2025-09-11,0.0027878512524463677
2025-09-12,-0.00041398944069796317
2025-09-15,0.005792844907061445
2025-09-16,0.0004157343764184714
2025-09-17,-0.003706010226035931
2025-09-18,-0.0008777370022755582
2025-09-19,0.00504880604029471
2025-09-22,0.006793918945502816
2025-09-23,0.00048051699641223533
2025-09-24,-0.004977470129346462
2025-09-25,-0.000874911009176508
2025-09-26,0.0036606451646340092
2025-09-29,0.007405635355387444
2025-09-30,0.00396411677693668
2025-10-01,0.002784037129800021
2025-10-02,-0.0004315345248659952
2025-10-03,0.002017038204408498
2025-10-06,0.006509078942053437
2025-10-07,0.001316332927505918
2025-10-08,0.007553764721271486
2025-10-09,-0.0073586052853669886
2025-10-10,-0.00356683653509208
2025-10-13,0.013387107915172836
2025-10-14,0.002832598860875131
2025-10-15,0.00688010177560061
2025-10-16,0.007070455943716653
2025-10-17,-0.004926878709415217
2025-10-20,0.016045673229190927
2025-10-21,-0.020812684990602588
2025-10-22,-0.0016293118058796259
2025-10-23,0.002219171756585629
2025-10-24,0.0019145830665535655
2025-10-27,-0.005347258379101364
2025-10-28,-0.0011956704490347545
2025-10-29,-0.0032543857642272447
2025-10-30,0.0023999229397336412
2025-10-31,-0.0005790157455113723
2025-11-03,0.0010643047553422862
2025-11-04,-0.009375651609153138
2025-11-05,0.0034229673714173403
2025-11-06,-0.0022781143626241134
2025-11-07,0.0025058283860103594
2025-11-10,0.013866975314609453
2025-11-11,0.003111312542248168
2025-11-12,0.005624537450036622
2025-11-13,-0.00918908714605382
2025-11-14,-0.006622674607402512
2025-11-17,-0.006546549176601763
2025-11-18,0.00017484174661301167
2025-11-19,0.0015896191019816317
2025-11-20,-0.004385191086248796
2025-11-21,0.00390571673486817
2025-11-24,0.010702080195506891
2025-11-25,0.003886157912993959
2025-11-26,0.005240520534758023
2025-11-28,0.0053807629496927705
2025-12-01,-0.0017046909862076243
2025-12-02,-0.0012534988621156389
2025-12-03,0.0015332967451962367
2025-12-04,-0.0005721620864243733
2025-12-05,-0.00065058551404229
2025-12-08,-0.002572308661219972
2025-12-09,0.0009400246291909609
2025-12-10,0.004705349956678483
2025-12-11,0.004400145028174911
2025-12-12,-0.0026176879965055244
2025-12-15,7.706710705301933e-05
2025-12-16,9.992727644251667e-05
2025-12-17,-0.0008742373298303483
2025-12-18,0.002779480951958531
2025-12-19,0.0026475323346826602
2025-12-22,0.009424152356376465
2025-12-23,0.00580220448242208
2025-12-24,0.0006616743434251227
2025-12-26,0.004169839468231388
2025-12-29,-0.01521341052501557
2025-12-30,-0.0005096470297860645
2025-12-31,-0.005731253219989277
