Date,SPY,IEF,GLD
2010-01-04,,,
2010-01-05,0.002647695723545729,0.004390813641021563,-0.0009108023746452476
2010-01-06,0.0007038098578002749,-0.004035316258145238,0.01649959196299955
2010-01-07,0.004221597313180725,0.0,-0.006187807624317809
2010-01-08,0.003327663979886042,0.001238293447596961,0.0049630306196752905
2010-01-11,0.0013964277148339477,0.0006738674672945866,0.013288997854356888
2010-01-12,-0.009325910836297968,0.007189828807987686,-0.020912721685971247
2010-01-13,0.008445825768753856,-0.004795704984317695,0.00950315025847348
2010-01-14,0.0027044100828241824,0.004706801502664115,0.004393023666376061
2010-01-15,-0.011223958914745702,0.004462148120758513,-0.01044361493969348
2010-01-19,0.012495912495237738,-0.0017776244160468968,0.005953418988644765
2010-01-20,-0.010168899402244413,0.003449023427532838,-0.023134812404252192
2010-01-21,-0.019229308882336316,0.003658723778790396,-0.014411599592799917
2010-01-22,-0.022291741771300666,0.000883421795718986,-0.001862760291706178
2010-01-25,0.005127843177487934,-0.002206943869607181,0.002892648999578862
2010-01-26,-0.0041908673735759905,0.001990784689031244,0.0007442705541653716
2010-01-27,0.004757480710552597,-0.0023185630613484776,-0.009576039444736839
2010-01-28,-0.011472141677426606,-0.00033151671149256323,-0.0004693083914030227
2010-01-29,-0.01086904426853108,0.0038740836644195475,-0.004883586176437471
2010-02-01,0.01555095512812632,-0.003429356040819065,0.02255567582388429
2010-02-02,0.01210337544891682,0.0016648270117241015,0.007198881313165595
2010-02-03,-0.0049825410088557565,-0.004765332110277409,-0.003940257637661482
2010-02-04,-0.03086618667429175,0.008239850405018956,-0.03983435439949368
2010-02-05,0.0020668671873596,0.0032027861167882588,0.002970178695371306
2010-02-08,-0.007218826667745204,-0.0008798830447456218,-0.006113864996012963
2010-02-09,0.012559740709103373,-0.005399959037456159,0.01316803858637372
2010-02-10,-0.0019580116342274856,-0.0027687075538320727,-0.002751170718643836
2010-02-11,0.010465954409082157,-0.0012221721805807384,0.01912095181048934
2010-02-12,-0.0008326393096704798,0.0023355473800363846,-0.0008400666498452614
2010-02-16,0.015735491515178834,0.0022188863389036584,0.02410315591356138
2010-02-17,0.004737998757487594,-0.00531462094097368,-0.0033753214496574646
2010-02-18,0.005895752117506703,-0.0035615573452151272,0.006681952923877299
2010-02-19,0.002073434133233132,0.000558952286314307,-0.004637226047132237
2010-02-22,0.00018000954041363926,-0.0007812639236960406,-0.0036539830220012615
2010-02-23,-0.012144640557504305,0.007596633407934927,-0.010818743086801086
2010-02-24,0.009197650952884162,0.0005550467746717747,-0.004912399502225995
2010-02-25,-0.0013534625838441672,0.003656751826696114,0.008848704758209536
2010-02-26,0.0006322933116762464,0.0015465531856140302,0.010340714355349556
2010-03-01,0.010384936391052868,0.0010390918445211117,0.0
2010-03-02,0.002770303038498234,0.0005519040014172472,0.01452980291927708
2010-03-03,0.0008915447030171109,-0.0009929894382366689,0.005494511158316229
2010-03-04,0.003027459513862407,0.0017670079494827018,-0.007166491463286184
2010-03-05,0.014293033228583996,-0.004742029008915405,-0.00018049510178119732
2010-03-08,0.0001755569436663329,-0.0026597647692924165,-0.0083927472761115
2010-03-09,0.001662667229566983,0.0025559135363073526,-0.0014560978951048131
2010-03-10,0.00445562541129263,-0.0016627521148048219,-0.011392635673468599
2010-03-11,0.004175063876592278,-0.0008881221088460345,0.0011984627266063974
2010-03-12,8.642331360975142e-05,0.001557166962025347,-0.0059852811695368935
2010-03-15,0.0002600444032236915,0.0,0.003798088686430834
2010-03-16,0.007966071478836989,0.0038819417093343134,0.01882614344810607
2010-03-17,0.005927204299299937,0.0012150057501281175,-0.0073370034129791595
2010-03-18,-0.0005125429410762772,-0.002648400428593267,0.006843690346403308
2010-03-19,-0.005061413099161083,-0.0013285453070415176,-0.018669545286964517
2010-03-22,0.0053460537386558205,0.003324214186674501,-0.004894706180937014
2010-03-23,0.0070329124128689635,-0.0020978231347619225,0.005290020369598247
2010-03-24,-0.004854552881926821,-0.009961908687804222,-0.01864841810152762
2010-03-25,-0.0016263105397452682,-0.003687957231131689,0.004515481785126285
2010-03-26,-0.0006002992419280595,0.0023556370154138584,0.016950717168810137
2010-03-29,0.006347886132434644,-0.0014556405933270344,0.0014734659499526792
2010-03-30,0.0006816547400951833,0.0010088231917644297,-0.007172402568247138
2010-03-31,-0.00340673250264234,0.0023519626568617724,0.009076555677125953
2010-04-01,0.006837452140619593,-0.0020724297365311006,0.012023912112733903
2010-04-05,0.008149464642036808,-0.008983548297239241,0.0057137424379836155
2010-04-06,0.0023575059130533926,0.0029462044131898235,0.0012625069025071767
2010-04-07,-0.00571235771704115,0.006214158190149366,0.013149591106227154
2010-04-08,0.003463827479044168,-0.001123422527534279,0.0014223812352025522
2010-04-09,0.0065675465684105205,0.0011246860251512558,0.008788263207809122
2010-04-12,0.00158910429701975,0.0026935436863870788,-0.0055437984583035504
2010-04-13,0.0007522240221258247,0.0019044401965273572,-0.002831605068359333
2010-04-14,0.011348711054598226,-0.002682623607866641,0.0030170940680156466
2010-04-15,0.0008256363965524205,0.0016808087369575286,0.005485293756329668
2010-04-16,-0.01591237007352997,0.006039755644994926,-0.021205487283346924
2010-04-19,0.0037701929996605266,-0.0024448846099222044,-0.0008090285834131405
2010-04-20,0.008930146522724058,0.0004448067791167354,0.002789001838399141
2010-04-21,-0.0018193235899590654,0.0032321978279610253,0.00762604056256011
2010-04-22,0.002983421582411605,-0.002332052417456376,-0.004184856476894927
2010-04-23,0.006527801181322124,-0.0027835018218932417,0.012070870419532032
2010-04-26,-0.0037763553782599324,0.000669784092655501,-0.0038872906786445727
2010-04-27,-0.02365020189166045,0.009371071192718627,0.016674033289737933
2010-04-28,0.007595873672842535,-0.005083789791118343,-0.0027915877387377774
2010-04-29,0.012397397969787338,0.0016656913061334766,-0.0002624335573230274
2010-04-30,-0.016961729694613847,0.006099341456627938,0.009450488647102961
2010-05-03,0.012962111285550026,-0.00261974067213544,0.003207374693346088
2010-05-04,-0.02351534711902803,0.0067616894937698735,-0.007431094663491344
2010-05-05,-0.005956301053359314,0.0038535383396460787,0.0019151526599499036
2010-05-06,-0.03321304729623975,0.010968630887935094,0.02954211168707399
2010-05-07,-0.01487494297191827,-0.002712451212495748,-0.0018567071032953297
2010-05-10,0.04404043188050588,-0.007614908169337076,-0.00591863505631729
2010-05-11,-0.0028407928101262803,0.00120524487068141,0.026282248662974128
2010-05-12,0.013985927319305702,-0.0025178472303529764,0.006132917630615964
2010-05-13,-0.012430785255246102,0.002744309299288261,-0.0069193077160388805
2010-05-14,-0.0181049530080154,0.006458407801838151,-0.0015759357652556094
2010-05-17,0.0005263474064518547,-0.0021748975352681166,-0.008390812604340159
2010-05-18,-0.013602067685832941,0.007303130908546285,0.0010891190746749047
2010-05-19,-0.005694021544584094,0.0008652595859321988,-0.023935062862853518
2010-05-20,-0.03775951364418595,0.009731136249263583,-0.006773565413114024
2010-05-21,0.014599422597101341,0.0005351198533836143,-0.005352167962601184
2010-05-24,-0.01283145156128207,0.0,0.014060016490404337
2010-05-25,0.001021502789684714,0.003424776785740713,0.0044505673464516615
2010-05-26,-0.006028336448442806,-0.0020263958468884624,0.009458082861100836
2010-05-27,0.03349782016317704,-0.009511077928058942,0.0018570204983223704
2010-05-28,-0.012549303296507386,0.004531415549382745,0.0016007650863898437
2010-06-01,-0.01682410113413324,0.001292505482189954,0.00866425330155196
2010-06-02,0.026039519094747776,-0.00570157172132113,-0.0010841871306987994
2010-06-03,0.003444541479558305,-0.0014056918561141662,-0.015194520899751374
2010-06-04,-0.03513698131280474,0.013866741151384643,0.010427292018311718
2010-06-07,-0.012450989306428517,0.004060766461148502,0.01929688208114566
2010-06-08,0.01071200287295393,-0.0030859919866984553,-0.0040332362530697274
2010-06-09,-0.005346216402212556,0.00010685224670936577,-0.0036363838132746906
2010-06-10,0.029231797927607772,-0.0092866989153777,-0.013188423773133229
2010-06-11,0.004855629959153784,0.006356061005576397,0.008741707193883563
2010-06-14,-0.0015501697110947843,-0.000856583095449226,-0.003416412422390991
2010-06-15,0.022737714797095077,-0.003106331997777101,0.011622068623597714
2010-06-16,-0.000357243887948,0.0027952593970690387,-0.0054549635868080815
2010-06-17,0.0016083538738622671,0.00471592894604167,0.013047450103329528
2010-06-18,0.0010834666028727291,-0.0020276013824159778,0.007629206673785971
2010-06-21,-0.002863716842730679,-0.0007493580248743026,-0.019864873443235065
2010-06-22,-0.016515958796551433,0.00599229958203118,0.008804697765327107
2010-06-23,-0.003102999248433158,0.0037221183264235513,-0.004116920646882183
2010-06-24,-0.016570445520834975,-0.000847804768333682,0.0028938082872822513
2010-06-25,0.004188948676511872,0.0015911431573962798,0.012036265851120609
2010-06-28,-0.003151901868521545,0.0070936884851116044,-0.013603826729219226
2010-06-29,-0.030874902775911428,0.004309649053428899,0.0014865002115740378
2010-06-30,-0.00950037605371612,0.0014654243104543774,0.0033809159186846127
2010-07-01,-0.0044563863434474715,-0.00043962780172190907,-0.0381328022519003
2010-07-02,-0.0054493822459039665,-0.0017827479000092072,0.01238890069121501
2010-07-06,0.006555775099297945,0.0024163080688512917,-0.01671023515263692
2010-07-07,0.03149595983763498,-0.00314347934933612,0.010471214473729118
2010-07-08,0.009895583857209234,-0.0024175082668728143,-0.004416922259692702
2010-07-09,0.007465413211770189,-0.002634194831013903,0.009811462629993661
2010-07-12,0.000648363262881535,0.0016902678353098999,-0.00861781232849812
2010-07-13,0.015088408880272963,-0.0049566171625848865,0.008692724597704427
2010-07-14,-9.120063557699343e-05,0.004981307597313744,-0.000506907386654043
2010-07-15,0.00027353445138689203,0.0051672982664798806,-0.0005917133813899689
2010-07-16,-0.02753461528014922,0.005771255210312853,-0.013194664160489311
2010-07-19,0.0059064865045623804,-0.002608432241014369,-0.008056868318884858
2010-07-20,0.011091858380451791,0.001046078633628822,0.00794952166473073
2010-07-21,-0.012998323718956484,0.006373643579138832,-0.006858148660892516
2010-07-22,0.022322045402322965,-0.0055019686496669,0.008718188601928079
2010-07-23,0.008678966103756514,-0.003236208892027359,-0.006589117477659223
2010-07-26,0.01041582062329538,-0.0003145837728084633,-0.004909981159489263
2010-07-27,-8.973820875812777e-05,-0.00345748782931643,-0.017399537441525448
2010-07-28,-0.006454373154603843,0.00430989593394715,0.0023786154346323585
2010-07-29,-0.004872387033542536,0.002093335261037499,0.004482353152593488
2010-07-30,-0.00018172685901840513,0.005849988460227662,0.010499579478777887
2010-08-02,0.022581323077836224,-0.003092376766626881,0.0004329643491447488
2010-08-03,-0.004788811877540322,0.004701009617098961,0.00389472861932183
2010-08-04,0.006683106787314985,-0.004158276348556256,0.006293675061456616
2010-08-05,-0.0010621624234883331,0.004801922962261118,0.0022275713974577727
2010-08-06,-0.004076101596176773,0.0065447171754122735,0.007351623835511356
2010-08-09,0.005338037865376233,-0.00020633718296547698,-0.0037338325329719924
2010-08-10,-0.005398117680651349,0.005058845908981535,0.0028109184562654654
2010-08-11,-0.027407393381679968,0.005649630521109783,-0.0033127240968519045
2010-08-12,-0.006129550276533391,-0.002553739451295778,0.012186810548876936
2010-08-13,-0.0029460916713585084,0.0043019388753580134,-0.00025257876690054637
2010-08-16,-0.00046168699586301987,0.007239373139547034,0.008337590626369407
2010-08-17,0.012285049079826305,-0.0050621975067829394,0.00016701447010558645
2010-08-18,0.0018255484319551485,-0.0010175462151343906,0.003924853617562674
2010-08-19,-0.017397032096725384,0.00448310105599381,0.001414058952080799
2010-08-20,-0.0032445023657732275,-0.0032453610319920223,-0.00348864665731885
2010-08-23,-0.003812541214815335,0.0013216493034626797,-0.0015837495996745554
2010-08-24,-0.014843037819263882,0.007924320119500727,0.004842226055815635
2010-08-25,0.0038846984476184065,-0.004535703820426451,0.008308408066874051
2010-08-26,-0.006701758728651419,0.004556370165995638,-0.0032959914623202913
2010-08-27,0.015490176404690637,-0.011489964423062826,0.00041338502096799346
2010-08-30,-0.014505168564469928,0.00764681659142763,-0.0008263653611750854
2010-08-31,0.0,0.004452626939173587,0.009676603535758055
2010-09-01,0.029911303710942194,-0.007200537215654168,-0.0031946214269242823
2010-09-02,0.009312713486029578,-0.004171478394992878,0.004930548624239028
2010-09-03,0.012971113923357036,-0.005720884265789983,-0.0035162343769447046
2010-09-07,-0.011272352859797219,0.00791163069368217,0.006893125994447802
2010-09-08,0.007023084443829042,-0.002752352472005004,8.15170047205882e-05
2010-09-09,0.004619178843037641,-0.007870523045946376,-0.00937170185363001
2010-09-10,0.005048763360376851,-0.0028858574990914265,0.0013985340716866634
2010-09-13,0.011123252439485976,0.0047537260244312485,-0.0009036441905698744
2010-09-14,-0.0006211635174755425,0.005039332677330366,0.019733545817172793
2010-09-15,0.0038170881165742188,-0.0034789557906154123,-0.0006450105130255679
2010-09-16,-0.0002653270740875513,-0.003491437377307949,0.0055671679717606
2010-09-17,0.00037385104218490284,0.0022671799610081145,-0.0007221081591425316
2010-09-20,0.015290267798976354,0.0030839526297694597,0.002649765767053003
2010-09-21,-0.0020141768966920326,0.009327219366002337,0.009129489585757655
2010-09-22,-0.0049133192299271045,0.0015226420271807761,0.0015077756431296496
2010-09-23,-0.00811122935803299,0.0014191859106984506,0.0007924414099360622
2010-09-24,0.0206220026679782,-0.004961050625347019,0.0030878810785825994
2010-09-27,-0.004789859160567289,0.0077337642146411145,0.00023678884457178917
2010-09-28,0.0035001154562692705,0.0033318856775861327,0.008917276219480907
2010-09-29,-0.0017439097417499827,-0.0024155719544550758,0.0007821546759059217
2010-09-30,-0.002970116226609698,-0.0012099948880743838,-0.0003125696528856192
2010-10-01,0.004205502866324595,0.0005363938131504042,0.00781799680532913
2010-10-04,-0.007503677881188664,0.0035413200090474994,-0.0034907837674234
2010-10-05,0.020131968460122884,0.0002014557068614753,0.01969483611294076
2010-10-06,-8.616167125852225e-05,0.006451540672081091,0.0062599590124643445
2010-10-07,-0.0012068885242917382,0.0010018197653609562,-0.01092483474757766
2010-10-08,0.005609150666260554,0.0003995206188374123,0.009894980388411412
2010-10-11,0.0009439714257297727,0.001000744159848077,0.004784973465747688
2010-10-12,0.0030857720024555224,-0.0028971786099896146,-0.0024944182403267012
2010-10-13,0.007777610002998481,0.0,0.01598969765837266
2010-10-14,-0.003901101329059964,-0.0057127724590159135,0.00507192241838883
2010-10-15,0.002043309792896686,-0.004333010585280128,-0.007940685151901716
2010-10-18,0.004927494086287787,0.004756920261433928,0.004488376244684789
2010-10-19,-0.013103844774400963,0.003425059504965189,-0.03105449960421236
2010-10-20,0.009765658896395912,-0.0006019282913840573,0.00929987478434402
2010-10-21,0.0022057647794191393,-0.005525958176776147,-0.014087770334554661
2010-10-22,0.0018622757219208808,0.0003031487653066822,0.002008144777821741
2010-10-25,0.0029573087621619365,-0.0003030568939835776,0.008633395612906769
2010-10-26,0.00016837677066261492,-0.006666852926430544,0.00022926081694740752
2010-10-27,-0.002863790928065879,-0.005796712435314655,-0.010391202319783521
2010-10-28,0.00016934276192515085,0.0058305102264484265,0.013279811333891667
2010-10-29,0.0007599129611510769,0.004474214219242212,0.010515007362563056
2010-11-01,0.0003373503199342043,-0.001674008528899873,-0.0052782157594233325
2010-11-02,0.00793050103947257,0.0033552874515672126,0.004320856065270329
2010-11-03,0.004017697305348733,0.0032412743619720796,-0.00694390618764662
2010-11-04,0.019258510500639536,0.008079693785178366,0.03389823825188132
2010-11-05,0.003762289702572419,-0.004207808522566969,0.00257300673863492
2010-11-08,-0.0018742582241797479,0.00030161702789865963,0.010265389693213
2010-11-09,-0.007184529896497982,-0.008448083490387281,-0.015894922781312437
2010-11-10,0.0040293783769291824,0.0037529302207510717,0.012169106865093537
2010-11-11,-0.0037673865010843244,-0.0011116148216773203,0.003060318800163886
2010-11-12,-0.01183807019371097,-0.008295784975961062,-0.0288391770673464
2010-11-15,-0.0014143902722683066,-0.012852606185061122,-0.009499620384983976
2010-11-16,-0.015579405999721851,0.007439921280224526,-0.010949984657092626
2010-11-17,0.0005078652582461984,-0.002871694328623775,-0.004504820435149881
2010-11-18,0.014718229263288807,-0.0023660564429726083,0.013115442483800255
2010-11-19,0.0027513460986203775,0.0020619644453663266,0.0008327701824608624
2010-11-22,-0.0008318446347488351,0.005351148960637708,0.009682290535891758
2010-11-23,-0.014476821915115456,0.0020472136635973914,0.006967395597379689
2010-11-24,0.014774057663496709,-0.010725774802334831,-0.0017112638945114833
2010-11-26,-0.011647170167131682,0.004337184645626158,-0.007974304097743579
2010-11-29,0.00303018142826339,0.0021583339587107897,0.0030049875640467683
2010-11-30,-0.005622610549108509,0.0017444998110636156,0.014306072509137735
2010-12-01,0.021267530457009576,-0.013150678775212254,-0.00029532777044438685
2010-12-02,0.012808635561523118,-0.002496687371884021,-0.0013296493431664835
2010-12-03,0.0026931437784667445,0.0001043031431293695,0.021227887875435947
2010-12-06,-0.0010582399394006847,0.006255954009257936,0.007532362069704757
2010-12-07,0.0005702798952773591,-0.016578977361730085,-0.018762134993171364
2010-12-08,0.003663596984638362,-0.008536112340801427,-0.012527521713312728
2010-12-09,0.003893365189675535,0.0021255098845538445,0.004303003634872571
2010-12-10,0.0058176428431819804,-0.00848377685398316,0.0002955495779344286
2010-12-13,0.0006429628401323217,0.0032084928046518524,0.004726381894541776
2010-12-14,0.0008831922963297156,-0.010555364859130334,0.0009554547674208713
2010-12-15,-0.004571974338153928,-0.004094675788832602,-0.010867938075622141
2010-12-16,0.005801458124660597,0.0059512384890996195,-0.006607271045376617
2010-12-17,0.001071269499979488,0.008605506531142781,0.002914575867006164
2010-12-20,0.002413362737856861,-0.00010781674896798155,0.006780951436685445
2010-12-21,0.006340344069177162,0.0021335687297250328,0.0015543387826104649
2010-12-22,0.0031102589931486513,-0.002767122971710667,-0.0019953019350200663
2010-12-23,-0.0014308999133696432,-0.0035218719418959044,-0.0028878147414700406
2010-12-27,0.0003979308871080445,0.0038548614937681247,0.0026734041330853664
2010-12-28,0.0014328590968957222,-0.010503975320779513,0.01629385926993998
2010-12-29,0.000715045915844259,0.011242772236508713,0.0035709480309356056
2010-12-30,-0.0015883952001148893,-0.0020305625368779445,-0.004937970382814849
2010-12-31,0.0002386901691551202,0.00503481150339069,0.012333083678473855
2011-01-03,0.010338088164486559,-0.0030917559203842426,-0.005190320172774543
2011-01-04,-0.0005508240106237849,0.0023521225433198456,-0.023550724637681153
2011-01-05,0.005197496333185558,-0.01077320893124778,-0.0028200733418367596
2011-01-06,-0.001958876014569566,0.005176191291371035,-0.004018704366714254
2011-01-07,-0.00196224851705884,0.006650412010437368,-0.0018680415196855593
2011-01-10,-0.001258270312044063,0.003410804682025148,0.004042471019095828
2011-01-11,0.003544034620287295,-0.003929132151085368,0.0058903114649804245
2011-01-12,0.009024196942382101,-0.002879455123987462,0.004076814445393762
2011-01-13,-0.0016331209148097159,0.006736435863451851,-0.010409003338437195
2011-01-14,0.00724469193423305,-0.0027620383755972977,-0.010145472431108082
2011-01-18,0.0017012580081836592,-0.002449347462250895,0.00557683488401306
2011-01-19,-0.009805176060990739,0.002562673220451339,0.0021734884271975563
2011-01-20,-0.0013256342261136478,-0.00777448481046894,-0.01884538026814475
2011-01-21,0.0022642488376987124,0.003327455825605341,-0.001295717781246375
2011-01-24,0.005686612206382113,0.0001071715080556146,-0.005113318897864261
2011-01-25,0.0005420773990225669,0.005027504406045713,-0.0019944346856293205
2011-01-26,0.00387088160939264,-0.006066524386351468,0.00814755963770164
2011-01-27,0.002467517806829189,0.0037473259423688177,-0.024626435397597568
2011-01-28,-0.017462424084004113,0.004586946536582204,0.01836940880571558
2011-01-31,0.007516279069767373,-0.003928488224634541,-0.003147095992869553
2011-02-01,0.016008651059044254,-0.004649569049297697,0.007161068526499337
2011-02-02,-0.0019115854717665082,-0.002362441520630254,-0.002675887579124292
2011-02-03,0.0022219688400355597,-0.005703753596173811,0.013415101885317249
2011-02-04,0.0028286670459483076,-0.006169993454600009,-0.004084669429638699
2011-02-07,0.006252728224847903,-0.0004356247587038453,0.00015182297672700074
2011-02-08,0.004546579975857057,-0.006865313550404206,0.011087536414601473
2011-02-09,-0.002262963258195083,0.005706055970470025,-0.0005257027621342614
2011-02-10,0.0003780159793045357,-0.003273589982913494,-0.0016532742811616874
2011-02-11,0.005970653191641473,0.004596945423102294,-0.003989452427152318
2011-02-14,0.0024038235210599446,0.0003274715764538527,0.004761106326723441
2011-02-15,-0.0031476684823557033,0.0022873235308760176,0.007672089476301602
2011-02-16,0.006315441304115321,-0.0014134281413835659,0.0009704029381796264
2011-02-17,0.0029881298765348507,0.003700762524843304,0.007009598358195257
2011-02-18,0.002085802829086214,-0.00021798934575611995,0.002740005882498453
2011-02-22,-0.02006986597159932,0.00965254508657698,0.006498704676349387
2011-02-23,-0.006144495112817228,-0.0024704258129449874,0.008951509874549624
2011-02-24,-0.0006869510972238313,0.0025840330184190297,-0.0074903557591639025
2011-02-25,0.010693311256964488,0.003222381985412026,0.006594440089741527
2011-02-28,0.006196133303693951,-0.0004282785728801919,0.0020381334207675295
2011-03-01,-0.01667299933872135,0.0011380626956278839,0.01721629416053716
2011-03-02,0.0021388460339453186,-0.005254140003761898,-0.0007855503200063785
2011-03-03,0.01722424707198278,-0.006791715919804431,-0.013078915487442111
2011-03-04,-0.007492570941973531,0.0071639465544584,0.009124554993410916
2011-03-07,-0.007850968513931078,-0.00247893588295911,0.0026551496302960054
2011-03-08,0.008749937732568602,-0.002376346447215072,-0.0025765860807780427
2011-03-09,-0.001432754464029462,0.005847347747738096,0.0003588049048421915
2011-03-10,-0.018506143420131127,0.008504440081906539,-0.011763857302689251
2011-03-11,0.006926530047563384,-0.0023485338597710737,0.0032662911685206186
2011-03-14,-0.006037883091858487,0.0022468085341438293,0.0046302950658096975
2011-03-15,-0.011457277785212994,0.003629846795043745,-0.01865185313629869
2011-03-16,-0.018512571232042307,0.008509751285809664,-0.00022014220559418707
2011-03-17,0.013234961325854444,-0.003059155470258257,0.005358159851040822
2011-03-18,0.003636922277754584,-0.0006343725702534497,0.010221171672682772
2011-03-21,0.015498090223285521,-0.005187508624973192,0.005564821129095288
2011-03-22,-0.0034685655047509423,0.0005330158510696847,-0.0006468042136366092
2011-03-23,0.0028617843994760417,-0.0012768635235141934,0.009277189916009121
2011-03-24,0.009563284968215013,-0.0051114640726247496,-0.007980583913447803
2011-03-25,0.0030560598189410815,-0.0026769683667119404,0.00028726681354784844
2011-03-28,-0.002437444635929986,0.000322070746360259,-0.005170194234553005
2011-03-29,0.006718874446006939,-0.0028967802487178673,-0.0023818867349306716
2011-03-30,0.006901229376826246,0.003443829618161587,0.0033282065894868484
2011-03-31,-0.001355943621798028,-0.0025743537847210396,0.008581542201770542
2011-04-01,0.004223482899208486,0.0021353365826310977,-0.004719030882519015
2011-04-04,0.0008263592248478613,0.002258407670278073,0.004597696865513701
2011-04-05,-0.0001497485176283897,-0.005044753797985302,0.015803824168639347
2011-04-06,0.0031517830759282273,-0.004315417765510587,0.002323138500281763
2011-04-07,-0.0025437827668221002,0.000109474507257179,0.0009129766790669791
2011-04-08,-0.003450079131079642,-0.002925507963631002,0.008069673704311775
2011-04-11,-0.003010598858815605,0.0013037688090531407,-0.007100127011412383
2011-04-12,-0.007473936069513409,0.005642774139122286,-0.007220967356311059
2011-04-13,-7.638722735692216e-05,0.0038846426410015233,0.0020478305549249676
2011-04-14,0.0007606653182707923,-0.0033318956607074623,0.013460209614263308
2011-04-15,0.003648676293475983,0.007331887307123308,0.008622526348759818
2011-04-18,-0.01120895343308459,0.0024626146502433333,0.006066801830465485
2011-04-19,0.005744661231519288,0.0012817209907958205,0.0
2011-04-20,0.01363174343968332,-0.0039460657065930604,0.0039060327062796496
2011-04-21,0.005108970827160109,0.0007495664666521407,0.0016382627519730963
2011-04-25,-0.0010465530683368973,0.003530974560455924,0.0008858499329242875
2011-04-26,0.008605366759116162,0.004264920273062023,-0.0033362174076743134
2011-04-27,0.00652858562296621,-0.002865863685788783,0.0192648720546722
2011-04-28,0.0032427887114663267,0.0038318674640520634,0.00415556560762953
2011-04-29,0.002351235473100788,0.0020157386213790485,0.01702034219935955
2011-05-02,-0.0015391547505040348,-0.0003080486305802044,-0.012863368890775995
2011-05-03,-0.003596701842218719,0.0026535782701664345,-0.003523693679893136
2011-05-04,-0.00663120258055061,0.0025416583547630545,-0.01434486979737204
2011-05-05,-0.009048358631002063,0.004963312436484069,-0.028836354362946848
2011-05-06,0.004415909107720273,0.000525406608272716,0.012755292503549676
2011-05-09,0.0038745210407333808,0.001469983886477344,0.01431522221175574
2011-05-10,0.008535937262880378,-0.004822809442472931,0.00352821954433602
2011-05-11,-0.01052445499578225,0.003582543733463117,-0.009195406805110662
2011-05-12,0.004760809335359495,-0.002205691272205934,0.00034122460794838716
2011-05-13,-0.007699593899003321,0.0038943904720414313,-0.006548819694799257
2011-05-16,-0.006341243583815159,0.002410166938382474,-0.0017854134237942354
2011-05-17,-0.0001501270571079294,0.0029288178105242313,-0.004333697772470724
2011-05-18,0.008936337394768623,-0.005735656841486136,0.0059416925363608986
2011-05-19,0.00238126372662939,0.001049393064355586,0.0003433227395142069
2011-05-20,-0.00794460722436463,0.002409437327166808,0.012633104523076089
2011-05-23,-0.011601296971101571,0.0013586553896405285,0.002305216117890696
2011-05-24,-0.000832348489670176,0.0010440193348495441,0.005141003161891922
2011-05-25,0.003334285835118189,0.00010486198155224002,-6.726231295683949e-05
2011-05-26,0.004607637143862142,0.005524754648691177,-0.0024229412162809494
2011-05-27,0.00383472162165277,-0.00010383117051671054,0.009985128291392531
2011-05-31,0.010411025317533795,0.0015558542121114627,-0.0004007853027178099
2011-06-01,-0.022461082683623124,0.008240949377927187,0.001804358951899454
2011-06-02,-0.0010615599548969845,-0.005971356779668535,-0.002734998679831291
2011-06-03,-0.009944617151147361,0.003935998793956674,0.004816061676943928
2011-06-06,-0.010581225307712327,-0.0006193730328768465,0.0017307582527172904
2011-06-07,-0.0006197434752486242,0.0018578386082988008,-0.0003987078701302993
2011-06-08,-0.0041875462763881766,0.002163697254794039,-0.0040553159006586625
2011-06-09,0.007631483599185751,-0.004009415537963634,0.005006341447316709
2011-06-10,-0.013910714867066853,0.0032002412931921853,-0.008767216304689351
2011-06-13,0.0007839890671821337,-0.0021606921594008455,-0.009849914008281502
2011-06-14,0.012685732984774045,-0.007939473058976687,0.0060905046387151884
2011-06-15,-0.017785357891749842,0.010809452710932144,0.0030268174734946474
2011-06-16,0.0022044227405195738,0.0027760990568155286,-0.0010058603902615149
2011-06-17,0.0029842342563115576,-0.0007173558754893783,0.006511386270756869
2011-06-20,0.005116000146989208,-0.0015403285165349612,0.000600215662433401
2011-06-21,0.013704091259276963,-0.0013352924349662176,0.004865665090172611
2011-06-22,-0.006025701834077024,-0.00041208444216489504,0.0015256765369389136
2011-06-23,-0.002875439120918255,0.005250968610876594,-0.017550891177319783
2011-06-24,-0.01161343230587153,0.004199490040843967,-0.014021854404774547
2011-06-27,0.0089110778489081,-0.003876291729891901,-0.003623675640655799
2011-06-28,0.013052978237168444,-0.009214823439734565,0.0034996897040917574
2011-06-29,0.008563829689394176,-0.005993419975904968,0.006427702046695627
2011-06-30,0.009562884612154932,-0.003430451612702834,-0.008017344302908236
2011-07-01,0.014775881974196325,-0.002498725253780254,-0.007328817289169565
2011-07-05,-0.000821411651628634,0.006289805860351327,0.018629768463946483
2011-07-06,0.0011957897925072292,0.001770501207230435,0.008670315904364623
2011-07-07,0.010375478721523335,-0.003847408352518733,0.001611646151856716
2011-07-08,-0.007092287060766478,0.010648078579983622,0.007375166936172128
2011-07-11,-0.018080131618722795,0.0076440310617666984,0.00891844484452986
2011-07-12,-0.004319188496575754,0.0014343065342909966,0.007784207157971679
2011-07-13,0.003347978044122124,0.0016385567274115331,0.008967697053566592
2011-07-14,-0.0069019838428555635,-0.005723227582211887,0.0025950038800326425
2011-07-15,0.005804941874712588,0.004110878825920983,0.004270762849635679
2011-07-18,-0.008201292296045826,-0.0006135732873513433,0.008827386616724331
2011-07-19,0.01623156731822384,0.0037899143828745707,-0.012199039233320219
2011-07-20,-0.0006030591669298202,-0.004897835735428235,0.008793486215885604
2011-07-21,0.013871316923291355,-0.005537567531511023,-0.007627242717723082
2011-07-22,0.0006690277382828125,0.003815535605975251,0.008331675197810862
2011-07-25,-0.005572660034892096,-0.003184332693812908,0.007814509728797825
2011-07-26,-0.0037356535768239274,0.004224926860020073,0.0027329855381899026
2011-07-27,-0.020475954904829896,-0.0016421538074621322,-0.0036762490673009074
2011-07-28,-0.0029095384761419485,0.0019532310111234352,0.0008270556701654996
2011-07-29,-0.006834593098141162,0.012105341162190086,0.006165687241006967
2011-08-01,-0.004252896614234669,0.003637255179144372,-0.003600935558821683
2011-08-02,-0.025547379380766788,0.009212539771696004,0.024093349114550966
2011-08-03,0.0054184967906338866,0.0008019163317980471,-0.00018572795011984056
2011-08-04,-0.04684140646331181,0.01323086425259734,-0.00526352142301223
2011-08-05,-0.0014967140436131787,-0.01157418181248926,0.006909864383522146
2011-08-08,-0.06512317055001748,0.015912023883714044,0.03319935157457499
2011-08-09,0.04649927272991139,0.005812851238216732,0.008915782292353791
2011-08-10,-0.04417780773645186,0.013222273228620685,0.035407159712308234
2011-08-11,0.0448836386803968,-0.0146932105962857,-0.021938376623234723
2011-08-12,0.0067330654657864475,0.006966432274531087,-0.004568074842148606
2011-08-15,0.021164927983455373,-0.0037034266164308605,0.010766616567110976
2011-08-16,-0.008538914666936126,0.004596689756053873,0.012339901510646678
2011-08-17,0.0006684068335813809,0.007008535856998899,0.002874885034866992
2011-08-18,-0.043118016070560206,0.005219869940097155,0.01891986633643583
2011-08-19,-0.016330701232529665,0.0010579990611905288,0.012547803917521527
2011-08-22,0.0007991591103564399,-0.001825131972375993,0.025784937306684297
2011-08-23,0.032910660025777805,-0.004041664034709513,-0.03748847882459638
2011-08-24,0.0140840696787492,-0.01072613323492111,-0.033883065990334194
2011-08-25,-0.015243550549925766,0.006154134389871002,0.004136363175726965
2011-08-26,0.014533662160119976,0.0032029540794438205,0.02964725337814067
2011-08-29,0.028736303876359504,-0.006579804734343275,-0.020172433686990066
2011-08-30,0.002636515879992807,0.006915546328159827,0.029961508609777754
2011-08-31,0.004437905930794628,-0.0035791535956751774,-0.007705219630282367
2011-09-01,-0.010472833953451888,0.00796893104732943,0.0008439899586658584
2011-09-02,-0.025549863461754252,0.009170763345385913,0.030190647795535375
2011-09-06,-0.007297342494564152,0.001338997759821936,-0.0018555532988803192
2011-09-07,0.028207914304537285,-0.0053493351420573765,-0.03182062471103009
2011-09-08,-0.010391965942243786,0.004898725309558261,0.026711066628809732
2011-09-09,-0.02620967388633144,0.004874034521246129,-0.006105278176431583
2011-09-12,0.006470050085624068,-0.003044006715541836,-0.022302151894618927
2011-09-13,0.009171299158399426,-0.0029575599150037934,0.010584678420606952
2011-09-14,0.013843774279524768,0.0005744266279239518,-0.007449236150323779
2011-09-15,0.01725765950940028,-0.007458901404616913,-0.015856964679878405
2011-09-16,0.0059186167496256825,0.0019265737403781902,0.009346358600104132
2011-09-19,-0.009957663300440789,0.00817410480447256,-0.015451918647760743
2011-09-20,-0.0011632783849537809,0.0013352670614987794,0.014251925771726182
2011-09-21,-0.029458673367515176,0.004287547739523445,-0.01245876923776712
2011-09-22,-0.03232430080988269,0.009294554659459608,-0.026153542150526787
2011-09-23,0.0060250358417306416,-0.008270139362349882,-0.05471753820180614
2011-09-26,0.023780687091435437,-0.004168598479473817,-0.013892372830456634
2011-09-27,0.011183625755852633,-0.006661758473112789,0.01935526726943304
2011-09-28,-0.02041883412543244,0.00019186477127286494,-0.027454420270526025
2011-09-29,0.007903572043782114,0.0,0.009473791550213662
2011-09-30,-0.02498938529760253,0.006321391213548466,0.0022828193869255387
2011-10-03,-0.02845762139278507,0.009259737404259782,0.018347521194908234
2011-10-04,0.021922963618477453,-0.005102497144654272,-0.02062628718772741
2011-10-05,0.01851565954818235,-0.004179452590047261,0.011545339579202452
2011-10-06,0.018090792963679103,-0.0069619722652841665,0.006459292210774237
2011-10-07,-0.006695980350313491,-0.005186399566073252,-0.00816258192126873
2011-10-10,0.03344570239374178,-0.010523569724890547,0.025694256721133568
2011-10-11,0.0010033597386389648,0.0033175614159042244,-0.007166032573826864
2011-10-12,0.0087720217986611,-0.0034028581498946053,0.007156004686264872
2011-10-13,-0.001987602975037195,0.004000343862594402,-0.005880138964710846
2011-10-14,0.017094085080658017,-0.004956273615742357,0.00677751585978581
2011-10-17,-0.019091011339682162,0.006543386049136846,-0.00477355451916972
2011-10-18,0.019545999912379708,-0.0010674474704697179,-0.004796450637787775
2011-10-19,-0.011829083064063606,0.0015546462470887867,-0.012172523883343
2011-10-20,0.004375226856589531,-0.002036818656668049,-0.013135615868301143
2011-10-21,0.018987279564864012,-0.0018469103722190683,0.011092095788866496
2011-10-24,0.012261241317956806,-0.0004861641453273169,0.009403209377038424
2011-10-25,-0.019444130756186007,0.008572746461438019,0.028381517477150453
2011-10-26,0.01015871776776911,-0.007340642205827308,0.010930597249971585
2011-10-27,0.034835367631836034,-0.012066060471904949,0.0128435438092247
2011-10-28,-0.00023340285224726642,0.006008173465891886,0.0004128107588905472
2011-10-31,-0.02410581534707701,0.01341210515721647,-0.01344180429743358
2011-11-01,-0.027888183317107962,0.01199411604774725,0.00023908536989014628
2011-11-02,0.016311320242717198,-0.002391291639747606,0.010036997411712711
2011-11-03,0.01822749228336562,-0.0046981055771255775,0.015734080802807693
2011-11-04,-0.006099431010959111,0.0029864004387782916,-0.005066358671109827
2011-11-07,0.006216327667277088,0.0011531889044067434,0.024173189795036576
2011-11-08,0.01283086753057372,-0.004509521558121565,-0.008286644094448237
2011-11-09,-0.03690954488444187,0.008865713186544166,-0.00841348161901967
2011-11-10,0.009418410843569314,-0.0048719740599646455,-0.005404823007986281
2011-11-11,0.018822272513730365,-0.004606757841301268,0.01647778038025005
2011-11-14,-0.009474302972027226,0.00626831962495733,-0.004368876387059961
2011-11-15,0.004942126814366121,-0.0013423368699071458,0.000923808688964245
2011-11-16,-0.015862724236221815,0.003647514934198348,-0.010671470333423416
2011-11-17,-0.015877081563222206,0.002007673221486428,-0.025712719634799708
2011-11-18,-0.0010646339213165046,-0.0037220581247007223,0.0031118431758150322
2011-11-21,-0.019019533419399548,0.0027781641955697545,-0.024579377384584156
2011-11-22,-0.003927920377541527,0.0030561844332801513,0.0110703214592891
2011-11-23,-0.02206546751721805,0.0034289127044959677,-0.0029036097914703074
2011-11-25,-0.0018877885785314463,-0.006358197207285365,-0.00867565321048791
2011-11-28,0.028967371125574237,9.50618542183701e-05,0.01976750983463549
2011-11-29,0.0028400533123982274,-0.00191053140875741,0.0015003300286513532
2011-11-30,0.041149471991391406,-0.005836083493926281,0.019475071338128425
2011-12-01,-0.00016002798275871477,-0.00028992108742142975,-0.0029389289699039978
2011-12-02,-0.0008799784655162401,0.004437871626276513,0.0011200992509403651
2011-12-05,0.0108920431106998,-0.0005765372116883771,-0.014721469156617206
2011-12-06,0.00031678044586191945,-0.0025944463603706502,0.00513976400859284
2011-12-07,0.0037224394951933526,0.0045278106931634365,0.007254140051337954
2011-12-08,-0.021936456252088843,0.005083165431807979,-0.02018889192543405
2011-12-09,0.016942490473227823,-0.006870197317639715,0.002530414385808033
2011-12-12,-0.014597825959130173,0.003459165361100025,-0.026502335126668997
2011-12-13,-0.009339037592448474,0.00459537964634138,-0.021853252823497593
2011-12-14,-0.01064564810926405,0.004194032329350561,-0.03508991900081848
2011-12-15,0.0036144405203086816,-0.0008544600394455593,-0.0036627481249873473
2011-12-16,0.0014822729425334469,0.004844846820183379,0.019037575406193996
2011-12-19,-0.010691362326116227,0.003403373617127281,-0.0023191433373703774
2011-12-20,0.03025994839091184,-0.009045144537114247,0.013624334453907316
2011-12-21,0.0019365995040119266,-0.0032319947246475245,0.001146693460756243
2011-12-22,0.008858872146694008,0.0012397164226554125,-0.00712656114710053
2011-12-23,0.008940999951789319,-0.00409649586025107,0.0017303530125498678
2011-12-27,0.0007909516990347587,0.0005655095218624062,-0.008956521773084813
2011-12-28,-0.013123613677494261,0.006321123338092871,-0.02504683229674176
2011-12-29,0.010334251673004724,0.0012372686576320735,-0.004568644951223
2011-12-30,-0.004916423831520134,0.0035175051631590737,0.010975184218875667
2012-01-03,0.015936546772193694,-0.006347086200070184,0.025856915150634707
2012-01-04,0.0015686711259841335,-0.00314584940941276,0.005066755734988382
2012-01-05,0.0026624950169058526,0.00019226478158684834,0.006827847741614601
2012-01-06,-0.00257727234484173,0.003918853718949844,-0.0036760161968690808
2012-01-09,0.0024272227261741275,0.00019077643505438502,-0.0044529068818790485
2012-01-10,0.00867062021686249,-0.001999616517387115,0.01367411750574088
2012-01-11,0.0005422983594618458,0.005820248400693284,0.006492680176876542
2012-01-12,0.002399002365255365,-0.002086987156794895,0.004446713358861265
2012-01-13,-0.005173304604799811,0.004467474447085618,-0.006983478874407978
2012-01-17,0.0038809288528134367,0.0009464407667494346,0.007786045057981195
2012-01-18,0.011055827082782743,-0.0031191779487291793,0.006853620582651931
2012-01-19,0.005276576456628712,-0.005975747367329309,-0.0023515152751236723
2012-01-20,0.0037275371997380624,-0.0034346819505581827,0.005272336540625755
2012-01-23,-0.0025768870534589317,-0.00220200742781107,0.006725466086455523
2012-01-24,-0.0011397442048390882,0.0011515097460119694,-0.007048352105060052
2012-01-25,0.008367536661896935,0.004792018824621991,0.02722056546902296
2012-01-26,-0.005129540472646799,0.0053413643863640115,0.005107595919167762
2012-01-27,-0.00045518762360274856,0.0030362484204704554,0.010163190678665446
2012-01-30,-0.003413785689797666,0.0034053153833086824,-0.0055631321217690655
2012-01-31,-0.0003803347498958498,0.0037707327106601962,0.0076176801082890044
2012-02-01,0.008757084728692854,-0.0034711712561343866,0.001476581439991298
2012-02-02,0.001585060489828205,0.0014153044534721548,0.00878748239335847
2012-02-03,0.014018930229749094,-0.007918738867953468,-0.019935712372232683
2012-02-06,-0.0006688807466064262,0.002754909417353568,-0.0027440152442257393
2012-02-07,0.002528752674593182,-0.006443354089338937,0.015073599610379684
2012-02-08,0.002967443362965616,0.00047656143702901055,-0.0070712844420862675
2012-02-09,0.0012577462349694368,-0.002287806268781334,-0.002848639332576064
2012-02-10,-0.0073876217235298025,0.005638148479100158,-0.005237500657275795
2012-02-13,0.007442604872968994,-0.0006658468253090133,0.0022136838491002564
2012-02-14,-0.0012561662965395737,0.002091189975222729,-0.0023282156434702994
2012-02-15,-0.004660016991741234,0.0007595158340527597,0.0059239200699465755
2012-02-16,0.011073133547916392,-0.00455065084577555,-0.0006543371004235077
2012-02-17,0.0026458278371317423,-0.0010474374074419535,-0.0038690112885975125
2012-02-21,0.00044007161224235425,-0.0036232877603450397,0.021930074903464325
2012-02-22,-0.0032239972932354144,0.0039232304783149985,0.01122674611729324
2012-02-23,0.004410625581584782,0.0014305317169731602,0.00046259876214471696
2012-02-24,0.0021955208844011143,0.0007606015396062205,-0.004565995407547319
2012-02-27,0.0016802360663901172,0.0033289087648384896,-0.003077273369589517
2012-02-28,0.002916096257093992,0.0004740232002715672,0.010425210114951122
2012-02-29,-0.003925604686967676,-0.003979550279192057,-0.053029061708074865
2012-03-01,0.005181880396985861,-0.0032395759474566077,0.014121415904973178
2012-03-02,-0.003049764333799665,0.004014747085559378,-0.001620576624883352
2012-03-05,-0.004078362693215376,-0.001999296783923854,-0.004148145103987089
2012-03-06,-0.01462513570383539,0.004198056363188041,-0.0178086148924681
2012-03-07,0.00697615626076975,-0.0019001487085887891,0.005716090670033314
2012-03-08,0.009948609777567174,-0.002950807604411687,0.010083687876597303
2012-03-09,0.003867840194337946,-0.0007635200676123777,0.006655409678363311
2012-03-12,7.259592387809377e-05,-0.0002867390402412351,-0.007873527588344698
2012-03-13,0.01802596532722034,-0.007167127076249558,-0.016780784815864758
2012-03-14,-0.001071122100838151,-0.011455306601561133,-0.01682067576220847
2012-03-15,0.005789433196493832,-0.0002918313447476395,0.00946289676961598
2012-03-16,0.0013845952007771611,-0.0002925289474541293,0.001365788541111801
2012-03-19,0.003920441047353007,-0.006137248065359424,0.0017978504689784014
2012-03-20,-0.0029110258714508674,0.0004898121537517675,-0.009035159899535072
2012-03-21,-0.001637777045390365,0.005095639109602645,0.0004996054993768873
2012-03-22,-0.0072034663888326245,0.0012668638932962217,-0.0039947529044891406
2012-03-23,0.0032327383362238393,0.003699569641898881,0.012282956477502438
2012-03-26,0.014035248870682082,-0.0011644336918291698,0.0177675672560913
2012-03-27,-0.003107089932930407,0.0055363631691405235,-0.007055890793102537
2012-03-28,-0.004958636359764235,-0.0017387044683155883,-0.010597959618425579
2012-03-29,-0.0017084925779131677,0.004160428811600614,-0.0014240340248994343
2012-03-30,0.004136027841719514,-0.004913773458353643,0.0052083106662228484
2012-04-02,0.0073146974557254385,0.0023945937378937465,0.005058027072021742
2012-04-03,-0.004089012254698043,-0.007353174883547475,-0.01871856515317416
2012-04-04,-0.009910678065547573,0.005069601348739239,-0.01676147780356274
2012-04-05,-0.0005003962693844732,0.0044610471818467,0.006996951833534437
2012-04-09,-0.01123105045250905,0.010234263535745525,0.006695708261895694
2012-04-10,-0.016785187221354803,0.004682799453201714,0.010855311785985977
2012-04-11,0.008094167632279436,-0.0038998516271010475,-0.00018621215493686005
2012-04-12,0.01306538100093757,-0.0020049666584874837,0.010119758799926215
2012-04-13,-0.011888087946236525,0.006027584533344177,-0.011370564716820963
2012-04-16,-0.0006562594820761491,-0.00028459733358165984,-0.0024246153239028123
2012-04-17,0.014812311023146618,-0.0010468399408903872,-0.0013087791666472892
2012-04-18,-0.003379499605163816,0.0020001177770743173,-0.005865849868369688
2012-04-19,-0.006420906700193796,0.001140813497876092,0.0007532177454423472
2012-04-20,0.0016699103621198308,9.495946045534609e-05,0.0006899618353195525
2012-04-23,-0.008408846131929382,0.0019943566064553053,-0.0029458817957397354
2012-04-24,0.0038016062853338806,-0.002558856677262855,0.0014458773932806146
2012-04-25,0.013691827569815018,-0.0012355561518184732,0.0020087386020055664
2012-04-26,0.00696846293566411,0.0033297705667187927,0.008833502726736775
2012-04-27,0.001641049093910718,0.0010427712744927042,0.0021735459614287134
2012-04-30,-0.0037040526944081,0.0008519725442932558,0.003098277264045768
2012-05-01,0.006220395939207535,-0.0018194916232315839,-0.003459337420944286
2012-05-02,-0.0029842994642182985,0.0018985684876899889,-0.004525235266453653
2012-05-03,-0.007625641822472717,-9.491679488848881e-05,-0.010087771057537998
2012-05-04,-0.01615788888694636,0.003979954916676576,0.0031452475068289854
2012-05-07,0.0007299382592700354,-0.0002818738547950561,-0.0024455972073937904
2012-05-08,-0.004011874738453658,0.002265488596817189,-0.019361338921316418
2012-05-09,-0.005931785186375493,0.0008481790913423826,-0.00980768448267233
2012-05-10,0.002063202392058816,-0.0014123682798954373,0.0019421444253708842
2012-05-11,-0.0030144661598013878,0.0032984477418092073,-0.007818095757993637
2012-05-14,-0.011061300092812143,0.004416475602031511,-0.014521983348483536
2012-05-15,-0.0057413816395205375,0.0002804885483296271,-0.010506815031071648
2012-05-16,-0.0038248818156759734,0.0007478573939381228,-0.0018698996195085638
2012-05-17,-0.01483094949345054,0.0037372733802838454,0.022347090779173184
2012-05-18,-0.008558776511570887,-0.0006515609410753243,0.011452879352412237
2012-05-21,0.017188154220728835,-0.00260784570131134,0.000646980541909592
2012-05-22,0.0017428175085445474,-0.002148077036949192,-0.016618119410660492
2012-05-23,0.0005293905692449474,0.002620977261824642,-0.0030247679400885463
2012-05-24,0.0019657215069430745,-0.0021474637959191245,-0.001384985238363945
2012-05-25,-0.003244642790878105,0.0029000971780264173,0.00838774838488221
2012-05-29,0.01211229860636287,-0.0008392869704740846,-0.010872337457110914
2012-05-30,-0.014510450632400973,0.009522606842024217,0.005893254962718419
2012-05-31,-0.0022005458214414686,0.0038856266106597204,-0.0019090812845146132
2012-06-01,-0.0251770212828617,0.008589169804033459,0.038781196888100666
2012-06-04,-0.0004683398378839687,-0.005763687936009232,-0.0011428106398809756
2012-06-05,0.007572281318139362,-0.003312642630600715,-0.0011442151423203262
2012-06-06,0.02246854896286865,-0.006554786500827081,0.0004455092560180507
2012-06-07,0.0006064003276413654,0.002416226951091449,-0.01723813115026185
2012-06-08,0.00795128399364775,0.0007415954927698643,0.0014886454856897213
2012-06-11,-0.012697254397147417,0.002686351896835193,0.004071640277957922
2012-06-12,0.011490797860511215,-0.005358116799315749,0.007080368815616023
2012-06-13,-0.006394996104406636,0.0052949603047489635,0.004218256263578635
2012-06-14,0.010600678461781143,-0.0026797853974820374,0.004009705335992431
2012-06-15,0.01022730619110468,0.00463189152429444,0.0005704997647584253
2012-06-18,0.0019381154684063873,-0.00027715338660860844,0.0005701744803514597
2012-06-19,0.009672338820406967,-0.003412567436588132,-0.004875508449193711
2012-06-20,-0.0016207334609171786,-0.002036250981639731,-0.0075719166052243825
2012-06-21,-0.02243870113608948,0.0021331602689591556,-0.025325363321968553
2012-06-22,0.007701853628500066,-0.004349120635449122,0.004078378501268132
2012-06-25,-0.016034985104014576,0.00548307293648298,0.00733749424571517
2012-06-26,0.005025776994811881,-0.002217942388449967,-0.007414148220444616
2012-06-27,0.00901659339727967,0.0013900924966601114,0.001376010487393442
2012-06-28,-0.0028535548882394624,0.003237534950113252,-0.011646919832302038
2012-06-29,0.024926594601127672,-0.0046107702422441,0.027408138404537707
2012-07-02,0.00301188781966788,0.0046386981769759306,-0.0006444107348563266
2012-07-03,0.006593743756396764,-0.002492767617391589,0.015281516744723334
2012-07-05,-0.004512312429695409,0.0026843079010401283,-0.011304546946454441
2012-07-06,-0.009503626425870881,0.00350898043982828,-0.012654072807009586
2012-07-09,-0.001254674698824565,0.002761569606406278,0.002146812555150701
2012-07-10,-0.00872007895325122,0.00045810218793951307,-0.012269536951600046
2012-07-11,0.00014915831781325828,-0.0009169310166052824,0.005520944005105832
2012-07-12,-0.004845001074113231,0.0022954829911889796,-0.00261460971900751
2012-07-13,0.016777785897031272,-0.0008245804916942046,0.010157959820154439
2012-07-16,-0.0023574404506429003,0.0022004732196365673,0.00045418012518472217
2012-07-17,0.006867391057187033,-0.0025618836931854405,-0.0047986866023365105
2012-07-18,0.007406900686028228,0.0010092985532623722,-0.002736679257213992
2012-07-19,0.0026203744004991147,-0.0014661047234558744,0.0021561700390366756
2012-07-20,-0.00914829434713671,0.0039456072182313395,0.0018906850756352789
2012-07-23,-0.010112214599016567,0.0016447268247969937,-0.0041647647379081665
2012-07-24,-0.00858688876883662,0.0019165047331644036,0.003202022460124132
2012-07-25,0.00022405200039954387,0.0005467692018543691,0.014004649795792412
2012-07-26,0.016497642716746252,-0.0030952440299339967,0.007066269136341896
2012-07-27,0.018433050685889407,-0.007211924678833581,0.004911583802304831
2012-07-30,0.0,0.0032185719771364862,-0.0006982392728160924
2012-07-31,-0.006994788907514038,0.0017410492742717665,-0.00597082656640302
2012-08-01,-0.0008713253235347329,-0.003647752609155064,-0.008626788012826792
2012-08-02,-0.006904856113366109,0.002391645536862219,-0.006510213425354183
2012-08-03,0.019833517645371224,-0.005230118437343334,0.009212989839486152
2012-08-06,0.0019371995004173748,0.0006460406798465268,0.004821600676860438
2012-08-07,0.005013688071369593,-0.005254509492851889,-0.0001279863856068486
2012-08-08,0.001211764450625541,-0.0013898922985224882,0.0012797347696722472
2012-08-09,0.0008537373632191425,-0.0007422754578145785,0.003259264951112506
2012-08-10,0.0016360813102873628,0.002878417795245891,0.0012101864830207365
2012-08-13,-0.0004971845088386218,-0.0006479755721874314,-0.0075708565852385945
2012-08-14,0.00014206415205308964,-0.004911621640578012,-0.00551317764002035
2012-08-15,0.001136628131712003,-0.005028133848103966,0.003223103102315328
2012-08-16,0.007378314705362321,-0.002432917425311265,0.0059756643744985904
2012-08-17,0.0013380134117828568,0.0012190352892036405,0.001021995813774046
2012-08-20,7.080654400248854e-05,0.0005625461927976083,0.003445592661605268
2012-08-21,-0.003024696121198156,0.0008429553779909504,0.009983513792826137
2012-08-22,0.0004232161794832656,0.007766812145417967,0.010766174119276384
2012-08-23,-0.008178718104179361,0.001763608496677227,0.008409157592958794
2012-08-24,0.006042376505356106,-0.0004630621893002562,0.000494174015419846
2012-08-27,0.0002121881214383059,0.0025956030074323344,-0.003766133270076133
2012-08-28,-0.0009891077880779253,0.00037043120423230214,0.0017352428001844444
2012-08-29,0.0007777339435877106,-0.0006475339109356382,-0.006495935756759552
2012-08-30,-0.007207591262028523,0.001850457415142781,-0.0004358432469381279
2012-08-31,0.004768771559793494,0.0064639183028014635,0.02305006759133854
2012-09-04,-0.0009207279552769787,-0.0022871742613095325,0.001583208530649749
2012-09-05,-0.0008511581572001603,-0.0003681254250175181,-0.0010335492057460538
2012-09-06,0.020296648097254844,-0.0068166544263728035,0.0035299241657396063
2012-09-07,0.0038951315017043964,0.0012975672323871645,0.021529523105697113
2012-09-10,-0.00568136634225469,0.00046351023156265825,-0.006827411176709486
2012-09-11,0.002787441804035895,-0.0018521244246901825,0.003646366398665668
2012-09-12,0.0033354835866550303,-0.004916442438980817,0.00011914397372314589
2012-09-13,0.015236412396371524,0.0028898701610451383,0.02018818143529133
2012-09-14,0.004433906839783397,-0.009388081361119793,0.002860343822002953
2012-09-17,-0.0033954739169680392,0.002064431019759061,-0.008149063622843289
2012-09-18,-0.0008181700975832262,0.002527458829985285,0.007746522133214695
2012-09-19,0.0005457827979504781,0.002335363424930792,0.00011649354949172519
2012-09-20,6.842598811074296e-05,0.000559258736410051,-0.0015721687657199723
2012-09-21,-0.0004182186048802272,0.0021420788870278873,0.0028576747517099488
2012-09-24,-0.0015082199946369057,0.0022308125800922785,-0.005291949445103139
2012-09-25,-0.010641907578689769,0.0037093600925386383,-0.0016369410950092256
2012-09-26,-0.005621007601097183,0.00415686461095599,-0.005621635473730624
2012-09-27,0.009420965610319021,-0.002115777790982043,0.014898997795603108
2012-09-28,-0.004631836430433189,0.0,-0.0026110999060248163
2012-10-01,0.0026398600999144595,0.001855374420704159,0.0023270341375569714
2012-10-02,0.001038699655540709,-0.000645182805457778,-0.0011027174532514117
2012-10-03,0.004082995555507285,0.0010145815379434264,0.0018012640766977839
2012-10-04,0.007167933674457672,-0.0039613682538439665,0.006960135274945767
2012-10-05,6.872540980995545e-05,-0.004531035695715557,-0.005702468116373205
2012-10-08,-0.0034213368596711646,0.0032516119336556404,-0.0033020048751752906
2012-10-09,-0.009887633940576568,-0.0020370375171533395,-0.006160985410008202
2012-10-10,-0.006380121021683505,0.0024119283408940984,-0.0008772977978495078
2012-10-11,0.0005583760595571086,0.0009255138896193671,0.0028097108207538746
2012-10-12,-0.0032785358451294933,9.263842876028328e-05,-0.007354714637855864
2012-10-15,0.008328014654770621,0.000278081323252799,-0.010055224506803517
2012-10-16,0.010133698637496025,-0.004715331557175295,0.006355758993983995
2012-10-17,0.004534453068244515,-0.006315546550499929,0.000708270089035512
2012-10-18,-0.0025989327645929983,-0.0017760445008532244,-0.004423734987025862
2012-10-19,-0.01666471375929157,0.0042136548479316804,-0.010782582723043554
2012-10-22,0.00013973997837957164,-0.0033571470081127375,0.003653354530106512
2012-10-23,-0.013876379714182208,0.0047718572191706166,-0.012829747772893363
2012-10-24,-0.0028281210105759458,-0.002141695253180642,-0.0034455182897020764
2012-10-25,0.0029072204642413,-0.003639406694456837,0.007036295388904268
2012-10-26,-0.0005658851176592039,0.006368771033862686,-0.0005421731981886113
2012-10-31,0.0,0.004094742478045976,0.005424029379860196
2012-11-01,0.01047042151099098,-0.001995483107402163,-0.0045555025984209685
2012-11-02,-0.008891919690589,0.0008371745968889233,-0.020894809825163896
2012-11-05,0.002049177386710399,0.0024151235481137956,0.0038744747870573804
2012-11-06,0.00782520198354586,-0.004541480474062554,0.018807862553296584
2012-11-07,-0.02266386192802816,0.008380827517881162,0.0011425281895340866
2012-11-08,-0.012024250841315975,0.004432957117862513,0.009009549825869767
2012-11-09,0.0008695333417954032,9.120783161087331e-05,-0.0010119540650425085
2012-11-12,0.0007960179355088748,0.0006442036616509661,-0.0022048049089982147
2012-11-13,-0.0034716478592834443,0.00119396351076273,-0.0020901215354142133
2012-11-14,-0.013498359943438842,0.00027556693383035125,0.00023933743071213875
2012-11-15,-0.0016923210080128648,-0.0004590250334888246,-0.006282176951012075
2012-11-16,0.0049375540441569665,0.0006419987707457775,-0.0012643233169258306
2012-11-19,0.020238853706538995,-0.0020168907835832472,0.011996564840836887
2012-11-20,0.0004313605144004029,-0.004136439007867532,-0.0028593300857844284
2012-11-21,0.0018680290382102616,-0.0014766027605046528,0.0010155813941403746
2012-11-23,0.01362477069567003,-0.000554245789775365,0.012234441881278757
2012-11-26,-0.0021219701980952355,0.0016646170576373187,-0.0010613049579774048
2012-11-27,-0.005104971109922918,0.002308311882619707,-0.004249459912872733
2012-11-28,0.008052819779659659,0.0012889909263202881,-0.012803055990465051
2012-11-29,0.004665235976061943,0.0010122232675322529,0.003782585484718659
2012-11-30,0.0002112447708750853,-0.00018442546898600476,-0.00675911995172096
2012-12-03,-0.004924237474190463,-0.0003950935679795098,0.000481793613877457
2012-12-04,-0.0014138970809328688,0.0017491538218439295,-0.010293184034235181
2012-12-05,0.0017696854041027166,0.0008271398441399569,-0.0018246141290523266
2012-12-06,0.0033924007460901517,0.0005505592825654215,0.00231540881134662
2012-12-07,0.0030284187260278816,-0.0028450634973218314,0.004012180316774305
2012-12-10,0.0004211535817142398,0.0009205989804776937,0.0038750264922358113
2012-12-11,0.00680876002823716,-0.0019310898136986054,-0.0009047596653337653
2012-12-12,0.00048800867906750867,-0.004238036309173077,0.0007244816202742754
2012-12-13,-0.0061316174413837965,-0.0019430608993850074,-0.008445491459192933
2012-12-14,-0.003716564049458637,0.002225758703364722,-0.0014600610908572786
2012-12-17,0.011752800238413963,-0.005272882705648851,0.001888731794135401
2012-12-18,0.01112824399093193,-0.003906115130711818,-0.014351742734815875
2012-12-19,-0.007429003963985714,0.0014003806440052724,-0.002406215358110364
2012-12-20,0.005752206336740784,0.0006527384934833513,-0.012122003118760882
2012-12-21,-0.009077088347353102,0.0027014610455617927,0.003756377133691924
2012-12-24,-0.0030810646863455027,-0.001022054015304863,0.0018087275171267958
2012-12-26,-0.00421528961177009,0.0020590891046137205,0.0009961627877814738
2012-12-27,-0.0013408526084848216,0.0020442025810036846,0.002363508432004169
2012-12-28,-0.010807595815869098,0.0023188064254073826,-0.0038471727592938043
2012-12-31,0.01699616699153239,-0.005274513954963145,0.009218955078005298
2013-01-02,0.025629863522683705,-0.004559081415572264,0.007097851290946089
2013-01-03,-0.002259032231775815,-0.005139703845415067,-0.012073305404241008
2013-01-04,0.004391634344311779,0.00046968617667308976,-0.004714606211065564
2013-01-07,-0.0027324665743613252,0.0005634363917650376,-0.006295249004336423
2013-01-08,-0.002877573029554936,0.0024401181949211814,0.007087781062064646
2013-01-09,0.002542254519571019,0.000561458318125263,-0.0004359246792099425
2013-01-10,0.00794931913203678,-0.002900415866390893,0.00928400637657445
2013-01-11,-6.753937026005019e-05,0.0031901920637502634,-0.0056797023904903154
2013-01-14,-0.0006803385427298636,-0.00037415160182385776,0.002980229323326755
2013-01-15,0.0006808017183788095,0.0024332339281216697,0.006314252289550515
2013-01-16,-0.00013645964625663698,0.001306696293085663,0.0005536192128581252
2013-01-17,0.006460602989612374,-0.00456804641662778,0.00430379485582244
2013-01-18,0.002229614312685424,0.002810278490812168,-0.0015917340429129068
2013-01-22,0.005393691834616243,0.0008396116933362396,0.003556329904214506
2013-01-23,0.0016090338324212805,0.0004667235189816932,-0.00281048121356553
2013-01-24,0.0002681381225841939,-0.001678765827771822,-0.01096751713306432
2013-01-25,0.005621803732814401,-0.006633727029157099,-0.004770191309598659
2013-01-28,-0.0011980518374017368,-0.0020686226743656944,-0.0022409002429438774
2013-01-29,0.003931739819036384,-0.0015075006625975274,0.004367160997889918
2013-01-30,-0.003916341782106758,0.000566361205290633,0.0074538599123976645
2013-01-31,-0.0024652995169266445,0.0008482815308739067,-0.006103985931695921
2013-02-01,0.010287049866162246,-0.0033968695378598923,0.0015508685157126223
2013-02-04,-0.011240642114780597,0.005776076245456618,0.0034066464054138823
2013-02-05,0.010098133396172493,-0.0035774676446903575,-0.00024687213662233365
2013-02-06,0.0007282402605177651,0.003023666741712505,0.0026549312049666263
2013-02-07,-0.0013230345481901606,0.00047136379898815584,-0.003386926866340456
2013-02-08,0.005563699313697157,0.0007531857425968624,-0.0016682465384403322
2013-02-11,-0.00019714078149135617,-0.0010354211269000269,-0.011573994499016527
2013-02-12,0.0016471938834934363,-0.0010363000348477813,0.0011897460553353945
2013-02-13,0.0008552308364908612,-0.0034884860800934447,-0.005253588974277079
2013-02-14,0.0009202939560966072,0.004257518898802992,-0.004401112447727451
2013-02-15,-0.0011820660556528528,-0.0009410677231554976,-0.016356245638453393
2013-02-19,0.007494709839496405,-0.0016032869181300535,-0.0027606104965699485
2013-02-20,-0.012463583338666928,0.0021717078425045333,-0.025043451643549264
2013-02-21,-0.0060788994310677635,0.0019795727688636244,0.0077918162754770925
2013-02-22,0.00977272197457335,0.0012228670313534362,0.002293317486000923
2013-02-25,-0.019027127242427055,0.007703742321597984,0.008955972453781325
2013-02-26,0.00684576398446235,-0.0018652703055256348,0.012180931238955583
2013-02-27,0.0125982197695782,-0.0004662014992439234,-0.01056198875682579
2013-02-28,-0.001974912264769313,0.0014020520698581063,-0.010157257228600503
2013-03-01,0.0032981182577662693,0.002494095148882991,-0.003660114762050637
2013-03-04,0.005325087184068211,-0.00232956459714706,-0.0009183901036885489
2013-03-05,0.00895851548369997,-0.001028006191518993,0.0005252910666555533
2013-03-06,0.00136089002805595,-0.0031790970323996026,0.0055780996028989005
2013-03-07,0.0018121576671064066,-0.0038461218794534346,-0.0035240703595200706
2013-03-08,0.004264209028359778,-0.005085709845123576,0.00013101232655099437
2013-03-11,0.0037961583898120654,0.0004736185589047093,0.0018335326238412275
2013-03-12,-0.0022430609956813896,0.0027434844923632795,0.00784362968269714
2013-03-13,0.001412793974415738,-0.0008485537601574666,-0.0034373096238732304
2013-03-14,0.0053242416976493345,0.0002827023425477915,0.0001300859898183404
2013-03-15,-0.00132008807370676,0.0034936841275015063,0.0020822965868685372
2013-03-18,-0.005518849224555367,0.0032922434473017237,0.008961070667613535
2013-03-19,-0.002323205809236506,0.0030941362780063653,0.00450506452725441
2013-03-20,0.006985352090684627,-0.0038324595854487553,-0.004548992218975756
2013-03-21,-0.008542263501399305,0.0026270262662024813,0.005663930684613572
2013-03-22,0.008032734948621112,0.0003747744676287912,-0.004479980468749978
2013-03-25,-0.004177219796125953,0.0007481115532441684,-0.0019929125844543316
2013-03-26,0.008002521400703344,0.0010284863462393101,-0.003349679554628948
2013-03-27,0.0,0.004295789289466834,0.004136500676053423
2013-03-28,0.0030735147546590014,-0.0018596454353952963,-0.0058573870914927495
2013-04-01,-0.003957545486651504,0.002658473537683559,0.001424417125607702
2013-04-02,0.0049341336097652455,-0.0019538930256012277,-0.014482482185829704
2013-04-03,-0.010138855547488612,0.004194630872483174,-0.011152640752650878
2013-04-04,0.004058523228420263,0.003991916455136968,-0.0029191431956356872
2013-04-05,-0.0044911947129002705,0.0031440393342627715,0.016767611850665
2013-04-08,0.006767400564044568,-0.0032261720122465087,-0.004253608447543744
2013-04-09,0.0034567779684637756,0.0003698987297575673,0.007754946420753139
2013-04-10,0.012248670091217662,-0.004159346479981285,-0.016890546496319603
2013-04-11,0.003277261981675439,0.0011133460374603832,0.001990069995076782
2013-04-12,-0.0024504582059439173,0.005563496609110707,-0.04700434266845255
2013-04-15,-0.02317328494219828,0.0022123841334842353,-0.0878082643808128
2013-04-16,0.014763081739670225,-0.002851169177196189,0.011347235708379255
2013-04-17,-0.014611739191672024,0.0018447327909345557,0.0005270486733528479
2013-04-18,-0.006253957976845692,0.0005526945398555139,0.010762459449999096
2013-04-19,0.008693316905591386,-0.000552389237340134,0.008711825334020373
2013-04-22,0.004438319362634946,0.0005526945398555139,0.01793749652236576
2013-04-23,0.01030905231522361,-0.000643964823232146,-0.007396584908027859
2013-04-24,0.0006338957266081024,0.00045987868792529696,0.010885375374223738
2013-04-25,0.004053587172025086,-0.0011047927774739952,0.023560091643163306
2013-04-26,-0.0017662845991676113,0.0035946425801245407,-0.005083677157950217
2013-04-29,0.006698480262230966,-0.0003671621024461391,0.009864447899536888
2013-04-30,0.0023853036284740003,-0.00018431010600661324,0.003302889744367654
2013-05-01,-0.008767269340313688,0.0032667662124712393,-0.011627117828906464
2013-05-02,0.009287326844195531,0.0,0.005740185352492544
2013-05-03,0.010141014094224854,-0.008528069603295219,0.0011978450615743874
2013-05-06,0.002540696425599398,-0.00129470402094789,0.0004222504056590193
2013-05-07,0.00506887001527323,-0.0013894502084175198,-0.012451558843968757
2013-05-08,0.00455025765342798,0.0012059419059047283,0.014816938016144476
2013-05-09,-0.0028155996540988326,-0.00018569409282442884,-0.011582262231585427
2013-05-10,0.003253623625836033,-0.005651537006348462,-0.008593079156717032
2013-05-13,0.0007957841001915433,-0.001769423665912262,-0.00838118464598625
2013-05-14,0.01033380916087312,-0.004013819485251702,-0.004478762912597967
2013-05-15,0.005386410652974183,0.00262333416402849,-0.02307519579215711
2013-05-16,-0.00469554497259328,0.004767137217698059,-0.004011056416375558
2013-05-17,0.009677544006926997,-0.005395939782569914,-0.02252210527369891
2013-05-20,-6.004313709806475e-05,-0.0007476955983217737,0.030899424480465454
2013-05-21,0.0014369964711078431,0.0026210086170515012,-0.01657778504530205
2013-05-22,-0.007417260980138063,-0.007935422305476836,-0.007074069889109635
2013-05-23,-0.002892582705949942,0.0010352878747166283,0.02023645687084974
2013-05-24,-0.0008465558058559086,0.0003758418771113714,-0.006314583609401292
2013-05-28,0.005989000956046153,-0.011745594545108151,-0.002018458618119001
2013-05-29,-0.006494319153013461,0.004088615891112424,0.010038177262336356
2013-05-30,0.0036921948344237343,9.419227738138858e-05,0.013869280514663629
2013-05-31,-0.01435212640308392,-0.0027457187171714414,-0.020336494816085793
2013-06-03,0.005506161194015924,0.0014456175309882635,0.01933987733947884
2013-06-04,-0.004806755576164723,-0.0025638087934082288,-0.009376593881796569
2013-06-05,-0.014000814000813988,0.00485470936990251,0.002144557820634496
2013-06-06,0.009052803533014409,0.0012311666543380895,0.007452733729297778
2013-06-07,0.012720394302600635,-0.0077578991791539265,-0.023804292309807185
2013-06-10,0.0,-0.002479218602426725,0.0049520083144831695
2013-06-11,-0.010314931282349171,0.0024853804037578975,-0.005151578533889478
2013-06-12,-0.008277783746227563,-0.004480576845160789,0.007504690431519689
2013-06-13,0.015208964044175044,0.007565973268178761,-0.0037988417641410255
2013-06-14,-0.006272351747484417,0.0013308951147545933,0.005159168194085684
2013-06-17,0.007721473639985321,-0.00237370403134185,-0.004909532390677707
2013-06-18,0.007905784352547185,-0.0005709389998500569,-0.012259844040283574
2013-06-19,-0.01381700247855433,-0.013710070670981067,-0.011655252312203657
2013-06-20,-0.02477836905370745,-0.004536668789200671,-0.053526288841325154
2013-06-21,0.0032100513525410435,-0.010570844721220052,0.011731428766484253
2013-06-24,-0.012636014420481678,-0.002450610631100081,-0.008956439178321784
2013-06-25,0.009614605273439825,-0.0011783076852036611,-0.003711765378358045
2013-06-26,0.00990080356504297,0.004032795738269979,-0.04203452166594779
2013-06-27,0.005869624189819511,0.005388606724604061,-0.019783533666219655
2013-06-28,-0.004096857406421517,-0.0011694618755428987,0.02734171211137748
2013-07-01,0.0058592591643666925,0.00038113331046063514,0.016959085154188536
2013-07-02,-0.0009293648514708819,0.00039119582228086536,-0.00891599295095069
2013-07-03,0.00043413064806574475,-0.0019528133627213506,0.005747561803178369
2013-07-05,0.010788739021367011,-0.01682348674819023,-0.021948000437012394
2013-07-08,0.005704764378197114,0.005869620911693074,0.012024776377135282
2013-07-09,0.007197340699079735,0.001681032368336055,0.009287930637690511
2013-07-10,0.00036355834080037397,-0.0035548411628609777,0.0027358165656277134
2013-07-11,0.013620822859151671,0.010008622047360083,0.027201331116487815
2013-07-12,0.00041763674876094115,-0.0007849939084553226,-0.0008853880573321815
2013-07-15,0.0038208885235666568,0.0031414362708610533,0.00040282810653535783
2013-07-16,-0.0037465949304863466,0.0004895692953692521,0.0057174994582687155
2013-07-17,0.0025667570375964566,0.004402263327969447,-0.01257106015291043
2013-07-18,0.005477711927958984,-0.004675319282854917,0.0055952192921975286
2013-07-19,0.001776518562230045,0.005480478221890683,0.008870239941715985
2013-07-22,0.0019508624276427522,-9.714169053065547e-05,0.029813729592696125
2013-07-23,-0.0021238758832035076,-0.0011682074030955336,0.006752642042110235
2013-07-24,-0.003665715212718079,-0.006723750624756275,-0.017192222970528803
2013-07-25,0.002433191949475777,0.001470757669927325,0.009334756673011979
2013-07-26,0.001065351989120833,0.0008819215911972655,0.0008549048878288001
2013-07-29,-0.00307529585840427,-0.0020547667660181235,-0.002407187152758228
2013-07-30,0.0,-0.00029428608587644955,-0.0027244189319679535
2013-07-31,0.0007119683826444234,0.0006863669842500641,-0.0012487983048118378
2013-08-01,0.01155832250199973,-0.008825927941615186,-0.010550160079556559
2013-08-02,0.0016993485477487802,0.00851812361658788,-0.001974567560183438
2013-08-05,-0.0014628273552054205,-0.0031424413611457203,-0.005223200846164677
2013-08-06,-0.005681971456375834,0.0002954128434817793,-0.013762893950199695
2013-08-07,-0.003240634548218102,0.00364359219546162,0.0014519666322767577
2013-08-08,0.003665074336246521,0.001472974577103603,0.02182842570410881
2013-08-09,-0.0028858508811191452,0.000686216671786033,0.0
2013-08-12,-0.0011813051021906107,-0.0019586303597025623,0.017893774724416334
2013-08-13,0.0029566993257212904,-0.009026477285152712,-0.010764399957271298
2013-08-14,-0.005129604898249318,0.0008908280678525671,0.00986380270316145
2013-08-15,-0.013985948533739245,-0.005540043940932549,0.020852732103924465
2013-08-16,-0.00330588380068908,-0.003878848092870868,0.006758291238125214
2013-08-19,-0.006391927937653419,-0.0042947520655962634,-0.004299346178506691
2013-08-20,0.0049160470265532386,0.005415868477190555,0.0033330994600069275
2013-08-21,-0.0061608212221846426,-0.006284392253547155,-0.002868928899801504
2013-08-22,0.009115935982623835,-0.0004014541515834358,0.0056030150173187465
2013-08-23,0.0033717245858480016,0.0056242596244073795,0.01573673952496346
2013-08-26,-0.0037208158180752626,0.0019967439349375393,0.004077116950649051
2013-08-27,-0.016084330830763327,0.005681302441516989,0.009597660251366102
2013-08-28,0.0035513423113957554,-0.004063819160453064,-0.0002924554744629937
2013-08-29,0.0015861392120128937,0.0009955600486040161,-0.0061444777662679195
2013-08-30,-0.003167602435932504,-0.001889041929203139,-0.009199970890717113
2013-09-03,0.004522034730752189,-0.005675303537267862,0.013370993292570743
2013-09-04,0.008273197716970548,-0.0033102281899831665,-0.012901294021836374
2013-09-05,0.0012667183808596771,-0.007649249318427032,-0.01826828046165707
2013-09-06,0.0004822437197387064,0.006085320925026894,0.014750355470928067
2013-09-09,0.009575705164958315,0.0020161369238487215,-0.0017889694021170355
2013-09-10,0.007397360166202516,-0.0046274865608599836,-0.016204899631104497
2013-09-11,0.003138260717789665,0.005053327946421771,-0.00030369320824075174
2013-09-12,-0.002656328910312089,0.0001009077795377511,-0.030599839579955712
2013-09-13,0.00224927423147836,0.0013072506534712591,0.0011749160180953844
2013-09-16,0.00578761152442997,0.002209666279234579,-0.010718218978664984
2013-09-17,0.004462289580572154,0.0020031950782322117,0.0003954373504513331
2013-09-18,0.0115741706290029,0.01240039556685546,0.04355726882874267
2013-09-19,-0.001676098915236457,-0.0034578753868914625,-0.0019695062317609535
2013-09-20,-0.006991009780827118,0.0009918410364329056,-0.028766610364533873
2013-09-23,-0.004627747607290789,0.0037625902388773724,-0.0032040953082861368
2013-09-24,-0.0023536045384975335,0.003649398853166952,0.000862411663815843
2013-09-25,-0.0028901656626203476,0.002752707662807774,0.0088515556290778
2013-09-26,0.003845120237161881,-0.002156417922407061,-0.007764519160924133
2013-09-27,-0.004596470303610323,0.001375441399952937,0.009233901688096902
2013-09-30,-0.005328230811676327,0.0016674480166689598,-0.006125521729428818
2013-10-01,0.007915689208888743,-0.0022265679491497714,-0.028007462498232272
2013-10-02,-0.0009447889449517577,0.0016712955589512912,0.019825036466045276
2013-10-03,-0.009220655387350951,0.0013740351315640886,0.0009444573342343165
2013-10-04,0.007576670749778414,-0.0027442994992048497,-0.005110878473967517
2013-10-07,-0.008645386124440102,0.0008842300345641707,0.008772628001741278
2013-10-08,-0.011646067138067706,-0.0004904598742515587,-0.0018802715834939088
2013-10-09,0.0007253776678426416,-0.0017686667658224353,-0.010125595761985129
2013-10-10,0.021557796903113546,-0.002164273325351296,-0.014590468308459559
2013-10-11,0.0064431975641172645,0.0014790153193144917,-0.013438466355977674
2013-10-14,0.003993627190653104,-0.0033480128941146825,0.0018760469803931201
2013-10-15,-0.007253939274637133,0.0001976865332726785,0.007327212508852821
2013-10-16,0.013966133846625928,0.004840598985698552,-0.0015356214034694116
2013-10-17,0.006683019124980927,0.005701657205865018,0.031406809330291274
2013-10-18,0.006754639093212944,9.734129603744535e-05,-0.004473392740662829
2013-10-21,5.7441135323577086e-05,-0.0006836164316459392,0.0010248709844409287
2013-10-22,0.005791232250052847,0.0069448255999731145,0.01858554826403047
2013-10-23,-0.004789117132631193,0.0017473234168690066,-0.00502546710134677
2013-10-24,0.0033227279822356515,-0.002035631263837545,0.009402373394382657
2013-10-25,0.004567567138036743,0.0017487257548938206,0.004311107341768539
2013-10-28,0.0015910784237862519,-0.0009697194008699839,0.0007664482567892872
2013-10-29,0.005334174314021389,0.0013590636170546233,-0.006050806532669206
2013-10-30,-0.004967274239924158,-0.002618087456743634,-0.0013099958645943488
2013-10-31,-0.002835625353728166,-0.0011663843276031871,-0.014351914754235917
2013-11-01,0.002389220114604962,-0.005545901567719391,-0.006184444408475875
2013-11-04,0.003518010338783073,0.0019602930813895636,-0.0011027915952256384
2013-11-05,-0.003166749854710993,-0.004500590515026159,-0.001971453393369016
2013-11-06,0.005105863766930563,0.0030468601403501605,0.005056885287565871
2013-11-07,-0.012643436389711327,0.0026447802616755833,-0.008176048043114337
2013-11-08,0.01349142336123954,-0.011237044401505192,-0.014901750382376844
2013-11-11,0.00016907739921157017,-0.0004936906456294299,-0.0032989703632273493
2013-11-12,-0.0020302944450216742,-0.0008897669946603681,-0.01146367778198043
2013-11-13,0.00802416484192281,0.004156011003660698,0.003266651987324787
2013-11-14,0.004989631782307935,0.004828712133943869,0.01155879679757943
2013-11-15,0.004351262689026303,-0.0007838998206801673,0.000402374290726204
2013-11-18,-0.0034994574757651886,0.0035333162818518282,-0.011422121721614165
2013-11-19,-0.0021733906191804264,-0.003716762436178689,0.0004067975731698592
2013-11-20,-0.0031282577203741724,-0.0054974837785725095,-0.02301744019441898
2013-11-21,0.00806874309806127,0.000888160375698277,-0.0014985040048288711
2013-11-22,0.005002349768733261,0.0028600473707276475,-0.00016678565994432404
2013-11-25,-0.0009952388143765756,0.0007866594105383484,0.004503009704574623
2013-11-26,0.0002763404266650227,0.00216281421120601,-0.005312961933526483
2013-11-27,0.0024356514817491792,-0.002256139679679303,-0.0030045118616964794
2013-11-29,-0.0006626355812724416,-0.0005898890493986064,0.010380025726374864
2013-12-02,-0.0025967471664216646,-0.004294146102946761,-0.025849173124050884
2013-12-03,-0.0043204740752674775,0.001780460927801597,0.0032318187404349885
2013-12-04,-0.00011166727030198498,-0.004542515620264087,0.016954900097682968
2013-12-05,-0.004395335326851879,-0.002479613907427791,-0.013837913015870673
2013-12-06,0.011177276588863805,0.0008952764256988655,0.0021132712895250982
2013-12-09,0.0025416181335442545,0.0011916573677377418,0.009869237780065765
2013-12-10,-0.0035828158456455705,0.004167905552773243,0.01754091590969642
2013-12-11,-0.011230979370567273,-0.003854105628586235,-0.007880471900160724
2013-12-12,-0.0033016210587500927,-0.00287668988251899,-0.02126427007980758
2013-12-13,-0.00011151353310800971,0.0014926335181475459,0.009214610951512325
2013-12-16,0.006231633166526418,-0.0004971060747575029,0.002596793391862917
2013-12-17,-0.003180412689742007,0.0031806350837879638,-0.008689121015236445
2013-12-18,0.017072532692613773,-0.00376447475711994,-0.00876528362539053
2013-12-19,-0.0011556503318287392,-0.00417762861769666,-0.023722480240186083
2013-12-20,0.005816655318333863,0.00309603655315982,0.00975442213515798
2013-12-23,0.005342566687167816,-0.0031863222356323107,-0.0031913294703354023
2013-12-24,0.0021913763490253313,-0.003894584638926779,0.004585954665539571
2013-12-26,0.005084185261937213,-0.000864076653073087,0.005512484048749489
2013-12-27,-5.4393220576542944e-05,-0.0006033251780834803,0.0032551386822532447
2013-12-30,-0.00016308609706383592,0.002716244841550086,-0.014771203179331338
2013-12-31,0.004732932156695124,-0.004513419409445163,0.006326400561529999
2014-01-02,-0.009583924321434845,0.003928689748511793,0.0161901240867246
2014-01-03,-0.00016391528545045553,-0.0006020093476041266,0.010932211148536819
2014-01-06,-0.002897821814234147,0.0028124969088538787,0.0017604081051298959
2014-01-07,0.006141737520554802,0.0016020235487494983,-0.0056903791228098966
2014-01-08,0.0002180234796096414,-0.004899606246650201,-0.005891238428211043
2014-01-09,0.0006535173663413385,0.002612508452953355,0.0028783976463329086
2014-01-10,0.0027227148547950275,0.008419021475104094,0.015195028411862932
2014-01-13,-0.013304749563009977,0.0028818382733513115,0.006319594988656307
2014-01-14,0.010897760429429582,-0.003765669957502382,-0.009337277183627424
2014-01-15,0.005389985950803311,-0.000895585913878949,-0.0019183895963796882
2014-01-16,-0.00129967975637868,0.0027882369377656424,0.0010863885127820883
2014-01-17,-0.004229788051037686,0.0023829842144180713,0.009516648976840125
2014-01-21,0.0029405484524891445,-0.0010897973505936687,-0.010171201139746788
2014-01-22,0.0006515847764763105,-0.002776195677596016,-0.004260605846602372
2014-01-23,-0.008193156356387177,0.006761218864979934,0.02181389731407446
2014-01-24,-0.02133588915319684,0.00404946362658043,0.00410542734412811
2014-01-27,-0.004918850702284594,-0.0030494190462692083,-0.010875801955168796
2014-01-28,0.005954947905314922,0.001479731584504984,-8.268961893320714e-05
2014-01-29,-0.009605360583597622,0.004729545202179608,0.012567212160504493
2014-01-30,0.01060033071409161,-0.0009808247809448556,-0.02204625255756343
2014-01-31,-0.0058585105394763914,0.00392555635054026,0.002671785119756409
2014-02-03,-0.022505512300410313,0.005436545262766046,0.010242346527122859
2014-02-04,0.007004628048162598,-0.003020373053098546,-0.002720094229185732
2014-02-05,-0.0012537959650019692,-0.0036148284422228283,0.0024795690309509233
2014-02-06,0.013186330186808926,-0.0018627747023645114,-0.0004122602966476485
2014-02-07,0.012396046983876863,0.0026527433572622883,0.00767073838306076
2014-02-10,0.0018365246718605732,0.0004898350292827924,0.0061389867499452855
2014-02-11,0.01094422861775124,-0.004407151028408052,0.011714956580352709
2014-02-12,0.0004942858035859032,-0.002361098038214715,0.0005628794988796759
2014-02-13,0.00516333474773778,0.004733372031847871,0.008518826295861093
2014-02-14,0.005518303422712645,-0.0006871640774335219,0.01322817507664209
2014-02-18,0.0011957130366495594,0.0024551055325081617,0.0019661816515914587
2014-02-19,-0.006621979710137227,-0.0019596515345357,-0.00886973994723983
2014-02-20,0.005901533941923942,-0.001079501773616487,0.010532999654813135
2014-02-21,-0.0011410751026701416,0.001277778281314923,-0.00015671350552937113
2014-02-24,0.005547101457439085,-0.0009818050729977212,0.011051917556613278
2014-02-25,-0.0003785903828265047,0.003438201293990417,0.001705567961347132
2014-02-26,5.4104823969725047e-05,0.002936223129936355,-0.008513319761305871
2014-02-27,0.005247170781552235,0.001172435941958705,0.0007024926817724708
2014-02-28,0.002529414990179113,-0.0009756881403045758,-0.00452413584607414
2014-03-03,-0.0070322624933161215,0.004945920715898833,0.02092141108046075
2014-03-04,0.014055595812175747,-0.007683624338994166,-0.012357054979777349
2014-03-05,0.000906748665956858,0.0010784559867054178,0.0016320075055982208
2014-03-06,0.00228994646492775,-0.0043092757782909885,0.009930939447266862
2014-03-07,0.00042505619709309883,-0.004326234203801516,-0.008296856773808758
2014-03-10,-0.00053081938765287,0.001086457857529144,0.0003099275393667611
2014-03-11,-0.0049425652873748005,0.0009871344048340003,0.005653184387327759
2014-03-12,0.0002666684907288719,0.003941451943680674,0.014631094159512248
2014-03-13,-0.011212979944454027,0.005891251922577778,0.003415393334794903
2014-03-14,-0.0028080822730475186,9.689309955196457e-05,0.006731709737936908
2014-03-17,0.009043498730152866,-0.004000477604110264,-0.010969246032428437
2014-03-18,0.007137895678246631,0.0024491736963900834,-0.007748437231769989
2014-03-19,-0.005328477189404657,-0.009285506423808987,-0.019369153834579822
2014-03-20,0.005839520197777892,0.000196787894399586,-0.0017955791561766743
2014-03-21,-0.003878804974564609,0.0018743578325488564,0.0047708478604697735
2014-03-24,-0.004135496783776671,0.000394057434543571,-0.01782518014920287
2014-03-25,0.004746053188680488,-0.0005904051396321552,0.001822819435546963
2014-03-26,-0.0071924366291320485,0.004234533692555775,-0.007910766324103369
2014-03-27,-0.0021084635667856233,0.0009807358783906484,-0.006538611755630641
2014-03-28,0.004930041762624571,-0.003526813198361012,-0.00024077999982841103
2014-03-31,0.00819458849646093,9.809544607319864e-05,-0.007626822148863011
2014-04-01,0.006630688688213482,-0.0020683574633414414,-0.0017798011456744423
2014-04-02,0.0033465966721493157,-0.004342265847351423,0.007537080069503599
2014-04-03,-0.0013236307450443796,0.0006940280448604064,-0.003217515499202017
2014-04-04,-0.011822200184935627,0.006141670220943363,0.013315054472720078
2014-04-07,-0.011051334954264247,0.002362180373527867,-0.00525600091039935
2014-04-08,0.004123007271640944,0.0013750798351848115,0.009446742784294582
2014-04-09,0.010750685004777383,-0.000294234111085534,0.0018241205774742753
2014-04-10,-0.021005876269307167,0.004218398651555377,0.005462337263087758
2014-04-11,-0.009008803336527094,0.002051886589969243,-0.000629886069672625
2014-04-14,0.007878303343501036,-0.0015602112740553675,0.0072480750550174555
2014-04-15,0.006888394277933196,0.001171666444248265,-0.018459136789346742
2014-04-16,0.010477051388155134,-0.001560229468111185,0.0003984624480757315
2014-04-17,0.001396983052551537,-0.0056660390802077965,-0.006292822285853816
2014-04-21,0.0034870322279361154,-0.00019668220343604936,-0.004088193476797453
2014-04-22,0.004544898605703063,-0.00039215149136673233,-0.003702503963152304
2014-04-23,-0.002342056165237305,0.0025550982466204797,-0.00016154987286798317
2014-04-24,0.002027151323720222,-0.0002938505313970774,0.006464087011591069
2014-04-25,-0.008198819373204769,0.001372696243502114,0.0069846079289843654
2014-04-28,0.0031674122519709247,-0.0014692527863714444,-0.004384940209038124
2014-04-29,0.004655345685780743,0.0008831856667506077,-0.00016012686984456792
2014-04-30,0.0029826854435861527,0.0026458331394758616,-0.005125735916385876
2014-05-01,0.00010624681483606402,0.002879060881756157,-0.003381083278200192
2014-05-02,-0.0014340302762293478,0.0014646856492999127,0.010177661355219803
2014-05-05,0.0019141879836694908,-0.0005848011278040133,0.009275577200982044
2014-05-06,-0.008703573741635107,0.0011707784402865684,-0.001901424983746236
2014-05-07,0.005889233854476039,0.0007799664454288813,-0.014367400696601473
2014-05-08,-0.0010647003045294312,0.001071016755178622,0.0
2014-05-09,0.0014921491573678392,-0.0007781325055219446,-0.0005637408058023485
2014-05-12,0.009735745892752501,-0.0026285735483888573,0.006768766942896631
2014-05-13,0.0008957100468216517,0.003903462175136596,-0.002721337927335088
2014-05-14,-0.004737309421068425,0.004570081891170474,0.009711068212604923
2014-05-15,-0.00878082385657819,0.003580130058642439,-0.008266440948327625
2014-05-16,0.00346884002481862,-0.002121476269818401,-0.0021639548796237307
2014-05-19,0.0036691376534370157,-0.0012559503216161838,0.0006425849883908707
2014-05-20,-0.00630534701215546,0.0029027270377179892,0.0008829716546379096
2014-05-21,0.008424816466354068,-0.0015435560208022503,-0.0024059912253091564
2014-05-22,0.002432090869442405,-0.001063718169921568,0.0022509750033827824
2014-05-23,0.004008836392041415,0.0020317889046030935,-0.0012833563412588678
2014-05-27,0.006146512905992552,0.00028973653343133954,-0.02136377492949515
2014-05-28,-0.0007311645577477988,0.0055001888044643454,-0.005334440164288856
2014-05-29,0.005173041358954578,-0.0012471987861075728,-0.0021451692523308807
2014-05-30,0.0016112409840443043,-0.0007688827269759502,-0.004216984669547563
2014-06-02,0.00114201432252381,-0.0045752503458077465,-0.00606164041421331
2014-06-03,-0.0005184964419712168,-0.005032754104259296,0.002589851260583753
2014-06-04,0.0020229322714495623,-0.0007784875080264486,-0.002083159699607484
2014-06-05,0.006522238778503553,0.0014607033185074503,0.007515042667209704
2014-06-06,0.004782691626369795,-0.000777664162566527,-0.00041441281485321557
2014-06-09,0.0010235420428170716,-0.001458924676270179,0.0003316550478809077
2014-06-10,0.00010248923239886132,-0.0017539342427618232,0.006133426062251646
2014-06-11,-0.003476799400427555,0.001366185969057021,0.00016479341429698202
2014-06-12,-0.00707973370312065,0.0038981610931918542,0.010130925709896266
2014-06-13,0.003048470339299225,-0.001941365656793037,0.0026092604078342685
2014-06-16,0.000823912987834019,0.0,-0.004391679566916329
2014-06-17,0.0027794063927601975,-0.004182510287401131,-0.001143599017664143
2014-06-18,0.007340070088016182,0.0052744034677303375,0.0031893964143094866
2014-06-19,0.0011210867299216165,-0.002526011414285767,0.03480887206487204
2014-06-20,0.0020298015987991747,0.0011688490836614385,-0.0034662236721583195
2014-06-23,-0.0003059154543783027,-0.000681473278834388,0.0027667863566884776
2014-06-24,-0.006024053341610491,0.004089570140934473,0.0010248709844409287
2014-06-25,0.004519614806209882,0.0009696995249000029,7.870929730424692e-05
2014-06-26,-0.0007159116151149725,0.002614755320307527,-0.002047362085278892
2014-06-27,0.0019444580510674658,0.0,-0.0005523529785370629
2014-06-30,-0.0005109020551871124,0.0007739788297973504,0.010895228044559557
2014-07-01,0.006693463403917965,-0.003269594000147258,-0.0026553917191389775
2014-07-02,0.0010147712966530609,-0.004075734352629201,0.0
2014-07-03,0.004918458725235331,-0.0020462559164879934,-0.0042286084497847876
2014-07-07,-0.003481301679543969,0.002441238090651332,-0.001101030316222662
2014-07-08,-0.00643022530921411,0.004577524911409059,0.0003936628332492642
2014-07-09,0.004484338194948423,0.00019393179522975146,0.0060596257567928635
2014-07-10,-0.0039573539984318895,0.0021324465814680504,0.005475570778272321
2014-07-11,0.0013757162416543345,0.0016442535089069565,0.0018671659071103353
2014-07-14,0.005035243094824171,-0.002221337412770641,-0.02376143490914273
2014-07-15,-0.0018727709492522004,-0.0008703466451350783,-0.009465498169358044
2014-07-16,0.0037018540873015038,0.0014526847808327137,0.0035333047917720517
2014-07-17,-0.011366359467422482,0.0058038650452694185,0.016964032139549223
2014-07-18,0.010219018053153617,-0.0020193026005139725,-0.007553695114762227
2014-07-21,-0.0018712576616556342,0.00028879271285853214,0.0016649416399394656
2014-07-22,0.004358156777517275,0.0012521061602519534,-0.004749077817894132
2014-07-23,0.0022199959701489913,-9.540722937406709e-05,-0.0009543114301423516
2014-07-24,4.988577004172434e-05,-0.004042288286673634,-0.010109888908560016
2014-07-25,-0.004681231269696773,0.003865049129191833,0.011580236904513708
2014-07-28,0.00040452975162486027,-0.0011550794196871772,-0.0016694417914321358
2014-07-29,-0.004297074600369988,0.0013495382470813944,-0.003025998385664197
2014-07-30,0.00015198377677405617,-0.0070253296044592295,-0.0029552326374295834
2014-07-31,-0.019747877903192657,-0.000290416074816946,-0.011535707925047878
2014-08-01,-0.003055693116673641,0.005885579832744625,0.008023323354133804
2014-08-04,0.007220343297853038,0.0005791504109382561,-0.003135547501692204
2014-08-05,-0.009695586402752143,0.00048215247261595984,-0.0009677806214604123
2014-08-06,0.0003118851469583461,0.0008682879350336847,0.014531326248904408
2014-08-07,-0.005414363599495653,0.004529675038791758,0.0040582648496965135
2014-08-08,0.011568962793728765,-0.0008636227348060022,7.92687922512858e-05
2014-08-11,0.002897936861712358,-0.00048022651903645297,-0.0018226749543045484
2014-08-12,-0.0013931684481048867,-0.0014408901289248988,0.00023816115842256735
2014-08-13,0.006768916386135082,0.003270627496305911,0.0016667917138926125
2014-08-14,0.004721814362843801,0.00201409055754187,0.0008716371870964856
2014-08-15,-0.00020448067200073972,0.0040190288084291925,-0.006571088731714525
2014-08-18,0.008379415254460287,-0.0031456798104124717,-0.004144120645117932
2014-08-19,0.005218837931315612,-0.0010514213794318161,-0.002240707277115117
2014-08-20,0.002671547022416343,-0.002967271052120135,-0.003689437627099168
2014-08-21,0.0029160396723242332,0.0021114171791678515,-0.010787344663637288
2014-08-22,-0.0015541041811052425,9.711170016357684e-05,0.002522828734679683
2014-08-25,0.005070364422605778,0.0007656768542092518,-0.003652930990489689
2014-08-26,0.0006498004410737668,-0.00019127276042674168,0.004969860037219664
2014-08-27,-0.0003998181628486197,0.002776145403555308,-0.00024320048372894476
2014-08-28,-0.0005489913507069621,0.001336511017026254,0.0055141121217852085
2014-08-29,0.0028480058690703025,9.559713074769327e-05,-0.0011290273358744995
2014-09-02,-0.0004980827486803507,-0.006389388203390189,-0.01784271817844607
2014-09-03,-0.0005484710346641553,0.0014417894004283838,0.004110152024072278
2014-09-04,-0.0014466695234581772,-0.0035505315278265837,-0.005485044294521457
2014-09-05,0.004495432469477256,0.00028893015728037597,0.004774400606131213
2014-09-08,-0.0025858627624812947,-0.0010592973266693173,-0.010896233231708186
2014-09-09,-0.00633065604396843,-0.002313127517244773,0.0011596072704027627
2014-09-10,0.0037625599676427424,-0.0025115126711910962,-0.0050467493711445766
2014-09-11,0.0011493387664354149,-0.001259548286352219,-0.006569107778930938
2014-09-12,-0.005841090910886471,-0.0037820512633839343,-0.009123662477173222
2014-09-15,-0.0007535676381076328,0.0018502648629450391,0.002196335041923403
2014-09-16,0.007538827074314636,-0.0002921654909372462,0.0016015040659449475
2014-09-17,0.0013464685615647287,-0.0025272306991839244,-0.010855852020951517
2014-09-18,0.005330293188435586,-0.0006816632583503957,0.002041839900460918
2014-09-19,-0.0009012714335143723,0.0038030918592206753,-0.00585840081981337
2014-09-22,-0.007723109030793651,0.0021372233306498067,-0.002049687174615289
2014-09-23,-0.005724091353778271,0.002131695117243204,0.006418485321299405
2014-09-24,0.007827934225352884,-0.0028051683100985825,-0.004676831883499766
2014-09-25,-0.01613574142678209,0.0048500857005433495,0.0029047102009924775
2014-09-26,0.007945698903724763,-0.00212381469622569,-0.0028111579586886926
2014-09-29,-0.0018193704193684157,0.003192453914641291,-0.0002562684087010769
2014-09-30,-0.0026322888773899766,-0.0008682758209989094,-0.007006747871292629
2014-10-01,-0.013551705278952997,0.00840194722311649,0.004818841433659182
2014-10-02,0.00015416057702122288,-0.0029718140365956325,-0.0002569048570634225
2014-10-03,0.011009458534473326,-0.00028824757007295254,-0.018245650954213377
2014-10-06,-0.0011704225165738436,0.001634546628837663,0.012389827775788786
2014-10-07,-0.015436396510565276,0.005858338066234037,0.0028441078559553468
2014-10-08,0.01748937375918258,0.0035328411420594286,0.009539365800353972
2014-10-09,-0.01983308960865726,-0.0017126727038451195,0.0014471624004321892
2014-10-10,-0.011414128817615499,0.003907140472517279,-0.0004250514452333043
2014-10-13,-0.016427081302398117,0.005221178753712197,0.007908838626913939
2014-10-14,0.0015471543609086869,0.0019834162996434923,0.0005906150591197257
2014-10-15,-0.006765988781309518,0.005654919306112394,0.0033729786510761084
2014-10-16,-0.000858148022313987,-0.0027174032640864265,0.001932963787401265
2014-10-17,0.011810991036502738,-0.0029136352684516753,-0.001929234646691702
2014-10-20,0.009709695671212382,0.0014140829705837632,0.006807338453066025
2014-10-21,0.019810681791716744,-0.0027293812474656898,0.0018363404482850676
2014-10-22,-0.007110806705295292,-0.0002834541958387504,-0.005665725080780226
2014-10-23,0.011624825629543478,-0.004154073776712508,-0.006871122171836941
2014-10-24,0.007695100406504896,0.0008533941740551665,-0.0014343416618317617
2014-10-27,-0.0013744557377498579,0.0010419376595733887,-0.0024503668717050786
2014-10-28,0.011470225063822337,-0.002460138207526108,0.00033881853595230105
2014-10-29,-0.0015124008443606618,-0.003319706007616885,-0.0143098631147065
2014-10-30,0.006410647677655534,0.0010468004125585573,-0.010480209452138678
2014-10-31,0.01143553467468994,-0.0016160043800149682,-0.021963701064975694
2014-11-03,0.0005459322749228335,-0.0003720932887633088,-0.004526913897145546
2014-11-04,-0.0034697081771972726,-9.555630807733806e-05,0.0006241613363515697
2014-11-05,0.0063162737375281885,0.0002861252116670432,-0.021653896620413504
2014-11-06,0.00400283918471489,-0.003052271142468199,0.0008197134269072315
2014-11-07,0.0009353679918719937,0.0064113920063531005,0.02812162399457141
2014-11-10,0.0031475910245468697,-0.0040884898327397945,-0.02221830671070646
2014-11-11,0.0009805529433479787,9.484917552637917e-05,0.014303837082656479
2014-11-12,-0.0010774788632106347,-0.0003823125730464394,-0.004819715379460576
2014-11-13,0.0011276370993880125,0.0016240448175024458,0.0015246472551151413
2014-11-14,0.00024470417857402893,0.002097687550784988,0.02507390613118554
2014-11-17,0.0006368027807599486,-0.0011415047344259799,-0.0036690675676289697
2014-11-18,0.005773566999016655,0.001142809256603039,0.008768083938990978
2014-11-19,-0.0016056271411712952,-0.0026642386439591492,-0.011907889702233998
2014-11-20,0.0017545665116476261,0.0018124644111046084,0.010380016731246
2014-11-21,0.005350615819116111,0.002000485754909631,0.0046143024245213216
2014-11-24,0.0028063478859419178,0.0011399180434474854,-0.0024265428614084206
2014-11-25,-0.0007240452107487583,0.002468604148326836,0.002345553311048354
2014-11-26,0.0025591781356590904,0.0017044327530673087,-0.0019066874375580634
2014-11-28,-0.0021191385432109966,0.0038756660092813533,-0.02648491624493876
2014-12-01,-0.0069495854291966586,-0.0024521317230381534,0.03987156539441128
2014-12-02,0.0064636175964947196,-0.004444950401317649,-0.012352053686643938
2014-12-03,0.0038633102843055322,0.00038068899506149556,0.010335265309313613
2014-12-04,-0.001106320016154294,0.0035131077360601726,-0.003868344971663107
2014-12-05,0.0016374353536836583,-0.005583506797267601,-0.012512918386347383
2014-12-08,-0.006682988652243149,0.003331168768416992,0.011797592156958414
2014-12-09,-0.0006777757519723648,0.003698012108388049,0.020815371286221795
2014-12-10,-0.016030970502830755,0.004535252779707566,-0.001946047484410629
2014-12-11,0.00506975368494289,-0.0016928306957642025,-0.0022888830549504524
2014-12-12,-0.01616148292551578,0.008196780522411018,-0.002379121195415612
2014-12-15,-0.006869495942933623,-0.003645033037648182,-0.025721865073372374
2014-12-16,-0.008019526094113605,0.005065044552387432,0.004895511509587891
2014-12-17,0.019604924441367633,-0.006905295342082618,-0.00591561829690157
2014-12-18,0.024728503051182127,-0.005638306990231934,0.007701101852319869
2014-12-19,0.004255095532818887,0.003685647607561293,-0.003300085781823392
2014-12-22,0.004599778401310539,0.0,-0.019342978620211726
2014-12-23,0.0013499131384631102,-0.008285318568126976,0.0016880924643276618
2014-12-24,9.576522102383578e-05,0.0007225398689709728,0.000266088166270384
2014-12-26,0.0032250317875415213,0.0013301080731702442,0.018267316212737805
2014-12-29,0.0013434537404892755,0.003416044588490541,-0.010101921480555442
2014-12-30,-0.005366251155104362,0.001134836325480837,0.013460005313124634
2014-12-31,-0.009922735372990377,0.0011330803585474225,-0.014062457987003008
2015-01-02,-0.000534843561628473,0.005094826187168389,0.004402183412038685
2015-01-05,-0.01805988795456248,0.006101541849377501,0.015077149308345472
2015-01-06,-0.009419286693958306,0.006717895602991408,0.011398960794795965
2015-01-07,0.012461435603235316,-0.00018540135707900696,-0.005891414149803764
2015-01-08,0.01774471644621367,-0.004078572402885894,-0.004208518959763041
2015-01-09,-0.008013293973687441,0.004932598189483439,0.011385196369056105
2015-01-12,-0.007834012524073453,0.003519606658631602,0.011086435260788896
2015-01-13,-0.0028124457904789013,0.0009233405289414964,-0.003373767752371193
2015-01-14,-0.006037215861981804,0.004610335137910315,-0.0016080097792615655
2015-01-15,-0.009160352942550576,0.008535977820967933,0.025175902263039784
2015-01-16,0.01311456785191445,-0.007371821089916186,0.013064281211881523
2015-01-20,0.0021323944384588067,0.0022919279141178084,0.013712049879254229
2015-01-21,0.005048072198119646,-0.004756458103568728,0.00024159749942587183
2015-01-22,0.014870488359798095,-0.002482488472398181,0.008049585228834255
2015-01-23,-0.005482332505447274,0.006542907304889045,-0.007985306821000182
2015-01-26,0.0023415242068955955,-0.0022890891090965315,-0.00998152990144685
2015-01-27,-0.013190645892348751,0.0013766046361380901,0.011464376669647391
2015-01-28,-0.01282427894125604,0.007696839610441764,-0.007877840393190949
2015-01-29,0.009243610221062015,-0.0035469514063860563,-0.021552390797103027
2015-01-30,-0.012574668869735794,0.00876058419378678,0.022275544587827323
2015-02-02,0.012383779635463554,-0.0012502410363266492,-0.008343449208254805
2015-02-03,0.014461533084985767,-0.008436926343714957,-0.01119094214735139
2015-02-04,-0.0038081016874164098,0.0016467980163590301,0.0043783458565487265
2015-02-05,0.010095233784456648,-0.003653756147999121,0.0017272502164005221
2015-02-06,-0.0027656347897659916,-0.01118410395945002,-0.025864204796777424
2015-02-09,-0.004475626211113415,-0.00046401624001624064,0.004467285755423989
2015-02-10,0.010653172954523393,-0.0025042912885117063,-0.0058739360493219595
2015-02-11,0.0005802400743306624,-0.000371339289653716,-0.011817350480741395
2015-02-12,0.009617151148621605,0.0003714772337457539,0.0023062837940568404
2015-02-13,0.004116328864913976,-0.003347499547248556,0.005454295543013465
2015-02-17,0.00157306889150588,-0.007090535468792236,-0.016697755252160107
2015-02-18,9.512915849385628e-05,0.004792307235975457,0.002844532329829841
2015-02-19,-0.0007139282917447698,-0.0025257349630672943,-0.0034381460295277444
2015-02-20,0.006000367204244572,-0.0005625819094132734,-0.005692631086866795
2015-02-23,-0.00014175556705420256,0.0045970516778148784,0.0013011929863573357
2015-02-24,0.0028403236928213893,0.006629512648973268,-0.0014727381832786435
2015-02-25,-0.0008494656956710145,0.0009282734068591925,0.0038174111040851777
2015-02-26,-0.0011810977915976961,-0.005931907443108675,0.0031979494930109986
2015-02-27,-0.0034060838469041066,0.0035431798553853255,0.0007754283408443197
2015-03-02,0.006313430146219101,-0.007443677208633037,-0.004132260173905
2015-03-03,-0.0041043826032944875,-0.0021568103512030756,-0.0018153447779967191
2015-03-04,-0.00421570958188433,0.0007523346116193874,-0.0031176981600916642
2015-03-05,0.0010944157906580543,0.0005628033243822994,-0.0009556129768769628
2015-03-06,-0.014064392068221854,-0.010226955827075446,-0.02730434251868208
2015-03-09,0.004144498915267247,0.00464569407321469,0.000983377523255502
2015-03-10,-0.016221964620953044,0.004245102561846181,-0.004912057209624288
2015-03-11,-0.002341770948396049,0.0017853793882312008,-0.0060132667380716764
2015-03-12,0.012714088249316857,0.0009374360654195169,-0.0002708693390236494
2015-03-13,-0.006132422542831972,-0.0014988644291054065,0.001445050857576291
2015-03-16,0.013360507815430855,0.0034723733567261217,-0.0006313103946440357
2015-03-17,-0.0029724077627649725,0.002057121714595045,-0.005414660114976044
2015-03-18,0.012021634055721098,0.011479121109643664,0.019598980855210835
2015-03-19,-0.004561766059659966,-0.004705344877107942,-0.0007119500676272539
2015-03-20,0.00882701183601009,0.004078667109265632,0.011399045051747603
2015-03-23,-0.0019486777965492807,0.0012933969682811242,0.006339713151693793
2015-03-24,-0.005618718470844053,0.0030422963356189214,0.002449897428068226
2015-03-25,-0.0146541892972889,-0.004320877200207129,0.001396558108890389
2015-03-26,-0.002381428220550097,-0.005631652621848837,0.00653708688272836
2015-03-27,0.002290263044724794,0.003899866016872977,-0.0036370435238181065
2015-03-30,0.01219960771108819,-9.303885999434325e-05,-0.011385343180862262
2015-03-31,-0.008739679336383088,0.0025899295084845786,-0.0007911765968406925
2015-04-01,-0.0035364046555638184,0.004759589699119271,0.017068403567705115
2015-04-02,0.003597413031152019,-0.0028513808398455964,-0.0027681634865752702
2015-04-06,0.006733588003940083,0.0012910022817502753,0.012231121417764834
2015-04-07,-0.002646448637951049,0.0008297844492706208,-0.00497045007215513
2015-04-08,0.0033770157444419358,-0.00091998381149061,-0.00551200918339656
2015-04-09,0.004423395254736118,-0.004054682519324948,-0.006928232816320157
2015-04-10,0.005457530356588247,-0.0002767698903647364,0.011336906536289382
2015-04-13,-0.004522905923276643,0.0020349683512435046,-0.007157039081814864
2015-04-14,0.0019129552163190677,0.002954889647087011,-0.006079528851423044
2015-04-15,0.004486848424849255,0.0005525803022339293,0.00865080253975381
2015-04-16,-0.00028499816337435036,0.0007365489232364908,-0.0034653168571547877
2015-04-17,-0.011503710403379053,0.0020224266463217955,0.004955226470251928
2015-04-20,0.009137083491342901,-0.0018355769070134142,-0.007612433088526105
2015-04-21,-0.0011914314389266378,-0.0021132899129405747,0.005753103431764384
2015-04-22,0.004914166816339938,-0.005804735342680889,-0.013433831333510171
2015-04-23,0.002515922387876124,0.0030581712676764905,0.007291591124513719
2015-04-24,0.0023207890072967086,0.0035097164585655705,-0.01404151891618699
2015-04-27,-0.004157703016148595,-0.0015643164604730586,0.02016805588455428
2015-04-28,0.0031788720187277963,-0.004609529255462541,0.008670770693864016
2015-04-29,-0.004114689433449392,-0.0037054702015306695,-0.007048909841977591
2015-04-30,-0.010020878978259318,-0.0002795648319032784,-0.017660816187341166
2015-05-01,0.010841762860124948,-0.0054663353156179095,-0.0034370263986327476
2015-05-04,0.002847368233180214,-0.002060784110172964,0.00902013288424186
2015-05-05,-0.011451995348535249,-0.0016891733712698365,0.0028045547686559313
2015-05-06,-0.004116477318746092,-0.004888121974120363,-0.0005243625201354352
2015-05-07,0.003989312447374438,0.004250997466424655,-0.008219678527363938
2015-05-08,0.01316627210583321,0.003856717463198045,0.004849259924502469
2015-05-11,-0.004772620083954959,-0.00983943078404581,-0.0038606864674344266
2015-05-12,-0.0029915379617251325,0.0007575034399462943,0.00854400802548061
2015-05-13,0.00019066870677209025,-0.001323926921775076,0.01790395678391099
2015-05-14,0.010427248535821665,0.0034088298225039004,0.005405381698172951
2015-05-15,0.001084152694803997,0.007172364129844455,0.002986844796122101
2015-05-18,0.003106443116571711,-0.006746390480684816,-8.510283616403047e-05
2015-05-19,-0.0003282024834131425,-0.0044337969116915454,-0.013869956602948319
2015-05-20,-0.0007039289144024075,0.002179451151256062,0.0016395067944336983
2015-05-21,0.0029121234839186716,0.005956404143254046,-0.003359746584222556
2015-05-22,-0.002388382710786341,-0.002255989011988979,-0.0007779753253158717
2015-05-26,-0.01075199647986802,0.006217066874137922,-0.014619332476808355
2015-05-27,0.009491954209796205,-0.0005614099213618884,-0.00017561471177085508
2015-05-28,-0.0011281723253829812,0.0009367948936487291,0.0011414281685366845
2015-05-29,-0.0062127349944310906,0.000561569369118331,0.0007016473724792416
2015-06-01,0.002036271377888088,-0.004412415193928876,-0.0008764108278561666
2015-06-02,-0.0009924230926431354,-0.006962775509704033,0.004035079688356591
2015-06-03,0.0026498446977307744,-0.008527565842593843,-0.007164072177032299
2015-06-04,-0.008446783416034553,0.004873409470183443,-0.007039801619628361
2015-06-05,-0.0017133051324148552,-0.0072272878945977,-0.005317250031845577
2015-06-08,-0.0061496754467029735,0.001437044043491209,0.002940144666210953
2015-06-09,-0.0001440524594421566,-0.0032522042041157606,0.002220840372015198
2015-06-10,0.01199345538825436,-0.0038389462053380896,0.008509121495031247
2015-06-11,0.003223673341641531,0.00789953609338312,-0.004570193783136278
2015-06-12,-0.007654965938534319,-0.0005741951603550621,-0.00026486649065049495
2015-06-15,-0.004285447945648002,0.0023921562708135724,0.004415790737229308
2015-06-16,0.005451520376668961,0.003816132580961362,-0.003605061549348698
2015-06-17,0.0016170719128594246,0.0005700374977790634,0.004677010066397758
2015-06-18,0.010399288997813949,-0.0007595545183701757,0.012911736850284239
2015-06-19,-0.0044389954675728704,0.005323455057272941,-0.0017342780850800876
2015-06-22,0.005122844345420097,-0.00841595536414197,-0.012856178957809772
2015-06-23,0.000708177310185576,-0.0030516017005060014,-0.006599788842205134
2015-06-24,-0.00726311017755521,0.0029652644360851355,-0.0026574812063053788
2015-06-25,-0.003040083174088215,-0.0024801803363836417,-0.0013322133525455193
2015-06-26,-0.00019081351528293933,-0.004780297395876265,0.001067192410014961
2015-06-29,-0.020970377700563647,0.011624632074917374,0.0045309359212180045
2015-06-30,0.002093621843730853,-0.002754169333311296,-0.006190828249150626
2015-07-01,0.008015406679600323,-0.0052267176369171775,-0.0034706717105630336
2015-07-02,-0.0009159671373747402,0.0035486157046547007,-0.0019646473844250334
2015-07-06,-0.002845588529999721,0.007069124098752155,0.002684282539629823
2015-07-07,0.006288376622658021,0.002656139032639615,-0.011600887477117294
2015-07-08,-0.016777092477991418,0.003973653971543367,0.00297936254329656
2015-07-09,0.0018088737628922935,-0.006973754812938715,0.0024305003273175085
2015-07-10,0.012591556544548466,-0.006928325517266631,0.0011673603870820948
2015-07-13,0.01103738953524891,-0.002675591894821139,-0.00448470723455352
2015-07-14,0.00433798429998844,0.0031625673429318546,-0.002252455219495131
2015-07-15,-0.00033201592564513493,0.0038199756172569987,-0.005237440968471452
2015-07-16,0.008024123728218147,-0.00038021587864733863,-0.0036310957932227383
2015-07-17,0.0008476714638163685,9.506668590497647e-05,-0.010112979124889954
2015-07-20,0.0005177501923798733,-0.001998460516061784,-0.02715144534014624
2015-07-21,-0.003950978391004667,0.0027654796079576993,-0.003121988752958438
2015-07-22,-0.0017947334835902717,0.0012365889441960931,-0.00540950631077719
2015-07-23,-0.005629741563007218,0.004085031297553776,-0.004484744341763047
2015-07-24,-0.010371834155493365,0.000946031744848641,0.009776637833459834
2015-07-27,-0.005817651580936611,0.0033084005540313655,-0.00465114258060384
2015-07-28,0.012283089338663178,-0.002826712572988499,0.0015258061394580746
2015-07-29,0.006878809484570203,-0.0014168044903779542,0.0014283139466166883
2015-07-30,0.00023713981080741853,0.0011351821872835899,-0.008557588110186698
2015-07-31,-0.0015179079278807572,0.005859155590256959,0.006329756242044127
2015-08-03,-0.0033725569502626174,0.0030481152891175256,-0.007910052688847147
2015-08-04,-0.0019543100422765303,-0.005158816989530579,0.0020172823011603835
2015-08-05,0.00329514520692209,-0.0038666204639258295,-0.0036429610038531957
2015-08-06,-0.008187545657341588,0.0035025795301608653,0.004426047177157111
2015-08-07,-0.0019199438659959212,0.0039615850458813995,0.002490680503407061
2015-08-10,0.012599440431672049,-0.004134070923852096,0.010224554985406531
2015-08-11,-0.009023432207010074,0.006605064182527043,0.005107840610028447
2015-08-12,0.0011980701072737965,-0.0003746738540141292,0.0140221892886776
2015-08-13,-0.0012446420734223418,-0.0026260973460474624,-0.00825985512434746
2015-08-14,0.0036425362345915424,-0.0010338461424679313,-9.360037594363657e-05
2015-08-17,0.005586642465980951,0.0017875739181156813,0.0026204846354271893
2015-08-18,-0.0028965173569863722,-0.0015965785938746313,-0.0001866577389999513
2015-08-19,-0.007905346419775805,0.006116264825023476,0.013444145581183564
2015-08-20,-0.020881089190223467,0.0027114608882985447,0.017411325071518213
2015-08-21,-0.030102644553529068,0.004010610706254969,0.006247689213677798
2015-08-24,-0.04210704815762756,0.0016718650201479335,-0.005399068558895603
2015-08-25,-0.011767850946285074,-0.005471412789258667,-0.01239478089494117
2015-08-26,0.0383936093069257,-0.006154403677750442,-0.013649738394807764
2015-08-27,0.024735634157089015,-0.0005627294305738939,0.0005573064828525709
2015-08-28,4.996298697834689e-05,0.00018731281988704218,0.00900393169110747
2015-08-31,-0.008079272604642473,-0.001689191683797664,0.0011039811403044109
2015-09-01,-0.02984760521421337,0.004492193188253335,0.0034919799162254073
2015-09-02,0.018980920399085388,-0.0027192326688610935,-0.005311302361437398
2015-09-03,0.000716764573604145,0.0024441345615966448,-0.007181056794034801
2015-09-04,-0.015137205669474962,0.003094536330994435,-0.0032455349221681695
2015-09-08,0.025131660835188585,-0.004393753765484565,0.000279084378947525
2015-09-09,-0.0133723932732287,0.00037539842292089176,-0.012927822107945408
2015-09-10,0.005441937570302757,-0.0022524668668408854,0.0023556016816155267
2015-09-11,0.0045442618146696034,0.0026341184611626822,-0.002067997715627934
2015-09-14,-0.0037105747939709666,0.0009380678970283274,0.0005651616100608159
2015-09-15,0.012499989495728725,-0.007874207788818088,-0.0030126124190049675
2015-09-16,0.00866633228213387,-0.00028339735825422263,0.013314409937664529
2015-09-17,-0.0022481712237922835,0.008317356202575565,0.010250732723341871
2015-09-18,-0.01634141954290358,0.004686054760793645,0.007379350570420495
2015-09-21,0.005167840227326748,-0.00569063124632585,-0.0062265388780913256
2015-09-22,-0.012979864930889984,0.004972690276105807,-0.00681837162160448
2015-09-23,-0.0015983630839064844,-0.0011199648445803234,0.003989241131120869
2015-09-24,-0.003615828390346909,0.0014954501919004493,0.020975758801156985
2015-09-25,-0.0002595612942197789,-0.0026139547081285297,-0.006154405994415635
2015-09-28,-0.025096935909479257,0.005708499413219714,-0.012658222571280353
2015-09-29,0.0005847249846071545,0.0034420521207809696,-0.0040582440457720415
2015-09-30,0.0186587445534665,0.00018562286713508236,-0.010372316278596583
2015-10-01,0.002608919466107862,0.0007800356741169967,-0.001216519302596475
2015-10-02,0.014937778760798714,0.004824084443032506,0.021174875253005432
2015-10-05,0.01779501046531906,-0.005539771814441097,-0.0020185450501439828
2015-10-06,-0.0034260109695466445,0.0020426711946499587,0.010021182319808863
2015-10-07,0.00819045420310327,-0.0025014698633283317,-0.0014564323795778211
2015-10-08,0.00902655264795138,-0.002601350739169561,-0.005104809244962705
2015-10-09,0.0005963144689236088,0.0005592774274407741,0.015851231139897726
2015-10-12,0.0009439485554367799,0.0033504128136705447,0.00396856499604703
2015-10-13,-0.006302354736668292,0.0009283152896293334,0.004941182857076898
2015-10-14,-0.004794204439737548,0.005467601244067977,0.017432477539802038
2015-10-15,0.015354440016448478,-0.003410787961055206,-0.004568989141737756
2015-10-16,0.004546949407607137,-0.0008315422065925393,-0.0070615504042085275
2015-10-19,0.0004917434131237464,-0.0004629875820959528,-0.004178160099818862
2015-10-20,-0.0012783521066399572,-0.0034270777271542263,0.006338214025568112
2015-10-21,-0.006203717066900261,0.0034388629778723256,-0.008870752862782494
2015-10-22,0.01689381658404865,0.0010181002869638078,-0.00035801409044600163
2015-10-23,0.010961662388994542,-0.005642923001101252,-0.0017011588974216174
2015-10-26,-0.0024578772760019962,0.002605250743640708,-0.0006277999535804213
2015-10-27,-0.0019320586636549786,0.0025056879015292743,0.0022435609738429285
2015-10-28,0.011374646235996932,-0.005183881933992218,-0.008058752895948817
2015-10-29,-0.0005742256340771634,-0.006141694919521434,-0.009568492239339532
2015-10-30,-0.004309864177332812,0.0019661725077280146,-0.0038279088978544484
2015-11-02,0.011831035641614474,-0.002872845663461354,-0.006495944135801679
2015-11-03,0.00289941963145246,-0.0026281218593080524,-0.014826347133739204
2015-11-04,-0.0030332420967613682,-0.0010353023359147562,-0.009441036684777915
2015-11-05,-0.000998548698571744,-0.0006589834744241685,-0.0031141061362016664
2015-11-06,-0.0005231224362084452,-0.006786645008993508,-0.014577820185771806
2015-11-09,-0.009332021404288238,-0.0017083474650547714,0.0028818737382825255
2015-11-10,0.00230738195098823,0.0019008227779371278,-0.0021072913552456773
2015-11-11,-0.003932113983989516,-0.00047414159010283896,-0.0033595553186394067
2015-11-12,-0.01395941143913626,0.0005696114961537546,0.00019259022164863637
2015-11-13,-0.01122830002693187,0.003795000506600532,-0.0027924980239609765
2015-11-16,0.015206937267316034,0.001323191517215605,0.001448450457852024
2015-11-17,-0.0007298047865170743,-0.0002831003591696746,-0.013209938855231806
2015-11-18,0.015866194177164505,-0.00047209077525567356,0.0008794603332600293
2015-11-19,-0.0008625951894595252,0.002172939140598018,0.011031897393842804
2015-11-20,0.003644465994718349,-0.0013202200151406496,-0.004538443721353036
2015-11-23,-0.001146736918909319,0.0013219653001892429,-0.008051161423458852
2015-11-24,0.0013395553306803087,0.0009424870679055619,0.006649719254551378
2015-11-25,-0.0001434995112754578,0.0005653284859925556,-0.004662942933256642
2015-11-27,0.001146856122484996,0.0010352204341477211,-0.011809477798990442
2015-11-30,-0.004152015424725541,0.0003762218236267323,0.006617265866126765
2015-12-01,0.009535647353617449,0.0053182064647914196,0.003532188155604077
2015-12-02,-0.010204953773292114,-0.002808792635534907,-0.015545525585325737
2015-12-03,-0.014002742975447346,-0.01051689467312178,0.010626672647534141
2015-12-04,0.01950308685677049,0.0037009870318920335,0.02220906504905895
2015-12-07,-0.006058476738505014,0.0032145261209699516,-0.012978259158702543
2015-12-08,-0.006719697068338193,0.0005653378801062647,0.0016557725915760102
2015-12-09,-0.00777971925689902,0.0015075443495300433,-0.00194473896697811
2015-12-10,0.0025809428563396963,-0.0021637467589985526,-0.0008768154562139863
2015-12-11,-0.01938108757134971,0.008011736705612726,0.005460726883753653
2015-12-14,0.005052393521940646,-0.007386795879623653,-0.012801859053540698
2015-12-15,0.010498263958837795,-0.0025433746319853956,-0.002652561843328849
2015-12-16,0.014631704073856167,-0.0026440940336860397,0.012115872710852793
2015-12-17,-0.015238240773463918,0.004166178900460116,-0.021897810218978075
2015-12-18,-0.017814931719115856,0.0035830518330655092,0.0153233921943019
2015-12-21,0.00824903130753607,0.00046988213460741335,0.010878092908588544
2015-12-22,0.009074616696099325,-0.002817601556371896,-0.005235103320787249
2015-12-23,0.01238314149529085,-0.0022601373441881734,-0.002923721371925758
2015-12-24,-0.0016503053482193053,0.001834346279816712,0.007232973422174327
2015-12-28,-0.0022852075205845868,0.00018895526981244082,-0.007569203159553783
2015-12-29,0.010671999300052137,-0.005283671668462775,-0.000684459735229237
2015-12-30,-0.007087624761246358,0.0003796610169490844,-0.007632082217105096
2015-12-31,-0.01000345410392367,0.0011369779479568631,0.0003944085609299819
2016-01-04,-0.013979639297145519,0.00426125100570518,0.014094227459880093
2016-01-05,0.0016911738158069678,-0.0002825098952081717,0.0028185529910356166
2016-01-06,-0.01261389611218422,0.006037294848600938,0.01444076235086822
2016-01-07,-0.023991671504351775,0.002156386712749203,0.014139709399294542
2016-01-08,-0.01097665507923884,0.0025259833823947364,-0.004427708091822691
2016-01-11,0.0009903142345057958,-0.003172222647718992,-0.008894799760520322
2016-01-12,0.008068243634992589,0.004493505999929148,-0.005060137388834041
2016-01-13,-0.024940363616516303,0.0039146952595916495,0.004893984653210337
2016-01-14,0.01641620145948619,-0.002042575921430867,-0.016233809757639994
2016-01-15,-0.021465909536699246,0.004651909309056679,0.010289314914859293
2016-01-19,0.001331453981284536,-0.001296409414894395,-0.0009607847075502329
2016-01-20,-0.012815431720806458,0.004913876866081246,0.013367949074563734
2016-01-21,0.00560226274323683,-0.002491652998469429,0.001138797703897465
2016-01-22,0.020515091595063595,-0.0022190612896875184,-0.004644969889963435
2016-01-25,-0.015116437255209725,0.0033372159417803804,0.010285731724330116
2016-01-26,0.013642981952275646,0.000739046722593395,0.011406476843766944
2016-01-27,-0.010882913402498362,0.0007389514061519886,0.0037282274439891516
2016-01-28,0.005209003772256082,0.001291624901397448,-0.010678814187088603
2016-01-29,0.02437719494195023,0.005343703833309288,0.0038482826092702815
2016-02-01,-0.00036138866678414594,-0.0023038066290604897,0.010285237353002907
2016-02-02,-0.018022223904576862,0.00708371139003483,0.00037013683482878257
2016-02-03,0.005994975474624464,-0.0010956177249211718,0.010731831819877025
2016-02-04,0.00156829337682729,0.0023769321651627706,0.012082377069329242
2016-02-05,-0.01905030092970672,0.0012781439692548524,0.015827077912906162
2016-02-08,-0.013460916224013797,0.0074706783023610335,0.013443751249405
2016-02-09,5.388216614510277e-05,0.00018083042406669136,-0.002196257541759894
2016-02-10,-0.0008627514597424613,0.0029843960633320066,0.007747818623272673
2016-02-11,-0.013008130875541868,0.004597502435966572,0.040188699204219525
2016-02-12,0.020616867932577332,-0.007627640935901181,-0.005879363032052054
2016-02-16,0.016878454297803547,-0.002984576442773612,-0.030331226332987904
2016-02-17,0.016334507052663705,-0.002448561212881395,0.00618634429410414
2016-02-18,-0.00409562168414257,0.0046367079311671056,0.02433319602449635
2016-02-19,-0.0004687603056600098,0.0,-0.006002190201855662
2016-02-22,0.014479467389383105,-0.000994846481809808,-0.01777516528948675
2016-02-23,-0.012629759634259385,0.0019925571299903577,0.014979681261872546
2016-02-24,0.004575652465737434,0.0,0.003327072049028157
2016-02-25,0.012111938186471383,0.0029835088125176323,0.0026358095143694804
2016-02-26,-0.0023016156942311516,-0.004867630764873954,-0.006869043174790979
2016-02-29,-0.007842210239701886,0.001630303628383345,0.013064629590324062
2016-03-01,0.023506499104805068,-0.007815804649562663,-0.0073331317520045625
2016-03-02,0.004492629757516742,-0.001734352480429635,0.007726956678680841
2016-03-03,0.003919733548706228,0.0011889392967436851,0.017273365743903035
2016-03-04,0.0032535853263691017,-0.003379338800598264,-0.0015737798071993048
2016-03-07,0.0007979129285191622,-0.002016716175798905,0.004977588099916774
2016-03-08,-0.01091744034815978,0.005785394744119321,-0.0046227304062675945
2016-03-09,0.004939365872050683,-0.00392585880659857,-0.00829324916913754
2016-03-10,0.0008024782416284904,-0.0035745159487357014,0.016056181130168712
2016-03-11,0.01613737860797304,-0.0028517912573291504,-0.01720161594971703
2016-03-14,-0.0012823780140814867,0.0007383694028193499,-0.012896749587957612
2016-03-15,-0.0016294760426979193,-0.00018477008367845382,0.0007635219800927739
2016-03-16,0.005786825243410343,0.005255437572906807,0.02229567034444102
2016-03-17,0.006344202280316846,0.0011006189542592804,-0.003814570847019194
2016-03-18,0.00392979196249188,0.0017403519356569142,-0.002746975852867317
2016-03-21,0.001418720020806452,-0.002834827262502504,-0.007011719080860401
2016-03-22,-0.0005371938089865358,-0.0021094081100971884,0.0029421526295791978
2016-03-23,-0.006599521547231424,0.0045953827425737614,-0.02263009809313099
2016-03-24,-0.0004429618597344698,-0.0010063863022500286,-0.0024011557999429334
2016-03-28,0.000590670700685525,0.0014657872477845668,0.0023209545157449885
2016-03-29,0.009250150171966842,0.006766796533849817,0.01852490300494125
2016-03-30,0.004387670174526237,-0.0013620631947474093,-0.013977800877817304
2016-03-31,-0.0024267031212567014,0.0036372110131106528,0.004611451089358232
2016-04-01,0.0068118234217804385,-0.0002900317183061052,-0.006035354370591106
2016-04-04,-0.0032380646728797924,0.0011805748510389513,-0.006670647201412416
2016-04-05,-0.009987845529796813,0.003990049896768655,0.013000448699038714
2016-04-06,0.010921161969163595,-0.002167430329211739,-0.00611933705841794
2016-04-07,-0.011965634370096234,0.005159257161948538,0.014280811818710992
2016-04-08,0.0026964215666755997,-0.0015304272597337354,-0.0015175811841288134
2016-04-11,-0.0023471797302007102,-0.00018016129693698701,0.013510077429689682
2016-04-12,0.00931310582163336,-0.0039696965978787135,0.0001666606070513943
2016-04-13,0.010100912057802613,0.0007243516428052654,-0.010662277185778501
2016-04-14,4.795950901592683e-05,-0.0023524388461741985,-0.01397656040779005
2016-04-15,-0.0011056993334034315,0.0029928282116429283,0.006916553277877435
2016-04-18,0.007026575170947735,-0.0009946326392580307,-0.0015264612277039458
2016-04-19,0.0031544869901076744,-0.001629728901000882,0.015627688132066497
2016-04-20,0.0009528238526630428,-0.005077868879179048,-0.005101192515562736
2016-04-21,-0.0053786258458579095,-0.0016417832599917581,0.0037824404776412024
2016-04-22,0.0,-0.0010947255110160814,-0.01281191427529893
2016-04-25,-0.0017224921281506766,-0.0010968132124080654,0.0028840781155776707
2016-04-26,0.0014857636685423614,-0.0021047410231599395,0.00397524805856353
2016-04-27,0.0020582631279237873,0.005501489084677846,0.0028643974391455718
2016-04-28,-0.009075738264921918,0.0034654429354523675,0.018901209532051544
2016-04-29,-0.005398900638007742,-0.00036339358756876106,0.01945750344247421
2016-05-02,0.007948396078286235,-0.002904142797413245,-0.0033158403319839547
2016-05-03,-0.008703138130704557,0.00593495018939616,-0.002271979748055264
2016-05-04,-0.0055780204473264705,0.0018155134381718785,-0.006099544612754526
2016-05-05,-0.00019525076020876497,0.002717631821931299,-0.0011455641166617792
2016-05-06,0.003659272804963365,-0.0023492948521507406,0.009093148301192455
2016-05-09,0.0008262733932089539,0.0019024183786338078,-0.020539038586043668
2016-05-10,0.012433981125095528,-0.00018135649925832276,0.0027351995597273415
2016-05-11,-0.009354978398730562,0.001537161099833817,0.009423039824896229
2016-05-12,0.00029080652027446696,-0.0027079071941001898,-0.007861112535878512
2016-05-13,-0.00871433676030764,0.003802066337346366,0.0045394140453900444
2016-05-16,0.009865210977467731,-0.0036076253010728365,0.0007394952589119264
2016-05-17,-0.009333437945769352,-0.001357648019456481,0.0034482607423815814
2016-05-18,0.00029262139634633755,-0.008065614409314747,-0.01734579222228738
2016-05-19,-0.0034649102919522834,0.0010048440271475112,-0.0019150352244892144
2016-05-20,0.00631760469275533,0.0006392067779470434,-0.0013348098643799489
2016-05-23,-0.0013624233680669118,0.0006385329881573032,-0.0028401665733093218
2016-05-24,0.01296190838040201,-0.001640944737056227,-0.01734103750687499
2016-05-25,0.006782979143621137,-0.0004568821258287281,-0.0027280450681915758
2016-05-26,0.0002868575367731552,0.0031059676512878998,-0.003419400875365186
2016-05-27,0.004299306681640136,-0.0019121945358676617,-0.008234680643287695
2016-05-31,-0.0019027372060065328,0.0011856280110924544,0.003805525009163979
2016-06-01,0.0020490672620765427,-0.0003378066262612611,-0.0010339059082519197
2016-06-02,0.0030436376908224982,0.0031046968954091536,-0.0023288275554191884
2016-06-03,-0.0029871896358717454,0.009283852134760462,0.027751354156539065
2016-06-06,0.005088616424675063,-0.0026156135611129505,0.00033648146409448465
2016-06-07,0.0015617529255924634,0.0014469450419252183,-0.0008408886281602301
2016-06-08,0.003259332024077022,0.0011738294282939155,0.014812339174809175
2016-06-09,-0.0013655133808865294,0.0015329593689332732,0.005556461757929565
2016-06-10,-0.009477675060795554,0.0035117141304388255,0.004041219495006354
2016-06-13,-0.0077113130172669075,0.0019736469289226566,0.007392817000753116
2016-06-14,-0.0019669322154731717,-0.00026864297218887057,0.0010599906561068462
2016-06-15,-0.001394193497404661,0.0030460169289683314,0.007412264290884263
2016-06-16,0.0029843488963188225,0.0010713370329422656,-0.010511020767707935
2016-06-17,-0.003724002776712698,-0.0033900455088031745,0.012828891404313314
2016-06-20,0.006439837128778381,-0.004296970713247417,-0.005970132166106867
2016-06-21,0.0028388086053157124,-0.002246794755969561,-0.019235474102691663
2016-06-22,-0.0016313960945152362,0.00198173992523909,0.0004965672774475127
2016-06-23,0.013022568613082264,-0.004765948773693851,-0.0065343333792947655
2016-06-24,-0.035908781411696955,0.013824310878345791,0.049038376152841456
2016-06-27,-0.017909950501332705,0.008644464147762987,0.005396827818855421
2016-06-28,0.01803625343480375,-0.0001773335082704275,-0.010735716822507735
2016-06-29,0.017027242318262914,-0.004065013160702624,0.004149350816571085
2016-06-30,0.013645610430109034,0.002218719463491725,0.00500639622652943
2016-07-01,0.002100204017375651,0.0026422644128833994,0.015339625386899147
2016-07-05,-0.0071929713477528745,0.0054825556486068905,0.008254789567508913
2016-07-06,0.005997832284859506,0.0001754093302621662,0.005870043250717272
2016-07-07,-0.0006201218695828237,-0.0013190815708510328,-0.003762499043616141
2016-07-08,0.014890620953786682,0.0019369073900559197,0.0060120143847071095
2016-07-11,0.0035267259463702683,-0.005272146905770381,-0.009423926954219786
2016-07-12,0.00726361845567336,-0.00591866855251022,-0.016551874633622066
2016-07-13,-0.0001397562424454435,0.0025771556440061794,0.00920177573180525
2016-07-14,0.005583529695934786,-0.004166213323463119,-0.007715129649756736
2016-07-15,-0.0013416741975421642,-0.003827114075653948,-0.003848311365095225
2016-07-18,0.0026872854002002455,-0.0002679272268166777,0.001576825791636871
2016-07-19,-0.0010169714877150682,0.0026809412748420858,0.0013381467862105811
2016-07-20,0.004163337802752354,-0.0020499702669815045,-0.014307049036417885
2016-07-21,-0.003777231781556867,0.0022331100050534403,0.015232503958900523
2016-07-22,0.004484661503474818,-0.0008024800763567486,-0.007462722347700623
2016-07-25,-0.0027158568571262753,-0.0008028657458528654,-0.006964758718206121
2016-07-26,0.00046186817657178914,0.0006253846054884438,0.0042241075487405855
2016-07-27,-0.00106132705055062,0.004281850002191723,0.016111101422991103
2016-07-28,0.0011550326695295432,0.0005327129575896095,-0.002889909558035031
2016-07-29,0.0016141554483013465,0.003817260637379638,0.010339903082906332
2016-08-01,-0.0008285894804859195,-0.0034711561255447165,0.0018607962561190128
2016-08-02,-0.006407385953822953,-0.002400113867624065,0.00812570067976126
2016-08-03,0.0029225565318187208,0.0005349956147053803,-0.004759425467430023
2016-08-04,0.0010642084002279173,0.002404171783763287,0.0016968857004249216
2016-08-05,0.00817873203538011,-0.006217767644064343,-0.01786395743940905
2016-08-08,-0.0005959059178024528,-0.0005365918980753115,-0.000862411663815732
2016-08-09,0.0005962612333998418,0.003577097866094281,0.004080325118523964
2016-08-10,-0.00247492256630355,0.0026736267095144317,0.004688953410549868
2016-08-11,0.004640717071983325,-0.004798854181278567,-0.0069228329694296376
2016-08-12,-0.0008691617099571003,0.0035717261721457394,-0.002114801025603019
2016-08-15,0.0028838730653060196,-0.0029363630424991127,0.0034536484045673
2016-08-16,-0.0051578114683895615,-0.001695523380343289,0.0049280733796905896
2016-08-17,0.0018812422477860746,0.0016084225869992252,0.0002335080486637331
2016-08-18,0.002243654054483235,0.001785511680574281,0.004747086461879935
2016-08-19,-0.0014620551946912252,-0.0033853068936986475,-0.008829675348611454
2016-08-22,-4.532835185944162e-05,0.0022350044774352984,-0.00148474204574367
2016-08-23,0.0020128995746235834,-8.995213925833134e-05,-0.00015649274735818341
2016-08-24,-0.005114745547503463,-0.0003565665109424021,-0.01111463505476229
2016-08-25,-0.0006884103583557621,-0.0016059836272593886,-0.0008706109240564919
2016-08-26,-0.0018832419606747974,-0.0038432585279043474,-0.0014259708499477775
2016-08-29,0.004924200080263397,0.004126853844890421,0.0019833398964483884
2016-08-30,-0.001648834441648761,-8.985400666006171e-05,-0.010055457179525717
2016-08-31,-0.002843696373064808,-0.0011614738727940832,-0.001999520134694288
2016-09-01,4.589984587699547e-05,0.0015685814941608367,0.0040872106204499214
2016-09-02,0.0045080314451428904,-0.0025945900609830597,0.010216288370529014
2016-09-06,0.0030223827276287807,0.004663880104281981,0.016907695537669243
2016-09-07,-9.159886306187026e-05,0.0005356087231889184,-0.003418556588101307
2016-09-08,-0.0022827382651514627,-0.0049075773452074145,-0.0053013792150961025
2016-09-09,-0.02393493071148156,-0.004751623681160444,-0.00658355954228651
2016-09-12,0.014347189883888056,0.0009010869181715897,-0.0012623563085552014
2016-09-13,-0.014375276091729505,-0.00369053125121821,-0.0066355664917512325
2016-09-14,-0.0003751015252392298,0.0022580240638037097,0.0034194855282367875
2016-09-15,0.00999295821935653,0.0002707593469362113,-0.006419381491794995
2016-09-16,-0.0038657384390015093,0.001081527267404292,-0.00247272219188599
2016-09-19,0.00018736279309083947,-0.0017104089560201485,0.00207901920123299
2016-09-20,4.710335260593723e-05,0.0015328551848046157,0.0009575705942725943
2016-09-21,0.011245061688288427,0.0016208302788431883,0.014588601451239303
2016-09-22,0.006301984038992847,0.0029661500449313927,0.00235721740921524
2016-09-23,-0.005479436315955599,0.0004481583105400144,0.0006271210413582029
2016-09-26,-0.008102124145320189,0.0028663580333592176,-0.0007833801247612016
2016-09-27,0.006207695319278894,0.0016972700301645105,-0.007291260548213163
2016-09-28,0.004963761465614391,-0.0004455762961668164,-0.003159070582864243
2016-09-29,-0.009047465317679415,0.0006239127781983989,-0.0011884132817953086
2016-09-30,0.007546414776347765,-0.002495729077294895,-0.003410805950794571
2016-10-03,-0.0024044520762128707,-0.0023273809549470004,-0.0025469571504198596
2016-10-04,-0.0050976980320140974,-0.004575052860700035,-0.03471112739159021
2016-10-05,0.0044252662428367895,-0.002253589895430008,-0.0015706575141682944
2016-10-06,0.0006954738078563949,-0.00207691015216549,-0.009273018119780652
2016-10-07,-0.0034293574906534285,0.0014480301314432342,0.0006685124453615909
2016-10-10,0.005208401107887672,-0.0026211786884633437,0.0035076482865625813
2016-10-11,-0.012629655944695783,-0.0002722784248112564,-0.005076569505331419
2016-10-12,0.0013120061970184338,0.0,0.0015892497462293154
2016-10-13,-0.0032753424335363324,0.0020852130886066522,0.002421921836488483
2016-10-14,0.0005162648962713234,-0.0030756503145230596,-0.0055819226506638175
2016-10-17,-0.003472076159706461,0.0021776732810048216,0.0026809625769763645
2016-10-18,0.006262230525612811,0.0019918774172924536,0.006183137214928136
2016-10-19,0.0026671110183709157,0.00045202105114183766,0.0057299655530487215
2016-10-20,-0.0018664199289297745,-0.0009030246060501845,-0.0030550965627723636
2016-10-21,0.0004671649926588639,0.0010842780381141726,0.0007454362173064943
2016-10-24,0.004252831312992589,-0.0013539883023762078,-0.0022345797266346556
2016-10-25,-0.0033505002651221805,-0.0001816185795545655,0.007548139354159211
2016-10-26,-0.0020077709373533814,-0.0021699739449789757,-0.00559809251948773
2016-10-27,-0.0026667367122839014,-0.0034445662842174096,0.0018213529185830968
2016-10-28,-0.0029556349577619656,0.00018171208884787404,0.0047103519110964776
2016-10-31,4.7296172573929596e-05,0.0008188698159925512,0.0029610183001298473
2016-11-01,-0.0072455315825800115,3.658617067259229e-05,0.006478603409139305
2016-11-02,-0.006018491575269014,0.0030024068968534934,0.007414617516698918
2016-11-03,-0.004577081789567394,-0.0006347403498349058,0.005338107937297609
2016-11-04,-0.0011015120671189482,0.003085781045760294,0.0007240252267184388
2016-11-07,0.022057098562985544,-0.004162477465361247,-0.018007861361529542
2016-11-08,0.004503689036410519,-0.0035439524225938657,-0.004175211869501427
2016-11-09,0.010602063024512054,-0.015228901525495497,-0.0006576934516285826
2016-11-10,0.0024956535283662262,-0.006019290913420128,-0.014889746585601271
2016-11-11,-0.002304733413006188,-0.002049409701357807,-0.02212944906788228
2016-11-14,0.0007854195430863076,-0.0057878129404002054,-0.008454294420749409
2016-11-15,0.007802360284961729,0.0,0.008698666186558013
2016-11-16,-0.0018781885091477823,0.0009392994338279781,-0.002988440021410854
2016-11-17,0.005140583144257249,-0.004409274049453571,-0.005138293152093798
2016-11-18,-0.002237533575822348,-0.0044282580055118315,-0.008780207102896287
2016-11-21,0.007551684845999107,0.0008515345466464375,0.0037342622620732957
2016-11-22,0.001953313958604763,0.000945506221065262,-0.00034608855246254233
2016-11-23,0.0005438771760339911,-0.0035893297800225765,-0.019819983532816443
2016-11-25,0.0037153486961269966,-0.0008544364294919005,-0.005651208738617575
2016-11-28,-0.004694620745721245,0.0045554445517967945,0.010567466787642088
2016-11-29,0.0019500668736400772,0.0010393942034736536,-0.00465734968785847
2016-11-30,-0.0023990541586779157,-0.006700299793253817,-0.013419234467324848
2016-12-01,-0.0036754534044528553,-0.003815258750250794,-0.0018791864382340373
2016-12-02,0.0005010030207104332,0.004489114495950908,0.005379222424209074
2016-12-05,0.0060084577783270365,-0.00038084622936207513,-0.005350441210868029
2016-12-06,0.003167784936121798,0.0003809913284729127,-0.0009861987578327902
2016-12-07,0.013080607888465101,0.003327335690196165,0.0035897112517579988
2016-12-08,0.0024487557118191283,-0.0037903706561955852,-0.0023249765892273677
2016-12-09,0.006040438999521891,-0.005136469509168129,-0.010486673587394413
2016-12-12,-0.0011477995525099871,0.0001910381259748739,0.003804331187865717
2016-12-13,0.006673978212517584,0.0005737395338218931,-0.0033387723118654122
2016-12-14,-0.008254297469918348,-0.008311791433477711,-0.014667226454942117
2016-12-15,0.004117232756251976,-0.0027936336949963003,-0.013691128072175318
2016-12-16,-0.001955680002124871,0.001255260451695106,0.006614558767378487
2016-12-19,0.002177296995971023,0.004632227016105883,0.004997623978540311
2016-12-20,0.003857556997368672,-0.0021133954229539675,-0.007367118973593101
2016-12-21,-0.00278273380822025,0.0016361797177508741,0.0005566152526592649
2016-12-22,-0.0017275414703736836,-0.00043299889068837416,-0.0024107755207141146
2016-12-23,0.0014644890110258046,0.0009626878799673388,0.0031601819765598727
2016-12-27,0.0024810763467346675,-0.0014424123666448851,0.005837091185366905
2016-12-28,-0.00826474303736846,0.0036602519714574733,0.0027634769574849116
2016-12-29,-0.00022266989574859508,0.0030712121908087475,0.01313614088883086
2016-12-30,-0.003654889991973387,0.002966551639298265,-0.006165566230220687
2017-01-03,0.007650021124990802,-0.0004778046386577639,0.00784600497730814
2017-01-04,0.005949150945044002,0.0011453752316816779,0.0035303646722089077
2017-01-05,-0.0007945244751466074,0.0064834608473705035,0.015515074970534615
2017-01-06,0.0035780465812860207,-0.004546780519087745,-0.007372551230725999
2017-01-09,-0.0033011567188884205,0.0038065030795448873,0.008232645807116912
2017-01-10,0.0,-0.00047449725020709543,0.0042602588509306205
2017-01-11,0.0028262034700623495,0.0011381879098848469,0.0030932255360247574
2017-01-12,-0.0025102070544364974,0.0005688558120873211,0.003612367067042932
2017-01-13,0.0022957132033938343,-0.002177694297377575,0.0026336178800692167
2017-01-17,-0.003523398694932345,0.005028491844671912,0.01435950794847174
2017-01-18,0.0022099007909766044,-0.0070805994183725796,-0.008459177733679102
2017-01-19,-0.003704662542352355,-0.0038037900562502003,-0.0008706024299161008
2017-01-20,0.0036741233603154733,0.0004780330450639969,0.0024397178433506195
2017-01-23,-0.002602029046574472,0.005246792683751389,0.006431967354547874
2017-01-24,0.006411608950851466,-0.003795750710690604,-0.004490925540628465
2017-01-25,0.0086553708312469,-0.00495413618566054,-0.008241493674922662
2017-01-26,-0.0010451312866582851,0.0013405172841243207,-0.009272197003353577
2017-01-27,-0.0015696075154493228,0.0012424381057389855,0.0020306880028342356
2017-01-30,-0.006201938632040105,-0.00028638888074794533,0.004229477187142061
2017-01-31,-8.783495935726915e-05,0.0034391168670360184,0.01386331327657886
2017-02-01,0.0003952920375676072,-0.0019163466745085733,-0.0030290445198761784
2017-02-02,0.0006592603346589065,0.0003818098610675058,0.005555550404536591
2017-02-03,0.00689274042053456,0.0007639683451019508,0.0025034610211953634
2017-02-06,-0.0017876446850291217,0.004770540405413692,0.013519329475210506
2017-02-07,4.380754093435968e-05,0.0018043292990996829,-0.0020390643159921007
2017-02-08,0.0013102215078484303,0.004075621014809627,0.006214910289660258
2017-02-09,0.005932609837416392,-0.005947136524051655,-0.007614870186038569
2017-02-10,0.003946167625565877,-0.0006648877516508556,0.0026430007347089113
2017-02-13,0.005442700751491225,-0.001520494552046503,-0.00680268225121905
2017-02-14,0.003995168102840951,-0.003616445837345883,0.0011129901542927811
2017-02-15,0.00522049868556862,-0.0019106958260608486,0.004447076385096116
2017-02-16,-0.00085124626193811,0.004018969403611239,0.0053640263872472005
2017-02-17,0.001576064235903063,0.002669531205856668,-0.0033875467452244568
2017-02-21,0.005955320399764874,-0.00047503940150495083,0.000594830851824435
2017-02-22,-0.0008880021853904241,0.0016167031024487688,0.0013588421410561935
2017-02-23,0.0006772422748562157,0.0026591168916576535,0.008735465586520386
2017-02-24,0.0012687356775442638,0.0046397982392001325,0.006389730042341002
2017-02-27,0.0015626165946769355,-0.003581382983285142,-0.004845398633643638
2017-02-28,-0.0026989640632079093,-0.0004734719363688189,0.0009234436519076628
2017-03-01,0.013997708922225405,-0.006966488757147449,-0.0014258642418292222
2017-03-02,-0.006297435365383186,-0.0028634853813553907,-0.012430671576410313
2017-03-03,0.0006294212960500367,0.0009576023197759298,-0.0005953367386808406
2017-03-06,-0.0029780605848641617,-0.00019141040109305063,-0.006722839768239508
2017-03-07,-0.0029868068411071924,-0.0014349838788415559,-0.008053482107396648
2017-03-08,-0.0018562164898086042,-0.0033525272288067454,-0.0062187012290058075
2017-03-09,0.0012677923298340943,-0.002786611324750221,-0.005127727710842245
2017-03-10,0.003504194777662839,0.0021199232694872894,0.002183978311645074
2017-03-13,0.0005051236956685745,-0.0025002478634538194,0.00017430825360542634
2017-03-14,-0.0038266750672364402,0.0010600478326183715,-0.005403478549159346
2017-03-15,0.008653358766481878,0.008764479056083685,0.018664539100545552
2017-03-16,-0.0019666092426555704,-0.002768162425157872,0.004129061134912737
2017-03-17,-0.0017565775254220206,0.002679802389179864,0.0022273151662723922
2017-03-20,-0.0010967970266797522,0.0023871957987253722,0.004444860945005624
2017-03-21,-0.01283937282486991,0.003334278905024357,0.008765200923941618
2017-03-22,0.0023530326412137814,0.001898840830035109,0.0024464392887426634
2017-03-23,-0.0010671247926049565,-0.0010424103230792792,-0.0013464921286193698
2017-03-24,-0.0007260973968594708,0.0005688756355854974,0.001601099219161739
2017-03-27,-0.0010264935983522738,0.0024646932800955756,0.005636868294673025
2017-03-28,0.007276812559605883,-0.0034044635254462108,-0.004099371444605038
2017-03-29,0.000934883525657737,0.00284736469935698,0.002436163586163831
2017-03-30,0.003184173805317103,-0.0028392802330496902,-0.007206910225050711
2017-03-31,-0.0023278382969943445,0.001993500138665727,0.0021102388572973307
2017-04-03,-0.0017391383740182897,0.0049220746980489505,0.005306580584065079
2017-04-04,0.0006374481084778783,-0.0014153326198389493,0.00226228970182607
2017-04-05,-0.0029725880883106903,0.0018906271985152934,0.0
2017-04-06,0.0028111014235026044,-0.0006603987489628427,-0.003678334988324816
2017-04-07,-0.0010191556451715211,-0.003020857728165738,0.0023493772325884343
2017-04-10,0.0005951952330374155,0.0017988203644367928,0.0
2017-04-11,-0.0011899822297285478,0.004630718937436384,0.014481863135711759
2017-04-12,-0.004381851122136848,0.0031051378064363977,0.006848701913851896
2017-04-13,-0.0064947723550478065,0.0030014885642246636,0.004753334264967268
2017-04-17,0.008859814973228408,-0.001589919804859341,-0.0029363834815019363
2017-04-18,-0.0029841950029061426,0.005713454749948221,0.004744779460001958
2017-04-19,-0.0018385877883613233,-0.0026079140369213993,-0.008874746300268521
2017-04-20,0.008139209825999583,-0.002240804903041238,0.0018893922713916211
2017-04-21,-0.0031869544243701142,0.00046805778181369107,0.002869780885113693
2017-04-24,0.01099774373246909,-0.002058294251495396,-0.0067859882121455994
2017-04-25,0.005818682610624126,-0.005154156149236422,-0.010125150830952667
2017-04-26,-0.0006287696969393686,0.002636941051219255,0.0049064144523129904
2017-04-27,0.0008389610647179246,0.0006581519953356985,-0.003723907331012466
2017-04-28,-0.0021794554895609997,0.0010334305131634025,0.0031563855415273068
2017-05-01,0.00252019210369947,-0.0021610214962742846,-0.00910820985920957
2017-05-02,0.00037696763245032017,0.0020714431077588635,-0.00016709821486071696
2017-05-03,-0.0012143389079135591,-0.0020671611011433555,-0.013957360197643709
2017-05-04,0.001174018200463145,-0.0022596010602556893,-0.010086475737808298
2017-05-05,0.003937105037052913,0.00018867405059697084,0.0018837333588366256
2017-05-08,-0.00016707354349199122,-0.002452929666820536,-0.002222050521183405
2017-05-09,-0.0009180274577885728,-0.0011352451273690667,-0.005995691205500697
2017-05-10,0.0017961861437700843,-0.0003789053112286389,-8.61881599950598e-05
2017-05-11,-0.002042883490035785,0.0007581881840232896,0.003964142371969848
2017-05-12,-0.001671052744066981,0.005111614241658957,0.0028326337429585013
2017-05-15,0.00552339440269467,-0.0006595744012225513,0.0026534071191921527
2017-05-16,-0.0009153621825618297,0.001318941299834675,0.0043537829852127174
2017-05-17,-0.017744079562798665,0.007999412103507408,0.018189539837597968
2017-05-18,0.004028382941686948,-0.0002802214817895221,-0.008181011348556977
2017-05-19,0.006504331464659785,-0.0002802109872090952,0.0049659454541624015
2017-05-22,0.005077493836634472,-0.0011207127815230367,0.004187604636601616
2017-05-23,0.0022124785173109895,-0.002618435709806466,-0.006338633249028169
2017-05-24,0.002333120961951929,0.0020628073615600595,0.003944948993712671
2017-05-25,0.004779295069008427,0.0005613446076881967,-0.0010868426783263718
2017-05-26,-0.0002065151516810193,0.000654742675785247,0.00887175702052101
2017-05-30,-0.0008688565930442538,0.002523070748632561,-0.003318413164433487
2017-05-31,-0.00024866933779210676,0.00046663551615355736,0.003995366733579031
2017-06-01,0.007952164111143523,-0.0005230099037837332,0.0008290372396291268
2017-06-02,0.0033288421017223513,0.004388666639289163,0.0073724269437449585
2017-06-05,-0.0007373445696794434,-0.0016732618038323155,0.0009867835373715828
2017-06-06,-0.003197107736804039,0.003165883314510509,0.011254375087548674
2017-06-07,0.0018504569634922863,-0.0018562615867228072,-0.0052802724121523426
2017-06-08,0.0004923506805372124,-0.0015813675208076194,-0.0065332416684456
2017-06-09,-0.001517503065183945,-0.0009314182980600938,-0.00912454251071615
2017-06-12,-0.00020576750591150272,-0.00018647508045899208,-0.0014932827593217013
2017-06-13,0.004890285731352861,0.0003730197198001939,0.0009970317877492363
2017-06-14,-0.0012677336993094368,0.005219973836238845,-0.00547811789275976
2017-06-15,-0.0019243477995181113,-0.0017616764917178784,-0.004172926066378535
2017-06-16,0.00021841819775336724,0.0005570446829603615,0.00016758836001962152
2017-06-19,0.008325140218752303,-0.0027854404765556007,-0.007625239321596311
2017-06-20,-0.006744306634386632,0.0025139430599518953,-0.0021109516115493943
2017-06-21,-0.0002467919217548076,-9.256444899219396e-05,0.0028769363429739236
2017-06-22,-0.0004527321609075763,0.0009286479538312964,0.0033749707830617037
2017-06-23,0.001194264954465396,0.0002785214143481429,0.004288615406013552
2017-06-26,0.0006579793938068512,0.000834536788368645,-0.008959220397639522
2017-06-27,-0.008056174350914325,-0.004912337730807348,0.0038019343183650633
2017-06-28,0.008950430494667927,-0.0009314182980600938,0.0007575454013519778
2017-06-29,-0.008788905125783342,-0.0037292353430009584,-0.00487806411784153
2017-06-30,0.0018644700288861227,-0.002339084592616558,-0.00253552275635216
2017-07-03,0.001695891023844709,-0.003673657748685333,-0.016353163532217163
2017-07-05,0.0023117473121669896,0.0007547384236694654,0.003704025486608087
2017-07-06,-0.009144304893761834,-0.001884393139164664,-0.00042907160833882685
2017-07-07,0.006484908518072263,-0.0016049510771216635,-0.010217244173899132
2017-07-10,0.0010740838688949594,0.00132407645150745,0.0016481821948142183
2017-07-11,-0.0007426928275924283,0.0013216973228762363,0.0012990519121258703
2017-07-12,0.00751479748046302,0.0029231494578030315,0.0035460648934031447
2017-07-13,0.0016803153012301397,-0.0010344915110028774,-0.0018098688846157618
2017-07-14,0.0046637910129740945,0.0014120334811988933,0.008202356680584888
2017-07-17,-0.00012204307398400172,0.001221715171960236,0.004453235312239068
2017-07-18,0.0005294899063705838,0.0036612978280006203,0.006991215691223296
2017-07-19,0.005414018861305214,0.0,-0.0002539901713815018
2017-07-20,0.00044539791854303346,0.000280227919893683,0.001354979930841882
2017-07-21,-0.0008903992551112516,0.0017765312471920147,0.008626558617128577
2017-07-24,-0.00024299439064834338,-0.0006532620917145682,0.00041921366315400554
2017-07-25,0.0024308190353603543,-0.005603988151740347,-0.0032687905257637873
2017-07-26,4.037519841659787e-05,0.0031932098177944734,0.008072646310579357
2017-07-27,-0.0009294435351522301,-0.0015912558532940047,-0.0007507202198242524
2017-07-28,-0.001173130079799578,0.0016881002570034997,0.00751316068954333
2017-07-31,-0.0005667758029467285,0.000280668257416794,0.0004971211979458712
2017-08-01,0.002228832230075195,0.0024838487556735345,-0.0008281447132181263
2017-08-02,0.00048484008689086977,-0.000934903723108782,-0.002072109381170417
2017-08-03,-0.0019397686198523445,0.0034627804837534804,0.0015780299800982611
2017-08-04,0.0018221163450184985,-0.0027045259582000325,-0.007794965092940864
2017-08-07,0.0018594629484407488,0.0005609582302690264,-0.0011700742821816323
2017-08-08,-0.0024610359002000814,-0.0008414091460863249,0.0029286123995053703
2017-08-09,-4.06143300847317e-05,0.0012161653572928532,0.012097421498903138
2017-08-10,-0.014115260055525991,0.003737263089044651,0.0074190218777654415
2017-08-11,0.0014769877430254041,0.0011174902912012286,0.004745944156777204
2017-08-14,0.009913018100810689,-0.0024176291014911255,-0.007085289845225495
2017-08-15,-0.00012155794126567088,-0.002982918017435221,-0.007709931316675189
2017-08-16,0.0017441803737474615,0.0018695466196394506,0.007356582616572016
2017-08-17,-0.0155908061082074,0.003546404541806769,0.005087348020141658
2017-08-18,-0.0015631029417000342,0.00018549629038311366,-0.0015511047050799087
2017-08-21,0.000782738861216048,0.0006504400749436368,0.0037612352656934966
2017-08-22,0.010457050072079754,-0.0019506690495930679,-0.004480311519932001
2017-08-23,-0.0035853995183988685,0.0034445275487109406,0.003764005301683415
2017-08-24,-0.0023305968711351266,-0.0015776402098132136,-0.003097719565420043
2017-08-25,0.0023360412415434073,0.0016729005455291546,0.003679752595251218
2017-08-28,4.099093834630807e-05,0.000927005573918116,0.015887278895027057
2017-08-29,0.0011448278268106904,0.0023169507334634964,-0.0021654043401577727
2017-08-30,0.004737557512042301,-0.000831781038095003,-0.0004822179671816196
2017-08-31,0.006016128886075167,0.0015723815881352188,0.011740101940391323
2017-09-01,0.0014138669769026002,-0.0029421840749398465,0.0019074699121892635
2017-09-05,-0.00718204519162402,0.006960751300314927,0.011105834943620163
2017-09-06,0.0034141866228898365,-0.0023965836303407873,-0.005099651110526904
2017-09-07,-0.00012180731334510142,0.0043419156115660495,0.010409331674411604
2017-09-08,-0.0011746983710537728,-0.0007361270772381356,-0.0012487602904230899
2017-09-11,0.0106661718748442,-0.0057070285584336355,-0.013909500369754801
2017-09-12,0.003370607625202693,-0.002407018218011703,0.0029320477853174154
2017-09-13,0.00047996803957706113,-0.0020416151792396198,-0.007506297144185492
2017-09-14,-0.00031987197261140743,0.00018611727291673041,0.004378656548724491
2017-09-15,0.0013460964571654355,0.0012090966216484755,-0.004993697404288455
2017-09-18,0.0021269528440273078,-0.003900464283995153,-0.009320466663927607
2017-09-19,0.001001090846231012,-0.0011187190326945595,0.0020907215740946228
2017-09-20,0.00035992045967514485,-0.0019594866083174622,-0.008024393981386213
2017-09-21,-0.002679150225442184,-0.001309420864845201,-0.00760396716163525
2017-09-22,0.00020069324279492484,0.001779211013840598,0.004564701313993336
2017-09-25,-0.002044699319243559,0.002990348773341367,0.01046738833080263
2017-09-26,0.00060249047173766,-0.0008383514758315558,-0.01116196421162674
2017-09-27,0.003894226679019175,-0.005130140570200226,-0.009420139990778287
2017-09-28,0.0011997935346268473,-0.0001872799260972391,0.001885519931214219
2017-09-29,0.003515028014784427,-0.0012182584147356623,-0.005155038524978006
2017-10-02,0.004338619695468449,-0.0011384280866828522,-0.006662322551317601
2017-10-03,0.0021402408906481263,0.0014129889526068862,0.0004968550936175209
2017-10-04,0.0011865294159669748,-0.0002823947214689593,0.002813840376879595
2017-10-05,0.005924995100515362,-0.0010346128671534505,-0.0053643767904710815
2017-10-06,-0.0011386975300641256,-0.0012234239054733642,0.004729503075844965
2017-10-09,-0.001651238940861166,0.0011304027513452386,0.008175782666649978
2017-10-10,0.0026383171400015115,0.0003772067709462146,0.002621229439913275
2017-10-11,0.0015709894502813349,0.0011287896655647334,0.0031862694835504968
2017-10-12,-0.0014900887723536815,0.0009403089261224018,0.000814386133850542
2017-10-13,0.0012173405718811647,0.0033798174104267,0.0075677460313676725
2017-10-16,0.0013335133186878068,-0.0016844377416420642,-0.006864791440930884
2017-10-17,0.0007052508064433471,-0.0003746751196826992,-0.006830966568647567
2017-10-18,0.0009786955244168727,-0.0025319571521222883,-0.003766470931118926
2017-10-19,0.00027353727071699474,0.0010338929539155384,0.005917656213846101
2017-10-20,0.005160408890589885,-0.0041321003061417505,-0.006373059753138954
2017-10-23,-0.0038892004244495126,0.0009435011217964195,0.0015623915833617996
2017-10-24,0.0017568676841803743,-0.0030151451758524406,-0.003858794818776823
2017-10-25,-0.004950109417593884,-0.0016066513056959275,0.00016481202311591225
2017-10-26,0.0012927317081816714,-0.0013248639488684377,-0.008405411255806072
2017-10-27,0.008176047072292691,0.0032222051621291214,0.004736970715121691
2017-10-30,-0.003724977994158829,0.0035892900947394057,0.0019023633137822404
2017-10-31,0.0015578885629303763,-0.0006580139363200344,-0.003797565383496626
2017-11-01,0.001322104761431575,0.0006032720556414795,0.003646328400454646
2017-11-02,0.0003884885799554372,0.001320465468754639,0.0006605716344769696
2017-11-03,0.0033387141776088924,0.001600564392224113,-0.004703355749990812
2017-11-06,0.0015477763574693881,0.001222287250205456,0.008539203746005919
2017-11-07,-0.0006952812727250013,0.00037579303775081563,-0.003616953850285376
2017-11-08,0.0017007139256943749,-0.001220425174776607,0.0034650455582678763
2017-11-09,-0.003627652685207927,-0.00037602209642573214,0.004110828013571766
2017-11-10,-0.0003098503867207114,-0.005076564602735312,-0.008187996581421442
2017-11-13,0.0009299746485620375,-0.0004726259495929641,0.0014860093226884974
2017-11-14,-0.0023228103110379816,0.001418458973523773,0.0020608359165059653
2017-11-15,-0.005004842433819157,0.003586924315861273,-0.0012339083538734918
2017-11-16,0.008500671295659235,-0.0025394483671864476,-8.23831309511025e-05
2017-11-17,-0.002938760963527298,0.00132035743650194,0.012026351450757033
2017-11-20,0.0017062600061124034,-0.0016014884820161335,-0.012616010451388493
2017-11-21,0.006542812307539947,0.00018858680835265318,0.0016487064682373376
2017-11-22,-0.0008844748690003401,0.003206796969600134,0.009217308019892734
2017-11-24,0.0023097543000882848,-0.0008461237079759876,-0.002527909692056185
2017-11-27,-0.0004991459029173306,0.0006585547443633821,0.004169409233999888
2017-11-28,0.010144925298497531,0.00018816158051460086,-0.00016286145211019676
2017-11-29,-0.0006089530115295227,-0.0031965462946291767,-0.0062698205225437675
2017-11-30,0.00875503516929621,-0.0031121649149786768,-0.007702412605330111
2017-12-01,-0.002075264444433067,0.0036955573669046338,0.004046225185331043
2017-12-04,-0.0012101212882523749,-0.0004723554927489326,-0.00337195530112111
2017-12-05,-0.0035965344326224225,0.0007556448164645069,-0.007096885692240984
2017-12-06,0.00018990466533574946,0.002076565472531655,-0.002077792558461522
2017-12-07,0.003153106369225833,-0.0017900849126440965,-0.013159005872162122
2017-12-08,0.005452893844313023,-0.000754415771027861,-8.434894941444782e-05
2017-12-11,0.00301330705662739,-0.000660656712546559,-0.00396692443776514
2017-12-12,0.0017646886335775935,-0.0008509450374359906,0.0011863349471581408
2017-12-13,-0.00011223925165115833,0.0040668190103181345,0.008633065001213858
2017-12-14,-0.004086452000610863,-0.000376888038487011,-0.002013911785324507
2017-12-15,0.008327503171434936,-0.00018895946970476363,0.0021020768465358497
2017-12-18,0.00634115921806111,-0.0022612749049600867,0.004614893860962033
2017-12-19,-0.003840264988523523,-0.004533423406029136,0.0007516606979649509
2017-12-20,-0.000524088556914104,-0.0029408431986478467,0.002670670135530351
2017-12-21,0.002059636309481583,0.0007049505156695446,0.0014150005810635857
2017-12-22,-0.0002615128838616698,0.0003806186097472519,0.005236513137701904
2017-12-26,-0.0011964777617892164,0.0003811911618529784,0.006862859144246336
2017-12-27,0.0004866452597394044,0.004282038153712087,0.0037776687734956127
2017-12-28,0.002057662267576754,-0.0012313561688792607,0.005072364396301321
2017-12-29,-0.003770571516927279,0.0016131207277567672,0.006512031434223742
2018-01-02,0.007157078553051921,-0.003315530235912023,0.012131014811884722
2018-01-03,0.0063252182656212685,0.001044937691796921,-0.002636850395774437
2018-01-04,0.004214620004950653,-0.0004743945857672571,0.00512737855482448
2018-01-05,0.006664600570311707,-0.001234816529721794,-0.0010361649479245783
2018-01-08,0.0018282961584230595,-0.0004754752670002027,-0.00015961279955833962
2018-01-09,0.002263416904820126,-0.004757372991610942,-0.0046284750854692636
2018-01-10,-0.0015297421944718836,-0.0002867131765145192,0.002405158456580736
2018-01-11,0.007295906763351123,0.0006688890308053086,0.003279242310744168
2018-01-12,0.006518856567341524,-0.0006684419173391687,0.012117319941670202
2018-01-16,-0.0034182125556976306,0.00047775214373713126,0.0016540570729914883
2018-01-17,0.009531430230999005,-0.0021981949700624615,-0.008099385028916495
2018-01-18,-0.0016802836298377422,-0.0031612724455442054,-0.002219746160232239
2018-01-19,0.0045496507065256875,-0.0025939905192352564,0.004449368789751107
2018-01-22,0.008130933958429232,-0.00038596320871275847,0.0018193589642852004
2018-01-23,0.0021223065373534578,0.0028916202115456535,0.004974316982453653
2018-01-24,-0.00038818575341714734,-0.0019222790924742217,0.012177899643490031
2018-01-25,0.0004234445257289554,0.002214946594944811,-0.006675468432262743
2018-01-26,0.011577922472325808,-0.002979012882298626,0.0007814808358339587
2018-01-29,-0.006629778027707589,-0.002505298377941556,-0.005621994291566623
2018-01-30,-0.010257239342076785,-0.0023186783687991763,-0.004318770545372774
2018-01-31,0.0004972589686587092,0.0002905881984891501,0.006703457836465088
2018-02-01,-0.0011356482825931602,-0.005158220158281712,0.003290292152912322
2018-02-02,-0.021769683684669028,-0.0037036514269079834,-0.013117887393550687
2018-02-05,-0.041822568653085646,0.008216979027476645,0.002531843471552664
2018-02-06,0.019702425427562398,-0.004366168331661258,-0.010496423649786646
2018-02-07,-0.005425072861293123,-0.0029238490551928287,-0.004705665583148111
2018-02-08,-0.03750889679253133,0.0008794327805627944,0.0015225774502147793
2018-02-09,0.015021486155435415,-0.0017570446166091935,-0.0016803225174144565
2018-02-12,0.014684659086188434,-0.0002938315160520011,0.004808897328354433
2018-02-13,0.002487331620219635,0.0016638475764336746,0.005663229392343538
2018-02-14,0.013496355983884323,-0.006057567701497679,0.0170526163171012
2018-02-15,0.012759852388170456,0.00029494067218927,0.001169844500285011
2018-02-16,0.00029308795598836923,0.0023585524577178774,-0.003271582663696204
2018-02-20,-0.006261487555780265,-0.0010783712630005882,-0.013441710167313214
2018-02-21,-0.004974059564345823,-0.0029438518853064366,-0.004594377467322497
2018-02-22,0.00129644177803101,0.0013774218147444284,0.00509310338211777
2018-02-23,0.015939220757349437,0.003833581736046199,-0.0012668539845069882
2018-02-26,0.01161202324087629,0.001174796864372496,0.0024575674654649937
2018-02-27,-0.012486187976611385,-0.0031289316273902523,-0.010438906498072442
2018-02-28,-0.010130312287908283,0.0023542028120167036,-0.0010388975966704184
2018-03-01,-0.014540668398936973,0.004303324406692566,-0.0022399902343750444
2018-03-02,0.005154740247007794,-0.0037088015692641196,0.005372018620811936
2018-03-05,0.011557919463395017,-0.0012737392262929248,-0.0016747674096407872
2018-03-06,0.0025352699970275783,-9.790652275731837e-05,0.010784458146907872
2018-03-07,-0.00036662495108275017,0.0,-0.006401624645603676
2018-03-08,0.004839108838341266,0.0020598307036916452,-0.0023862794212922145
2018-03-09,0.017402171874245198,-0.0021537709744475775,0.0009568071147663115
2018-03-12,-0.0012549399040536757,0.0023547318124350625,0.0
2018-03-13,-0.006462621075858044,0.0016639516208709626,0.0019117242474055995
2018-03-14,-0.0051318085198460706,0.0019544299709235435,-0.0006360457292979849
2018-03-15,-0.001089512440499707,-0.0003901052102762703,-0.00636432332367276
2018-03-16,0.0010843804343059205,-0.0011708639649552488,-0.0024019459414951205
2018-03-19,-0.013529876549133735,-0.0009766955973031788,0.0021669685053569143
2018-03-20,0.0017003104168924477,-0.001955392735200512,-0.004484705499084418
2018-03-21,-0.0019190024433017872,0.0006854845608676996,0.017456406089276788
2018-03-22,-0.024997429795652337,0.004112204205800829,-0.003953194075975608
2018-03-23,-0.021314461264200224,0.0013647854056213493,0.012938539529958382
2018-03-26,0.027359159909073894,-0.0027262162997565564,0.005250357853935794
2018-03-27,-0.017011930964945243,0.005662783151762607,-0.0061584106879088996
2018-03-28,-0.0029548617809443956,-0.00019407140569771553,-0.013804961458361409
2018-03-29,0.012777787216549541,0.002039193804556083,0.0004771936450476133
2018-04-02,-0.021584723485222557,0.0010190687785895935,0.011686153191860615
2018-04-03,0.012817047512313273,-0.0031999815300028933,-0.007543604183229635
2018-04-04,0.010699105031056977,-0.0005835996994826287,0.0011876001018220617
2018-04-05,0.007891960842012269,-0.002531382011038086,-0.005140323544257974
2018-04-06,-0.022285970904090124,0.004392040194371116,0.004689954877408864
2018-04-09,0.004928192405333931,0.00019443927356399549,0.0034021703240154633
2018-04-10,0.01590053776724276,-0.0017482474502220624,0.0023655815524346036
2018-04-11,-0.005242054506163107,0.0009727063026241378,0.007787899955785216
2018-04-12,0.00822700973232271,-0.0035973566713939364,-0.011630613197024076
2018-04-13,-0.0029331998210316845,0.0008783278189392618,0.006555000660688037
2018-04-16,0.008221555526088054,-0.0004872068010122188,0.0014123209845886553
2018-04-17,0.01069876683101878,0.0005848051584989022,0.0009402393572395251
2018-04-18,0.0007401588727442565,-0.0038990110901854225,0.0007827669207129961
2018-04-19,-0.00554746996801081,-0.0027398534342137904,-0.001955416527053
2018-04-20,-0.008479583857346706,-0.0033368476924934276,-0.007601890535287592
2018-04-23,-0.00014979879431142873,-0.0009842882094804883,-0.00797594984397465
2018-04-24,-0.013467481030923212,-0.0011821987363092035,0.004855919415812426
2018-04-25,0.00247153342504558,-0.0021704845362340297,-0.006496075996334616
2018-04-26,0.010166188846072233,0.0028675568552765096,-0.0035085115107064135
2018-04-27,0.0009386781214866247,0.001676299365366729,0.004241008034887361
2018-04-30,-0.007690526715710466,0.0010823552293368621,-0.007251025196090666
2018-05-01,0.0017765798798614618,-0.0015665247206209099,-0.007063145351023148
2018-05-02,-0.0067172756572810854,0.00019754207807798352,-0.0004849855228984401
2018-05-03,-0.0022038078268524774,0.0025644942098839163,0.005095004008440096
2018-05-04,0.012946452378709505,9.868304166915642e-05,0.002092067418605348
2018-05-07,0.0033833164818273254,-0.0004914335555875615,0.0002408766587147504
2018-05-08,0.0,-0.001673758460307928,0.00016052535213439967
2018-05-09,0.00966574783950458,-0.002268320446616512,-0.0020868008225222168
2018-05-10,0.009350445197047197,0.002075807851864342,0.0068366320405603975
2018-05-11,0.0030513903468842862,9.816872879420124e-05,-0.0014379318160805399
2018-05-14,0.00047674301153377563,-0.0021694635550234542,-0.004080017089843846
2018-05-15,-0.006887156813789597,-0.005534008319133754,-0.01614583132241254
2018-05-16,0.004205165700565505,-0.0020864296170738372,-0.0015512935679184991
2018-05-17,-0.0008451038473017425,-0.0005972759521105653,0.0005724073456552237
2018-05-18,-0.002499779157959181,0.0038858723440828857,0.0004086552101045804
2018-05-21,0.007518513957804673,0.0006948645028148626,0.0005718461950008358
2018-05-22,-0.0027801015125559214,-0.00039706809889561434,-0.0005715193738216051
2018-05-23,0.002751337709843593,0.004563873151377518,0.001061982268841355
2018-05-24,-0.0020485637793429268,0.0025688976805438024,0.00856859323093273
2018-05-25,-0.002382564992876257,0.0039409459081301,-0.003074660285441455
2018-05-29,-0.011501473027696885,0.01079469126127175,-0.00016229724222882602
2018-05-30,0.013344898422901874,-0.004272036621453257,0.001461160009810225
2018-05-31,-0.0061259588897084605,-0.0004872077186984791,-0.002188573125150861
2018-06-01,0.00981778418484125,-0.003694489678820023,-0.004955325896935814
2018-06-04,0.004751576740659846,-0.0035326777963345934,-0.0009796319640802409
2018-06-05,0.0007272253707193421,0.0025601937400183683,0.003922495029546447
2018-06-06,0.008360601247920041,-0.004026340524923455,0.0005697980927446
2018-06-07,-0.00010808826617636491,0.004239910396057089,-0.00048810250152542256
2018-06-08,0.0029563339237430597,-0.0013745778815622556,0.0012209142530825723
2018-06-11,0.0013303400164386137,-0.0009831010176918342,0.0017884823744613865
2018-06-12,0.001292154585737837,-0.0005903124254241776,-0.0033271415316106223
2018-06-13,-0.0031909018426682367,-0.0011820577680163868,0.003012561044629436
2018-06-14,0.002517755700612856,0.0031548105129910464,0.0015422908372948463
2018-06-15,-0.0012757774146342493,0.0007863369526794894,-0.01653429211330948
2018-06-18,-0.002056811376454304,0.0004912005236048511,-0.0018954650937899054
2018-06-19,-0.003832641746612242,0.0026500991175195665,-0.0025596363391254817
2018-06-20,0.0017058421072944085,-0.0032306521467694305,-0.004470206141434896
2018-06-21,-0.006268937049715206,0.0026519363564618814,-0.001746208886931444
2018-06-22,0.0018232163844638105,0.00019590661272617105,0.0024156041546103957
2018-06-25,-0.013612854458945334,0.0013704375936078872,-0.0037393797734436296
2018-06-26,0.002214182418054822,0.0004894570405564735,-0.0052547940330738285
2018-06-27,-0.008284284695117994,0.0038128852246248623,-0.005701830395735241
2018-06-28,0.005717904673691487,-0.0009745368381380848,-0.003035930214138949
2018-06-29,0.0014394809165396705,-0.0007794434442517373,0.003637288959023266
2018-07-02,0.0021376306859273164,-0.00068450334523118,-0.010029518972628937
2018-07-03,-0.0035309018893857624,0.0025431928983832286,0.01013112932642235
2018-07-05,0.008157841130034482,9.755299273117579e-05,0.003371272825408722
2018-07-06,0.008458082183897098,0.0008777094791623252,-0.0015959885471286128
2018-07-09,0.009004500842500152,-0.0025335430601501896,0.0024398528860691826
2018-07-10,0.0035984079041935235,-0.0007822812344290275,-0.001846422307055895
2018-07-11,-0.007314681461018213,0.002054059305084621,-0.010846724226159843
2018-07-12,0.009066230260897257,-0.00039059896054294274,0.004165231777556677
2018-07-13,0.0007872201492824527,0.0016594432968044526,-0.004401901762097538
2018-07-16,-0.0008944110466605482,-0.0016566941068738572,-0.0005101399394813466
2018-07-17,0.004045912824762521,-0.0005860818924349198,-0.010803949293831439
2018-07-18,0.0021032892029106964,-0.0007809601212395156,0.00025798744076199753
2018-07-19,-0.0037714623562300487,0.0027369088308355494,-0.004298856594405098
2018-07-20,-0.0011430588886139903,-0.0035094209787002173,0.006476124823511453
2018-07-23,0.0018597888882960767,-0.004891761803758388,-0.004804371742649138
2018-07-24,0.005031993680546076,0.0006884496131205342,0.0003448354786839136
2018-07-25,0.008522550456760536,-0.0006879759763257498,0.005515334234738045
2018-07-26,-0.002359242932966188,-0.001080959347297683,-0.0077991400388178755
2018-07-27,-0.006776046558024662,0.001574856449128914,0.0005183138095206097
2018-07-30,-0.0052239068297337266,-0.0012780511203964728,-0.0015540041641224356
2018-07-31,0.004929186764522031,0.001377799601037788,0.002939873181190933
2018-08-01,-0.0016701252915584108,-0.002363009154714657,-0.007328204929526794
2018-08-02,0.005447618659575992,0.0011847620218972121,-0.005384772884042377
2018-08-03,0.004284840687829972,0.0025620826256291807,0.003492853105171223
2018-08-06,0.0036668866721696336,0.0004921419146350914,-0.005133974480431958
2018-08-07,0.003302436002928122,-0.0020642975776447026,0.0022740706959853974
2018-08-08,-0.00042044513595307365,0.0008868299479074526,0.002792628802213759
2018-08-09,-0.001366070567171307,0.0027538468985570663,-0.0014794690881723138
2018-08-10,-0.006699740564909851,0.004317492519923416,-0.0004357279352805721
2018-08-13,-0.0037437342967511222,-0.00029321018081718275,-0.015084168803792819
2018-08-14,0.006380566607706362,-0.000977411558977792,0.0009738014451408095
2018-08-15,-0.0074672874786392285,0.0024451007735237784,-0.016626844065553148
2018-08-16,0.008091783990021861,-0.0002925040195479456,-0.0008094609704911715
2018-08-17,0.003520191487350388,0.0003903615555962414,0.00927091623261167
2018-08-20,0.0021399167599889246,0.003122036848637544,0.0049942495470025605
2018-08-21,0.002345232115478435,-0.0013617531108047753,0.002928336094692563
2018-08-22,-0.0005936333708747021,0.0018506977030694483,0.002211997942183075
2018-08-23,-0.0013278715289564147,-9.7291833001667e-05,-0.009446452957846962
2018-08-24,0.0060180718241640285,0.0002910900404162753,0.017468866017628537
2018-08-27,0.007895811399191821,-0.002235380191369263,0.00376657902932398
2018-08-28,0.0004825672147616977,-0.00223966347151372,-0.007941321771505638
2018-08-29,0.0053814115885817415,-0.00029322006024767866,0.00457421394854407
2018-08-30,-0.004049103405215471,0.001856212266025059,-0.004903656511020427
2018-08-31,3.46702802913601e-05,0.00019420797824865055,-0.0011439392301668683
2018-09-04,-0.0017220558620959503,-0.002284899998232337,-0.005109698001402596
2018-09-05,-0.0026914884621016544,-9.785261216044283e-05,0.0034534613352918964
2018-09-06,-0.0030101282509497063,0.002055832877188246,0.0019414156485668688
2018-09-07,-0.001943154855746032,-0.004493785170463616,-0.0027302937827557994
2018-09-10,0.0017385815288850637,0.0005886135791022262,-0.000706542689065337
2018-09-11,0.0032976495737360167,-0.003628740873071745,0.0006186451072049959
2018-09-12,0.0002423103288176076,0.0011814590868968189,0.008390716640166218
2018-09-13,0.0059141228705745785,-9.828550652901669e-05,-0.003591101333891067
2018-09-14,0.0001720872572468224,-0.0018683383233873974,-0.006504970809317556
2018-09-17,-0.005294209098863467,0.00019750695023290632,0.005220350246058381
2018-09-18,0.005425789762976363,-0.00413658784891946,-0.0014963310274803687
2018-09-19,0.0010657709214563216,-0.0016815021725408164,0.0038786565809445506
2018-09-20,0.00810378161877967,9.977085806345265e-05,0.0034246522572405347
2018-09-21,-0.0009137804740739774,0.0003955496890217791,-0.006825928084458588
2018-09-24,-0.003321668049421911,-0.0010890318709786406,-0.0001761974045536574
2018-09-25,-0.0009276864410396879,-0.0009915850980503071,0.0015863250483771907
2018-09-26,-0.002992643134800188,0.0032747327237494517,-0.005279352979018492
2018-09-27,0.0027944784666069644,0.0,-0.008845643281780058
2018-09-28,0.00010293098335911743,0.0004944352623958981,0.006336448595585686
2018-10-01,0.003474389346889817,-0.002535458152415959,-0.001685016298392017
2018-10-02,-0.0005826860840472126,0.002581733823849852,0.011548397044346848
2018-10-03,0.0005486609413076771,-0.007428075186334926,-0.003951915050342092
2018-10-04,-0.007815719020390355,-0.002594449152605094,0.0005290529796948551
2018-10-05,-0.005597215310104042,-0.0024007349748550455,0.002819877382429281
2018-10-08,0.0,0.0004007757249195887,-0.011072074713894264
2018-10-09,-0.001458920378652917,0.0019050114877374735,0.0005331220730910857
2018-10-10,-0.0316630699020376,0.0004998631470543025,0.00248666770063255
2018-10-11,-0.02202694852625464,0.004099738881818249,0.02569101343410174
2018-10-12,0.013888562326693998,-0.0011945269684277005,-0.004750349180877911
2018-10-15,-0.005616863310454634,0.0005983010909365039,0.006682258271583086
2018-10-16,0.021865397316139346,-0.00010044192601088575,-0.0017241116227776354
2018-10-17,0.00017890779848328542,-0.002889288029720549,-8.637423114732368e-05
2018-10-18,-0.014441406492310627,0.0017986530796829658,0.001122698440194414
2018-10-19,-0.0005427525986048121,-0.0011972264423537604,0.0007764317521294917
2018-10-22,-0.004488586845373899,0.00019942218463064876,-0.002586010225269497
2018-10-23,-0.005090566721147605,0.002597152670961167,0.005876763551604158
2018-10-24,-0.030298747405136717,0.005379162134891757,0.0023198236435848507
2018-10-25,0.01794071823398058,-0.0023780289510431096,-0.002228717024418514
2018-10-26,-0.017587550734174506,0.004469386720501456,0.0031786521678458524
2018-10-29,-0.005540361621381162,-9.883300117263794e-05,-0.003939360261169922
2018-10-30,0.014818571124921576,-0.0021754570012422203,-0.0043847864976442885
2018-10-31,0.010680984780607305,-0.002477466539375084,-0.005613139108367471
2018-11-01,0.010641771773696629,0.0008560968554591764,0.012852763420992508
2018-11-02,-0.005923024579564173,-0.005570076768557253,0.00017151910256396619
2018-11-05,0.005517050248432076,0.0005995753223897449,-0.0024003324100664303
2018-11-06,0.006327945016235015,-0.0010998257523354704,-0.002835798085983887
2018-11-07,0.021408758254231053,0.0,-8.619558903444346e-05
2018-11-08,-0.0018150486822442469,-0.001400697054946498,-0.0021546152083956605
2018-11-09,-0.009767670415254615,0.0039085531238223226,-0.011228151978489587
2018-11-12,-0.01868564987106025,0.002994753022161678,-0.007162820324765118
2018-11-13,-0.0018707472930782343,0.0007967131877608669,0.0003518677181439944
2018-11-14,-0.006836759332942033,0.002088339663780525,0.008267391966898074
2018-11-15,0.010436343056831276,0.0006943261316263438,0.0011339606953078007
2018-11-16,0.002600816842997622,0.0030750838082045373,0.00740616997802257
2018-11-19,-0.016914731257266613,0.0014825124765946995,0.0004324115306661991
2018-11-20,-0.018505923310826455,-0.00019713234498230925,0.0
2018-11-21,0.003407663397167582,-0.00019781019459153004,0.0016426250921930396
2018-11-23,-0.006679215672667049,0.0005928175853817663,-0.0007768338236752159
2018-11-26,0.016144749236802536,-0.0007896509914162575,-0.0011228924348919422
2018-11-27,0.003364028465616009,0.00098779813157579,-0.005966814640678719
2018-11-28,0.023025632417537745,-9.889216147340729e-05,0.0037407596049729985
2018-11-29,-0.002185212795663305,0.0025665236450913564,0.0031201301691909933
2018-11-30,0.006095275356935215,0.001968333930777222,-0.0017279847238080848
2018-12-03,0.01324150313853023,0.0021859908756587387,0.007529883500850154
2018-12-04,-0.03240221569404078,0.004617561906287815,0.006099124320393612
2018-12-06,-0.001517329976640558,0.0025428662129236557,0.0001707363609755319
2018-12-07,-0.02323572106020866,0.0029253192363720704,0.00810992789134457
2018-12-10,0.0018968723964871703,0.0005843442572721624,-0.003471894702593792
2018-12-11,0.00022700401863384734,-0.002527451637952205,-0.001189661703648759
2018-12-12,0.005035565418310961,-0.0027284773950879693,0.0021269354947484054
2018-12-13,-0.0003391754933297353,0.000585822658978552,-0.002207336227265433
2018-12-14,-0.01846482911857883,0.0015627505562911814,-0.003998989411934772
2018-12-17,-0.019618347088472654,0.0029252592747368578,0.0069195729103175285
2018-12-18,-0.0010964708218834662,0.0024648056903890936,0.0023754880187696337
2018-12-19,-0.014975722361557642,0.0034984986113362204,-0.006093958623821227
2018-12-20,-0.016277617265685773,-0.0012591874817293736,0.015413416962360094
2018-12-21,-0.02048990497720049,0.0008731875800984668,-0.004360924625816276
2018-12-24,-0.026423017724475528,0.0025182799602048167,0.010950096100037499
2018-12-26,0.05052512284650135,-0.004734690188317403,-0.002999441684935489
2018-12-27,0.007677353014192256,0.0025241722182842707,0.007604847107346435
2018-12-28,-0.0012900479900327388,0.005424375487543376,0.00406401148718416
2018-12-31,0.008758900157749938,0.0037563050331099745,0.0015694898830167503
2019-01-02,0.0010401918359170814,0.00211169582815951,0.0006598089159148834
2019-01-03,-0.02386273563056318,0.007948413292805823,0.009066170423806641
2019-01-04,0.03349567025110711,-0.008076061731889461,-0.008086235900529481
2019-01-07,0.007884685669550473,-0.0027780739116682884,0.003458482876331992
2019-01-08,0.009395530154695964,-0.0024971956177537447,-0.00270804061547536
2019-01-09,0.004673534788983913,0.000577793596135745,0.006418158373500793
2019-01-10,0.0035274267696443484,-0.00048080317785470505,-0.005886691481276629
2019-01-11,0.0003862320337368885,0.002984505496219869,0.001727170986037141
2019-01-14,-0.006100860901675498,-0.0005762837115145247,0.002380897199235621
2019-01-15,0.01146074956681753,-0.0009601129569621891,-0.0017200351443330542
2019-01-16,0.002419942469613634,-0.0005769046261059341,0.003199863787636481
2019-01-17,0.007586538054940917,-0.0018278896641872322,-0.001308546962521917
2019-01-18,0.013310067504503698,-0.0031806208283685633,-0.008926410300850951
2019-01-22,-0.013510673579998467,0.0034809284125341122,0.0035531343340227117
2019-01-23,0.002092632045607612,-0.00048189116337737925,-0.0013997379433263735
2019-01-24,0.0005315034625754667,0.0031815003722193147,-0.0015666428373899421
2019-01-25,0.008461482553483002,-0.002306995051371774,0.01461726258147622
2019-01-28,-0.00760027655105433,0.00028966183864431727,0.0034999210730881636
2019-01-29,-0.0013270599823869134,0.0028880681471690206,0.005596580714432919
2019-01-30,0.01583087725591903,0.0023042959227872473,0.005726722578225596
2019-01-31,0.008782428208108373,0.004597203091091018,0.0004811737703025454
2019-02-01,0.0004818885785897731,-0.00535025594401195,-0.002004008016032066
2019-02-04,0.007034862492634852,-0.0022094514432517975,-0.004337356751223598
2019-02-05,0.0041919832757191244,0.0017330378752133946,0.002581475453272253
2019-02-06,-0.0013180871422735496,0.00076909290123095,-0.006758902044908699
2019-02-07,-0.009532909271851908,0.0032646551521076095,0.002430293392984062
2019-02-08,0.0012212750636997338,0.0013405679153952743,0.0037982966608791635
2019-02-11,0.0005550269384508866,-0.0015294243380624684,-0.004911042708701019
2019-02-12,0.01285919571472749,-0.0013408238876856382,0.002103577179937588
2019-02-13,0.0032467918367407034,-0.002492375357012966,-0.003956062177901898
2019-02-14,-0.0022182271005050103,0.004709468998342903,0.005592889654295163
2019-02-15,0.010897592346993168,-0.0009563545378420413,0.005964900110646321
2019-02-19,0.0017304759694445337,0.001723138825352466,0.01522430969570121
2019-02-20,0.0020155851949856807,-0.0001913354122948796,-0.0017363346220006237
2019-02-21,-0.003556034515768025,-0.002963499935316416,-0.01130613747012843
2019-02-22,0.006200062566279918,0.0029723083709816134,0.0035985360836492397
2019-02-25,0.0013609372868952363,-0.0015291318902822537,-0.0010358346885892544
2019-02-26,-0.0007154249126039014,0.0029678625373259493,0.001675034536747333
2019-02-27,-0.00042953784073274104,-0.003532374265393212,-0.0070871108191714605
2019-02-28,-0.001862639600222482,-0.0025868993740765234,-0.005613959130088775
2019-03-01,0.006244255416610001,-0.0032811670277700378,-0.017017506627186707
2019-03-04,-0.00363759962827781,0.0030894130876486514,-0.0026255308667166855
2019-03-05,-0.0013599761764554463,0.0005773760719893772,0.0013162525939689473
2019-03-06,-0.0060570393107243214,0.0027900403559566467,-0.0009037184460104486
2019-03-07,-0.008365482046180372,0.0033575391756150985,-0.0008222882461902392
2019-03-08,-0.0019998064883466338,0.001434393210994589,0.010945553273622899
2019-03-11,0.014501376779066044,-0.000764054024432248,-0.004884390198699795
2019-03-12,0.0037706696750507973,0.0027712004014526226,0.006053709964792153
2019-03-13,0.00661887746206169,-0.0003811752043039185,0.006992949727453013
2019-03-14,-0.0006393170335883269,-0.0014298428300330013,-0.011547098821608426
2019-03-15,0.00494041994054828,0.0031502459814081174,0.004574769560006908
2019-03-18,0.003625463362481929,-0.0013322921619864925,0.0005692420438265788
2019-03-19,0.000248118644140094,-0.0006670347661840159,0.002763299214570303
2019-03-20,-0.0030095790329753846,0.006959713844724158,0.006484057947534705
2019-03-21,0.011294400467960264,-0.0004729924604237601,-0.004026413261163153
2019-03-22,-0.019246243135319974,0.0073890534510305805,0.002344768069306058
2019-03-25,-0.0007515317369822805,0.002539280382597653,0.007663119616744485
2019-03-26,0.007453902870797613,-0.0008443115914856802,-0.004963137418150021
2019-03-27,-0.005229290794237285,0.002910374061957155,-0.005229296137734041
2019-03-28,0.0037904198653027077,9.346662297460284e-05,-0.014152850613865509
2019-03-29,0.006305550310794716,-0.001591187049912124,0.0009023839948698598
2019-04-01,0.011859238261598959,-0.006876019338879602,-0.003934131206699387
2019-04-02,0.00049004177831935,0.0017023877570025991,0.0037028271386223555
2019-04-03,0.0015734465689114518,-0.0031162728526460404,-0.0014756542074284562
2019-04-04,0.002653391487541512,0.001041398064984378,0.002545135885276162
2019-04-05,0.004839890261286506,0.0004738778411672584,-0.0010645913747292512
2019-04-08,0.0007625690302108801,-0.0016080675296625824,0.004344964459018996
2019-04-09,-0.005124924745015136,0.0018000600193373018,0.0052240582686200465
2019-04-10,0.003411085916926071,0.002363925459165639,0.003085645543724258
2019-04-11,-0.0002773314634076929,-0.002263740240296186,-0.012790430232882621
2019-04-12,0.006765865898376688,-0.00463318332078233,-0.0009839698252592788
2019-04-15,-0.000655031775947279,0.0013297297870511482,-0.0018879040751598186
2019-04-16,0.0006554611238112074,-0.00341539689915471,-0.008963785785923162
2019-04-17,-0.002447004874227665,0.00018997354307015435,-0.0019085831288393473
2019-04-18,0.001968859654886801,0.0023800095569632695,0.0007482870651696061
2019-04-22,0.0008622818838475155,-0.0014245803843178084,0.0
2019-04-23,0.008991457623818588,0.001806822353090487,-0.002076929420084306
2019-04-24,-0.002219019484463902,0.003796802376427655,0.002913740144174559
2019-04-25,-0.0006158732586529769,-0.001229695702008926,0.0008300695036758121
2019-04-26,0.004656494018196122,0.002650916745777554,0.006635175033447238
2019-04-29,0.0015679290048229433,-0.002077232835225429,-0.004449212353194731
2019-04-30,0.000510382811379495,0.001987015269482084,0.003062112981714993
2019-05-01,-0.007516566561681093,-0.00045422964527142007,-0.0066006224629273635
2019-05-02,-0.0021592993031860352,-0.0028394257905994813,-0.0038205903541770336
2019-05-03,0.00978814723780963,0.0013287864931903481,0.005919618726200504
2019-05-06,-0.004115148378100231,0.0025595928892405695,0.001326117121354109
2019-05-07,-0.01669981281492805,0.003404163820580397,0.003310996887363471
2019-05-08,-0.0013893348438526187,-0.0018846521293970353,-0.0024750055657883907
2019-05-09,-0.0030255172071640413,0.002643701986384972,0.002398422606480377
2019-05-10,0.005023313258800677,-0.0006593333071331919,0.0018977175142322888
2019-05-13,-0.025130198324916697,0.004994429789619392,0.010211626950944686
2019-05-14,0.009043594311160197,-0.0009372550312383154,-0.001711902564663359
2019-05-15,0.00585763829070074,0.0031903079910513554,-0.0005716127335255727
2019-05-16,0.009261118185179162,-0.0019640218937736487,-0.007190107507201948
2019-05-17,-0.006465016273216717,0.0004684955770695165,-0.007077611679961904
2019-05-20,-0.006611886257257615,-0.0016862392082787059,-8.290208125960596e-05
2019-05-21,0.009015749392452976,-0.0011267724897472409,-0.002320944800343727
2019-05-22,-0.0030718500911549596,0.003006943469634482,-0.0009970317877493473
2019-05-23,-0.012218539975171638,0.006089101919059425,0.007734533613594108
2019-05-24,0.0022685179082542195,-0.0002796550643117124,0.0010729131367255285
2019-05-28,-0.00930041641594015,0.004376903232522711,-0.0038747008151563955
2019-05-29,-0.006711017616618409,-0.0003703079576834467,0.0003310511869667465
2019-05-30,0.002731043730326066,0.003617960515275298,0.0067841455794737104
2019-05-31,-0.013475185678793133,0.006654863258905408,0.013476862164072179
2019-06-03,-0.002542909398295601,0.004811731145758946,0.014432812396575123
2019-06-04,0.02170660409432923,-0.0036630727436662847,0.0003197259638094696
2019-06-05,0.008662082121429826,0.0,0.00255692921232642
2019-06-06,0.006502977725707959,-0.00018342080300115526,0.003267681746440987
2019-06-07,0.010006876929086639,0.003952312564837301,0.0056402851919619135
2019-06-10,0.004588984500768278,-0.004943699697006587,-0.00995334973762707
2019-06-11,-0.00024212337972739917,0.0,-0.0011968524989020013
2019-06-12,-0.001765342318991614,0.0025758249130014566,0.00519253494403471
2019-06-13,0.004126495130186925,0.0024781247715626176,0.006119340633088832
2019-06-14,-0.001105439454113455,0.0007324471937610877,-0.00031596300165448454
2019-06-17,0.0003805511028114328,-0.00018366558490445772,-0.0006320654488251032
2019-06-18,0.01047109234601562,0.001921546629901183,0.005060083591572395
2019-06-19,0.0022569275654023002,0.002739968409051441,0.006057242183996836
2019-06-20,0.00955452287709102,0.001639057304673619,0.025177896911959374
2019-06-21,-0.0014536926065215061,-0.00409143515689292,0.006635612181659978
2019-06-24,-0.0012247281265660437,0.0034689099816529456,0.014850786310930397
2019-06-25,-0.009807307054971681,0.0015465422401628182,0.0019411266395166216
2019-06-26,-0.0009975120902278034,-0.004087388924924329,-0.009165393111099984
2019-06-27,0.003545687069814507,0.00300970935930156,-0.000977700846950591
2019-06-28,0.005145697756986811,0.0004547511801609172,0.0027100317696175935
2019-07-01,0.009078439945227945,-0.0012561896167029296,-0.019369383559800002
2019-07-02,0.0026043262384753962,0.0035552478869484982,0.021359735486276676
2019-07-03,0.007995531204771922,0.0019077412622814371,0.001649060899963084
2019-07-05,-0.0011383135200266903,-0.006346781572035831,-0.011150231525253074
2019-07-08,-0.005494434559185968,-0.0010037134908555956,-0.006432617734537516
2019-07-09,0.0012464569750860743,-0.0006396480398365156,0.0035037454291328984
2019-07-10,0.004777861294626318,0.0005488345041941844,0.015787490178783115
2019-07-11,0.002344292873274867,-0.004933227272451601,-0.008443584154164463
2019-07-12,0.00447695056484454,0.0011015870571164932,0.006254723814186791
2019-07-15,0.00033254626221035366,0.0021090588411478706,0.0
2019-07-16,-0.0032253456718904783,-0.002196284565880613,-0.008462554430785363
2019-07-17,-0.006804737530585969,0.00467808678549364,0.01646531748539748
2019-07-18,0.003660725749352167,0.002464105613543044,0.014117951186161548
2019-07-19,-0.005555042802095067,-0.0018211266263754577,-0.014727392803034478
2019-07-22,0.002456766874320282,0.0004557388064705403,-0.00014876383044060137
2019-07-23,0.007149937886070434,-0.001640941030734977,-0.005652618252780628
2019-07-24,0.004699628013239199,0.0014611594097162506,0.005086339018351538
2019-07-25,-0.004776990252822855,-0.0017325952012562373,-0.007070008058076338
2019-07-26,0.006699584734807251,-0.00018294433488486028,0.001648937368628589
2019-07-29,-0.0018209923451395493,0.0009139745748136807,0.006659678193005059
2019-07-30,-0.0024545443435322056,0.00045640387797907245,0.003344956160896251
2019-07-31,-0.010940674322740929,0.002554695743640867,-0.013112972808538625
2019-08-01,-0.008708103141742307,0.011342706492739829,0.02402219643390402
2019-08-02,-0.007529428164692709,0.0020739347206346626,-0.0038120684590625675
2019-08-05,-0.030073026324452523,0.008636461168854082,0.013981852270352535
2019-08-06,0.014023223097672899,0.0016055518929698476,0.008128386897085838
2019-08-07,0.0005904995111467581,0.0,0.015189695160357397
2019-08-08,0.019620174197841234,8.904985263091802e-05,0.005034686098196239
2019-08-09,-0.006811661636553112,-0.0015134700777893473,-0.0033161732510501585
2019-08-12,-0.012173381498337799,0.006331721183634231,0.009698502260031328
2019-08-13,0.015551793885843601,-0.0035449539258207707,-0.005959518154781018
2019-08-14,-0.02956781904753547,0.006670233063177378,0.0068415942238304606
2019-08-15,0.002641963103236833,0.006361411661775174,0.0066549698650941735
2019-08-16,0.01475534359334607,-0.0026341389284640915,-0.006402214255277094
2019-08-19,0.01204754425255361,-0.0047527416019618185,-0.011696303286335752
2019-08-20,-0.007662754623505963,0.00442169592509023,0.007795380191040424
2019-08-21,0.008135787701917918,-0.002641386341577512,-0.003164420123660472
2019-08-22,-0.00030823817669090037,-0.0022069046030125383,-0.0025395077899371676
2019-08-23,-0.02568738248914737,0.006724233848535599,0.019589847185487175
2019-08-26,0.011058737871911362,-0.0009666408337026811,0.00013875475282665306
2019-08-27,-0.003923954040622291,0.004310627573395065,0.00957073902105865
2019-08-28,0.007041691787512905,0.00035020551701769875,-0.002816539407023644
2019-08-29,0.012773497169557002,-0.0019264899042195083,-0.007164566813753437
2019-08-30,-0.00044453439873715084,0.0002631885092678754,-0.0025672712303844714
2019-09-03,-0.005847510517313137,0.002196563867998158,0.013913043478260834
2019-09-04,0.01135052468638853,0.001578196392173714,0.006243592878966586
2019-09-05,0.012855425176792945,-0.00805274512343468,-0.024001119491110168
2019-09-06,0.0007723059375630559,0.0006177994403162579,-0.008523132778435305
2019-09-09,0.0005032841616314787,-0.00617290070684029,-0.0037344897557421985
2019-09-10,-0.0002351936261280052,-0.007275787387004851,-0.008557937047107611
2019-09-11,0.007111660944920883,-0.0009832823363172816,0.006063676329913781
2019-09-12,0.003463515449606991,-0.0022367698748884113,0.002056360685188219
2019-09-13,-0.0006640162855070519,-0.009146248757477493,-0.008279177519783909
2019-09-16,-0.003088340965595182,0.0043437793933134294,0.008348294532203537
2019-09-17,0.002531949748820761,0.002613230810633471,0.0019813102518067005
2019-09-18,0.0005976641787768244,0.00035919145091778404,-0.006285306153149484
2019-09-19,-6.645477471944883e-05,0.0004493982974669297,0.004050828215713009
2019-09-20,-0.004724327948267826,0.005746978569821204,0.011820485442912032
2019-09-23,-0.0002348392484737838,0.0014290206141001072,0.005596383832365381
2019-09-24,-0.007846962568187954,0.004992494847280593,0.005286918308423871
2019-09-25,0.005914597501365915,-0.006564710890331615,-0.018545379403875573
2019-09-26,-0.002082745027197519,0.0021431843757167,-0.0002820880237280887
2019-09-27,-0.005387651493713896,0.0014252491943991252,-0.005148429100112373
2019-09-30,0.004638023041824146,0.0008010861013860726,-0.015525325955691782
2019-10-01,-0.011894785435624833,0.0027695924785107184,0.005472814807717441
2019-10-02,-0.017664515218564825,0.003463382488227973,0.011673634369571584
2019-10-03,0.008192715753583935,0.0052211273914544165,0.004530648552570016
2019-10-04,0.013532060112471989,0.0019368044328840206,0.0
2019-10-07,-0.004314635057404259,-0.0033388069307627166,-0.008527071931805796
2019-10-08,-0.015524711057641527,0.002115763358863987,0.00874259511120079
2019-10-09,0.0094966757203927,-0.0025514119259533174,0.0009160434363713055
2019-10-10,0.006763090275992978,-0.0062619383095713355,-0.008729359144837523
2019-10-11,0.010366992950187726,-0.006833966301429406,-0.005539370732339566
2019-10-14,-0.0011139888841851242,0.0027700010776450235,0.003999125640758994
2019-10-15,0.009900775114132232,-0.004812609957850489,-0.006970593591764218
2019-10-16,-0.0016061285940757175,0.001970348780270692,0.0057302703836425994
2019-10-17,0.0029487423055392092,-0.00035730537375633364,0.0014243781997433924
2019-10-18,-0.004377002027349586,0.0008936636567606904,-0.0010667370445437419
2019-10-21,0.0067793735687646794,-0.0036617927136303186,-0.004770136663166058
2019-10-22,-0.0032667658390141963,0.00233058344940007,0.002932997222985456
2019-10-23,0.0029095332954667263,0.0003577549830215965,0.0023537934253772264
2019-10-24,0.001633645582043819,-0.00017929920642090202,0.007115918371069618
2019-10-25,0.004095430486163565,-0.002145904156738987,0.0023316740895991117
2019-10-28,0.005636234680652885,-0.0037635096080043118,-0.008600036764796815
2019-10-29,-0.00029684377198802014,0.000899047745632986,-0.0027730332148816483
2019-10-30,0.003067408759735546,0.004853540225032704,0.005490226541611021
2019-10-31,-0.0026634406405178224,0.0063507582737520885,0.009998499224238566
2019-11-01,0.009264470313786966,-0.0018869198314952484,0.000912763389017579
2019-11-04,0.0040172497543755625,-0.005083434972204204,-0.002876007780098777
2019-11-05,-0.0011058675231347959,-0.005378751016416161,-0.016180006273117664
2019-11-06,0.00022781786536962834,0.0028849408644964214,0.004290245395359271
2019-11-07,0.0035168425215741372,-0.007998659971615196,-0.015521486102876958
2019-11-08,0.002466295723388079,-0.001358776428091124,-0.006364394703267995
2019-11-11,-0.0019101589308859745,0.0010887953706761877,-0.002401934875323586
2019-11-12,0.00210836031477335,0.00045321228232308997,0.0026995120660886496
2019-11-13,0.0003232702889126582,0.002716977486380223,0.004002059820052306
2019-11-14,0.0014561510025759006,0.005058003408963119,0.004203521155341949
2019-11-15,0.007236366450405596,-0.0008086719135829146,-0.0025259154943226836
2019-11-18,0.0007375481955642638,0.0017089031676014166,0.0029664162029099383
2019-11-19,-0.000288763477695686,0.0018859371265007585,0.0005050304911609071
2019-11-20,-0.003718660975728705,0.003674280200625768,0.0005046655432805469
2019-11-21,-0.0016089864197519343,-0.0025004191311727153,-0.005477043362080103
2019-11-22,0.002224027324198019,-0.00017883520182404578,-0.0018840181654777854
2019-11-25,0.007750268081677669,0.0004477345215943007,-0.004791662812458131
2019-11-26,0.0022655849148247587,0.001879044755679793,0.004814733391401704
2019-11-27,0.004457618877603098,-0.0025900545812256315,-0.005299919828770094
2019-11-29,-0.003708808465429758,-0.0008063328540401926,0.006203971517371398
2019-12-02,-0.008494673942840869,-0.0035901045343481597,-0.0005078146228696401
2019-12-03,-0.006706337472177526,0.008918072436306268,0.00957984896245434
2019-12-04,0.006170459095547143,-0.003839494478515393,-0.0013658431498282386
2019-12-05,0.0017977000846027824,-0.0023301810099431997,0.0005758841931267078
2019-12-06,0.009134112843763864,-0.003054856942760309,-0.009928092682104261
2019-12-09,-0.00314422802395542,0.0008109968240974652,-0.00029060665275248976
2019-12-10,-0.0011151950144222544,-0.0011701564508196372,0.0028347098739491816
2019-12-11,0.002838745234687412,0.004146931675797605,0.00688553265084435
2019-12-12,0.008619036612821818,-0.007900293418631743,-0.003527249493396556
2019-12-13,0.0005990934772543977,0.005881859003649348,0.004478873140076667
2019-12-16,0.00687002302377504,-0.0046781994040066,-7.198680622300113e-05
2019-12-17,0.00021913682625429587,9.023446847344907e-05,-0.00021575647831872935
2019-12-18,6.243136366412827e-05,-0.002710950335301554,7.200752478642158e-05
2019-12-19,0.00409905270267763,0.0007800516195233254,0.002589559770448613
2019-12-20,0.004384060702282255,0.0,0.0010044438566789715
2019-12-23,0.001527906289249259,-0.0009060541582531778,0.003081942822633188
2019-12-24,3.137242476425328e-05,0.0017241685396633954,0.009431992518777577
2019-12-26,0.00532293093884828,0.0014497289282131565,0.007857298625196796
2019-12-27,-0.0002475692494110504,0.0014473040485938338,-0.0003511943393945671
2019-12-30,-0.0055130981838559245,-0.0006323364052477354,0.0021077991140190377
2019-12-31,0.002428929516102407,-0.0036160096922358553,0.0018929327941459295
2020-01-02,0.00935223877771385,0.004627111443143761,0.0073478173310379535
2020-01-03,-0.007572266934338212,0.006682679525579438,0.013268521727000326
2020-01-06,0.0038149699095260114,-0.001076466479373983,0.010489502076611812
2020-01-07,-0.0028116121578665165,-0.0014368083604129334,0.003935150508558971
2020-01-08,0.005329312661619845,-0.002338081890829846,-0.007501524641443713
2020-01-09,0.006780905239962998,0.0007210832923523203,-0.005651653463197515
2020-01-10,-0.002877948695662713,0.0021620159154123186,0.006026192495848015
2020-01-13,0.0068774057480256445,-0.0011687748096254058,-0.007419483430124996
2020-01-14,-0.0015246905955124124,0.001979954020094432,-0.0008915435213457945
2020-01-15,0.0022599060681489647,0.002514579256890581,0.005834242779070742
2020-01-16,0.008318305004448856,-0.002060320146277439,-0.0015695082440052577
2020-01-17,0.0031122589433434378,-0.0008080913361703246,0.0018454259925253513
2020-01-21,-0.001957962061345797,0.003953584879499816,0.0010915790702048511
2020-01-22,0.000120661052795068,0.0001787623690692186,0.0003406555206315609
2020-01-23,0.0011473542344797583,0.0025057746620757992,0.002248122121045526
2020-01-24,-0.008893386247951995,0.0035696157946467633,0.005845572586286041
2020-01-27,-0.01602945685611934,0.0067594206765144715,0.006825312844883635
2020-01-28,0.010479157958183327,-0.0033568993929520285,-0.008926785569624784
2020-01-29,-0.0008260130720025849,0.004786293046156853,0.005417872354848807
2020-01-30,0.0032453837514323514,0.0009703353926953096,6.732120695107646e-05
2020-01-31,-0.018158106718009104,0.0050234079083322225,0.005792420039608892
2020-02-03,0.007428891226355594,-0.000851756506716872,-0.006495688802043542
2020-02-04,0.015241142138447517,-0.005800061974283621,-0.01300895070524588
2020-02-05,0.011547951520580302,-0.00433128226102264,0.0012293105482077404
2020-02-06,0.0033647878417431,0.0007102226752271346,0.005388399719282511
2020-02-07,-0.00532983891792882,0.0047904209788576235,0.002645857569860688
2020-02-10,0.007465657391461322,0.001942321832029359,0.0025712490701368385
2020-02-11,0.0017331161227815972,-0.0023784957458131695,-0.0034419552752806837
2020-02-12,0.006442528638065381,-0.002561881659498666,-0.0008127480224853212
2020-02-13,-0.0010669475081274138,0.0008853575916740741,0.00569345014846645
2020-02-14,0.00160218031610726,0.002477620808605918,0.004178427664004669
2020-02-18,-0.0025768418831215723,0.0015882352053186999,0.012818816524224008
2020-02-19,0.004781024485077445,-0.0001760232810817941,0.005831221275388376
2020-02-20,-0.004107953056092795,0.002908505412696938,0.004084659090851872
2020-02-21,-0.010298532955613449,0.004042805449401721,0.015025216397275942
2020-02-24,-0.03316506371803629,0.007790207732832011,0.008985128746405113
2020-02-25,-0.030302614945518558,0.002778658843067605,-0.017874260693127697
2020-02-26,-0.003678131969850229,-0.0005196377053172663,0.004370503298157802
2020-02-27,-0.044911870996920955,0.00485265545771818,0.00019483522153040944
2020-02-28,-0.004201109492625865,0.011210866069213399,-0.03649347478693177
2020-03-02,0.04330632580892613,-0.0006830078816514318,0.005526297603759334
2020-03-03,-0.028632148356198317,0.011619530829225955,0.031434333360162325
2020-03-04,0.04203285766695619,-0.002195683932687542,0.0017545277375516921
2020-03-05,-0.033241691476601054,0.008887757114954598,0.021600945458936538
2020-03-06,-0.016531185200214682,0.010151828207141778,0.00038096105467699815
2020-03-09,-0.07809446834249267,0.008970423210143741,0.0016502348575044845
2020-03-10,0.0517449000776411,-0.018356939797041227,-0.02110133630677158
2020-03-11,-0.04874841564805177,-0.00997941130988389,-0.0035603512879937016
2020-03-12,-0.09567715592157788,0.0005082726050127384,-0.0398882588306293
2020-03-13,0.08548642067600776,-0.00651855390513012,-0.03051623730778741
2020-03-16,-0.10942389082461013,0.02641630808228057,-0.011446115323986206
2020-03-17,0.05399197752596141,-0.02507209683436773,0.0135554799295321
2020-03-18,-0.05063272782558892,-0.013880741026926158,-0.019921988429849713
2020-03-19,0.0021249273120016454,0.0032817537843783384,-0.018905499074657994
2020-03-20,-0.043094358029058366,0.025477529552895728,0.014995707221804766
2020-03-23,-0.025568233270932605,0.011834465548043571,0.044179590424960224
2020-03-24,0.09060352837762475,-0.00680206657522664,0.048530353360380474
2020-03-25,0.014969941230802641,0.0005849889873381642,-0.01368964099270864
2020-03-26,0.05838995111288048,0.002420468498110173,0.012822223412266576
2020-03-27,-0.02978551837434562,0.0074106817106929235,-0.006460489804721581
2020-03-30,0.03247564825472815,0.002314813438537122,0.004400644787818209
2020-03-31,-0.014905689947401823,0.0018144597561189357,-0.03184668568859872
2020-04-01,-0.04500467915655593,0.004071310097675029,0.009456223354449733
2020-04-02,0.023075478832834673,0.0001637901663686936,0.0163934225377782
2020-04-03,-0.014454226289862815,0.0007389249695617384,0.0049374590529023266
2020-04-06,0.06716621323748573,-0.0045108453979729735,0.027710521817620126
2020-04-07,0.0010195370211134591,-0.004448057635877856,-0.005354484768834378
2020-04-08,0.03356858730801071,-0.0012412117371383147,-0.008907968786563414
2020-04-09,0.015217522271840922,0.0021541173014785198,0.026123560972308058
2020-04-13,-0.009130473874052858,-0.002149487054225685,0.017140343933811808
2020-04-14,0.02949319205367118,0.0013253416513967498,0.007868093580683189
2020-04-15,-0.021248256565938095,0.008936240059069123,-0.005101958505246418
2020-04-16,0.004824203882334732,0.0010658851501201827,-0.0008649946516461338
2020-04-17,0.027015278760640804,-0.002620861439083577,-0.019417471147623044
2020-04-20,-0.01761818154160888,0.0026277484035459597,0.007126124562213176
2020-04-21,-0.03036273608116513,0.0027854331454477688,-0.006825274631933054
2020-04-22,0.02219436351155779,-0.003104164482568339,0.019670860003665247
2020-04-23,-7.214950426726041e-05,0.0006552643506680944,0.00995486708021609
2020-04-24,0.013939097369620956,0.000245783854501358,-0.004285520778353313
2020-04-27,0.014418282032036878,-0.005321508412646114,-0.006640444141094992
2020-04-28,-0.004598446977673087,0.004361899987426421,-0.004456556273727319
2020-04-29,0.02617863377473828,-0.0004911944164280868,0.005533445721913166
2020-04-30,-0.009310625487411572,-0.0023783166210307183,-0.018116569301821484
2020-05-01,-0.026473456189621714,0.0013823859276964612,0.00617125761149806
2020-05-04,0.002758282527460132,0.00016451630878466794,0.003504803873276119
2020-05-05,0.009239331504153236,-0.0007393172635002943,0.004241037483481591
2020-05-06,-0.006778951383865306,-0.0036992475391696145,-0.012855591040204617
2020-05-07,0.012067083118074029,0.006105742913010026,0.015350754880484763
2020-05-08,0.016545827179131223,-0.003280195485907189,-0.006010293229887331
2020-05-11,0.00020509542628088795,-0.0027976704779698602,-0.006233636774804485
2020-05-12,-0.019931255914344637,0.003300593637540983,0.0038890673962401756
2020-05-13,-0.017686348494525772,0.0020559002714615193,0.00962264814750724
2020-05-14,0.011967653814113355,0.001559469921595058,0.008850059782004704
2020-05-15,0.004597321754356898,-0.0006558248138349709,0.0056438144895878395
2020-05-18,0.030459180440607136,-0.006150158046349996,-0.007564144999551381
2020-05-19,-0.010271162341433326,0.0028054373464538873,0.00965020617044443
2020-05-20,0.016988308183519152,0.0002470458023802191,0.0023742810342795018
2020-05-21,-0.006904004066783598,0.0006580849477124673,-0.0145763375976391
2020-05-22,0.0018989862140643687,0.0018904365370833176,0.005916836449104457
2020-05-26,0.012320803471000508,-0.0026253505908105934,-0.014214859559966153
2020-05-27,0.014878832930413255,0.0008226369740007566,0.0018024320171106112
2020-05-28,-0.0018448689363393944,-0.0009044002149029007,0.003350344766475555
2020-05-29,0.004455797584911325,0.0032086743956787345,0.0073584122707384125
2020-06-01,0.004041963092970224,-0.0003944769112562696,0.004603768848692402
2020-06-02,0.008279704288805867,-0.00164204543029145,-0.0064768271714218395
2020-06-03,0.013308382434572996,-0.005922516391619559,-0.01845018380928054
2020-06-04,-0.002626548514808591,-0.003971768835014933,0.010526269495827023
2020-06-05,0.0256294393963008,-0.0049848434016718235,-0.02027532426346157
2020-06-08,0.012087638689741054,0.0010856647801784636,0.010822142733466267
2020-06-09,-0.007456911821649537,0.0035862306502640884,0.00964183116931494
2020-06-10,-0.005579839863638525,0.007479155262109405,0.014324773012967418
2020-06-11,-0.057648928703305735,0.003547183536420029,-0.007214084989501601
2020-06-12,0.011975484348430099,-0.002219659842212063,0.0014163170663434865
2020-06-15,0.009336115020762037,-0.000823629757604305,-0.0017832572551969017
2020-06-16,0.019247258513885868,-0.0020609194854497304,-0.0004928345355281749
2020-06-17,-0.004153822788945716,0.0015694653725826235,0.0019106166939522051
2020-06-18,0.00038489441088240817,0.002227533383060809,-0.001968455156468263
2020-06-19,-0.005714828031524011,0.0003289764362881531,0.011032995719469696
2020-06-22,0.006415295180347114,-0.000904903838482296,0.006462217682632332
2020-06-23,0.004603544764674616,-0.0003298303466060526,0.008419646377624934
2020-06-24,-0.025508411758833893,0.001895101492286333,-0.0034839130582626776
2020-06-25,0.010720351755344026,0.00016462069814227043,-0.0006027175913517757
2020-06-26,-0.02375157847886389,0.0027129210546013027,0.004463149702982783
2020-06-29,0.014697394500081895,0.0009836405737517762,0.0005404803669293301
2020-06-30,0.012809741542321618,-0.0018019482152028532,0.004440918278166173
2020-07-01,0.007004878654786495,-0.001560394411583399,-0.004481089931769877
2020-07-02,0.005506802209636286,0.001233900845722502,0.0021606086958432247
2020-07-06,0.01543736093734549,-0.0014788856775910242,0.005988741319838731
2020-07-07,-0.010313496900902552,0.0032088752581698188,0.006310260659329048
2020-07-08,0.00764807410958257,-0.0015584390406678805,0.006211565862881185
2020-07-09,-0.005692780798068786,0.0032037510342926012,-0.0027044004055614135
2020-07-10,0.010210615890917207,-0.0019648368976424857,-0.0025938951172596036
2020-07-13,-0.008658816301496786,0.0010664064058136802,0.0012411575864292868
2020-07-14,0.012958944187073662,-8.211321702866758e-05,0.004663568910189042
2020-07-15,0.009187445331380495,-0.0003278193583973188,0.0008813320073604025
2020-07-16,-0.0032936541480901305,0.0007380740188254187,-0.009451688651900159
2020-07-17,0.0028988699138583485,-0.00024611219752568303,0.008238009985450212
2020-07-20,0.00808187890345513,0.0006553845912271594,0.004820170160796611
2020-07-21,0.0021275491353294207,0.0010647057309545183,0.012050997596656066
2020-07-22,0.005691769808731317,0.00032734912183052245,0.015202340363078104
2020-07-23,-0.011931777109792652,0.0009815063237008648,0.008825301770064575
2020-07-24,-0.006440310106790581,-0.0004902719568244951,0.008578870839228259
2020-07-27,0.007292649269784901,-0.0015528502637217612,0.019753770786684832
2020-07-28,-0.0063421366333208384,0.0023739842523611276,0.008341131032750582
2020-07-29,0.012298651828546836,0.0013067454141235668,0.0075102306547618625
2020-07-30,-0.0035680395148706134,0.0013865457227784095,-0.007400261112961215
2020-07-31,0.007902222425896,0.0002443242919973887,0.009087931099623692
2020-08-03,0.006952233763608318,-0.0004887479688668872,0.0011325390830079218
2020-08-04,0.003862428135070761,0.0034242218301052674,0.021277725496817057
2020-08-05,0.006211107162005014,-0.003331474355521058,0.009283241730160707
2020-08-06,0.0066841463459657025,0.0011415089611992446,0.01327406953286836
2020-08-07,0.000718214284970875,-0.0021175696714885728,-0.01588530528005727
2020-08-10,0.002989058113894272,-0.0010609221202119157,-0.003458957447482147
2020-08-11,-0.008254911574621993,-0.003431594660167292,-0.05369440853432983
2020-08-12,0.013942405974144645,-0.0029510446375298205,-0.004668202325739945
2020-08-13,-0.0018079572312543757,-0.002055624867587702,0.023618065792215592
2020-08-14,2.990844572203777e-05,0.0004941774922788689,-0.0043092158240957135
2020-08-17,0.0031764967573426617,0.0016472796824209546,0.02169391289315903
2020-08-18,0.002160450997823471,0.0017265122760230511,0.009008003623491856
2020-08-19,-0.0041637248354164935,-0.0013132126789200393,-0.0315654554884125
2020-08-20,0.003113666821730865,0.002876117613998197,0.006913929262821306
2020-08-21,0.0035471789494472272,0.0007380637597056428,-0.008010905834894388
2020-08-24,0.010133320682423008,-0.0013921805504985008,-0.005658401286623649
2020-08-25,0.0034991826060184472,-0.0023777755785112653,0.0012154763574758753
2020-08-26,0.010025576009108361,-0.0004110778947751248,0.011808847672626355
2020-08-27,0.0021865957314950446,-0.003536135217408476,-0.011561927956646123
2020-08-28,0.006459377756535156,0.0016503085330541456,0.017380235053033877
2020-08-31,-0.0036223633723312387,0.0010713422543797702,0.002386259791001155
2020-09-01,0.009418403012477317,0.003277663031265421,0.0011902895553947967
2020-09-02,0.014464150144009924,0.0013951122195685617,-0.013131628719242117
2020-09-03,-0.034414321103858225,0.0013119676040300732,-0.00810423703378893
2020-09-04,-0.008164800813457829,-0.005567056154933248,0.0027602959130217375
2020-09-08,-0.027322673959677912,0.0021405030531773672,-0.0019269219593246456
2020-09-09,0.019747058164807152,-0.0004930201623434272,0.00970825655471863
2020-09-10,-0.017363332197805725,0.0012330481595648202,-0.0032231430104036063
2020-09-11,0.000508751851867606,0.0015597956399111546,-5.486005292487661e-05
2020-09-14,0.01317152021696777,-0.0009014172518453378,0.007892586821005798
2020-09-15,0.005052310931445536,-0.0004926991346451137,-0.0023927480714920346
2020-09-16,-0.003968574825920612,-0.0005745364562090849,0.0028345831622316187
2020-09-17,-0.008795325851628788,0.00032847430220872553,-0.005489995652194879
2020-09-18,-0.011512972395922416,-0.0009026774415483718,0.0013117087099276947
2020-09-21,-0.01112948617576126,0.001807426772733045,-0.020087296599797022
2020-09-22,0.010184619701987918,0.0,-0.004846314367596194
2020-09-23,-0.02319119769941691,0.0,-0.021606497297661065
2020-09-24,0.002665439606233111,0.0004920319062526879,0.003718800733685912
2020-09-25,0.016167036248091904,0.0008198453287688867,-0.0028499771605223767
2020-09-28,0.016609244877874074,-0.0001636004040358463,0.01006056066236427
2020-09-29,-0.005445895805415768,0.0007373476972698523,0.008432402483858015
2020-09-30,0.007581989760391261,-0.00270159179615459,-0.006004867330144381
2020-10-01,0.006420095826385808,0.0005666313228451791,0.008920516455577454
2020-10-02,-0.009494383045782318,-0.0009852672004599938,-0.0008953758525005462
2020-10-05,0.017733135398793065,-0.00632740576804014,0.004872915921881216
2020-10-06,-0.014216399438264693,0.00231568058813747,-0.011760774579356315
2020-10-07,0.017407286048992443,-0.0028877473897007677,-0.0004512229536247636
2020-10-08,0.008862163972408243,0.0018200680934203906,0.0035549310375408982
2020-10-09,0.008930154732190942,-0.0004950912978166633,0.018161347296547614
2020-10-12,0.016087742046483333,0.0010739551695702065,-0.002871682500567352
2020-10-13,-0.006526041888117673,0.002228725057016101,-0.015728823528417535
2020-10-14,-0.006283560170018854,0.00032967618439849744,0.003094772946095059
2020-10-15,-0.001235800789330166,-0.0010702852789540307,0.003646120384284801
2020-10-16,-0.0006043701575826343,-0.0005771401963159395,-0.0034652086045857677
2020-10-19,-0.015203736416613878,-0.0016492294778068795,0.0005047466985432791
2020-10-20,0.0040058946263166195,-0.002147864859510795,0.0048209014703402
2020-10-21,-0.0018929226531598786,-0.001324733243030729,0.007531414803434222
2020-10-22,0.005485662468715624,-0.0034816116644655892,-0.009800687777642647
2020-10-23,0.0033949642353552356,0.00141399509542528,-0.001062475196895396
2020-10-26,-0.01847959432634183,0.0026582681513247497,-0.0005037860400700644
2020-10-27,-0.0034475689435987666,0.002236553237184191,0.0026323226696718383
2020-10-28,-0.034178940151015524,-8.212798938111998e-05,-0.01614344386479838
2020-10-29,0.010163463970259023,-0.004216643658600194,-0.004144728133141373
2020-10-30,-0.010424897884552808,-0.0032377361748667788,0.004561020978312902
2020-11-02,0.01120841055321864,0.001717072014926213,0.009704919089013941
2020-11-03,0.017655932179501566,-0.002246478844988964,0.005676996717700833
2020-11-04,0.022349016374538566,0.008422043439472615,-0.0005588578456844351
2020-11-05,0.019503115627405254,-0.00016516610637939966,0.022983923404670703
2020-11-06,-0.00022862351305186213,-0.0033910060358726124,0.0014213621387162423
2020-11-09,0.012565386101073939,-0.00738578803573009,-0.04427097823171633
2020-11-10,-0.0014663647921270284,-0.002842766185728429,0.0033127817282887495
2020-11-11,0.007428639777581791,0.0015927504253061553,-0.004326595410341194
2020-11-12,-0.009700964507036836,0.005692748821481963,0.006060679556170845
2020-11-13,0.013844657552270156,-0.0013319494100021423,0.006819714153532219
2020-11-16,0.012482455360944833,-0.00074991382353784,-5.650127239831271e-05
2020-11-17,-0.005378293977476023,0.0025855956302107685,-0.0036691725592956637
2020-11-18,-0.012034799048418865,-0.0003327097347123331,-0.005722348480656891
2020-11-19,0.004210174864090588,0.001081610788643994,-0.0018804594035273237
2020-11-20,-0.006847837758949149,0.0017459577315224184,0.0030257979459697992
2020-11-23,0.005994495586520765,-0.00199202951084565,-0.0196938167555728
2020-11-24,0.016113735848784838,-0.0015796390202615918,-0.015328336846880064
2020-11-25,-0.0015419020608673506,0.00033321871581204476,-0.0004717367343725076
2020-11-27,0.002784769989357061,0.0029973004224990163,-0.010146901518740647
2020-11-30,-0.004426849345901651,-0.0006643727869526384,-0.006674981596057172
2020-12-01,0.01093747322106764,-0.0053192574221114786,0.0210595460814611
2020-12-02,0.002103716496675734,-0.0016714461860611873,0.00752153069206285
2020-12-03,-0.0002725697714274222,0.0026786270432512804,0.007873502810363364
2020-12-04,0.00861740734826677,-0.003923520767345923,-0.002835427586930339
2020-12-07,-0.002054980523332417,0.0031008382642814247,0.014914066598165077
2020-12-08,0.002926375943980597,0.0010026107838696507,0.003487910186290799
2020-12-09,-0.00896875620811699,-0.0014188867741460331,-0.017094017094017144
2020-12-10,-0.00032731810587360854,0.002256872868123594,-0.001913054093070632
2020-12-11,-0.0011722688969746375,0.0020011702079607563,0.0018586706605219216
2020-12-14,-0.004477330725514261,-0.0005822273612698936,-0.005507636250083436
2020-12-15,0.01351919377405486,-0.0009999487281990849,0.013990959829817351
2020-12-16,0.0015695354201947787,-0.0008334428598493204,0.005519095329445722
2020-12-17,0.005591986415525607,-0.0007259718359851064,0.010520363984510617
2020-12-18,-0.003992863546674719,-0.0008353400466472038,-0.0016974258370123785
2020-12-21,-0.0035754982711406758,0.0006685026755390844,-0.003173869592184575
2020-12-22,-0.0016854770310981149,0.0016717794142313558,-0.007903112071065643
2020-12-23,0.0008987085159477548,-0.00208599478735616,0.00664787877129025
2020-12-24,0.00389025107087404,0.0014215727674034007,0.003985267471422693
2020-12-28,0.008590887155860871,8.292087517425273e-05,-0.003629142996869339
2020-12-29,-0.001907837597134865,-0.00016664671967225875,0.003642361648136694
2020-12-30,0.0014270659077237902,0.0006678890455551478,0.007655178894261816
2020-12-31,0.005080603692767749,0.0006669225248787658,0.003714145601823482
2021-01-04,-0.013613847025328418,0.0002503846094943363,0.022258360658879317
2021-01-05,0.006887369413085764,-0.002333612839671928,0.0029616260665272787
2021-01-06,0.005978089719671731,-0.0058479763062310175,-0.01624105266038789
2021-01-07,0.014857819071248723,-0.003529245936443881,-0.00233462025122122
2021-01-08,0.005697431682273324,-0.002867267072150903,-0.03420993723985433
2021-01-11,-0.006740636025222901,-0.0019452391755013787,-0.0019614419353504164
2021-01-12,0.00021141805011981596,-0.00016964189842083588,0.006473960214956609
2021-01-13,0.002693101410361942,0.003475036945885357,-0.004307374345463466
2021-01-14,-0.003502177459580924,-0.002280475517443259,-0.0005190998467168306
2021-01-15,-0.0072927968759199935,0.002708946748429808,-0.012407628760563338
2021-01-19,0.007852005297772191,0.0005909011758626903,0.00847307255811236
2021-01-20,0.013838755702857863,0.0004217907674017862,0.016282289539807593
2021-01-21,0.0009115259099548023,-0.0014336043107705532,-0.0006271772092728556
2021-01-22,-0.003539456341900893,0.0015203170116289133,-0.007873145210082533
2021-01-25,0.003943884815386767,0.004047698545911915,0.0008626173693986328
2021-01-26,-0.001560754422208821,-0.0003357673910171499,-0.0024705999829396363
2021-01-27,-0.02444060187514796,0.0011761425132887915,-0.006335623059913753
2021-01-28,0.008600356215825666,-0.002601640983272868,0.0009273614616172043
2021-01-29,-0.0200197651076659,-0.0017665875972722178,-0.0004053281700162614
2021-02-01,0.01664559043453151,0.001248383054942126,0.009385291185094458
2021-02-02,0.01414030692002255,-0.002527509344442902,-0.012167796413785958
2021-02-03,0.0007861857338169465,-0.002449472618693549,-0.0015106298641213156
2021-02-04,0.011365820410018879,-0.000338292466512069,-0.021530474690833024
2021-02-05,0.00393569748080802,-0.0021176093949133445,0.009872160109213546
2021-02-08,0.007221971067865818,0.0004246626522244057,0.010070118005137685
2021-02-09,-0.0006657220315111623,0.0007635391172051698,0.0032649110578624185
2021-02-10,-0.00043557623653689426,0.002542684965034292,0.0036611162023989507
2021-02-11,0.001614828313064809,-0.0007607201373455164,-0.008685078696598514
2021-02-12,0.004939972678147164,-0.0032999940655454862,-0.0030372306060941767
2021-02-16,-0.0008661008286341421,-0.007215813008179195,-0.014353488272303538
2021-02-17,0.00022946811235202702,0.0006837926510234738,-0.011352850687983307
2021-02-18,-0.0042559542904545555,-8.559653934114841e-05,-6.0088418961767864e-05
2021-02-19,-0.0017661171650000806,-0.004016755814512996,0.004148551901348441
2021-02-22,-0.007691769688461414,-0.001630280144373053,0.014969164015496528
2021-02-23,0.0012143393951231651,0.0007735796063581546,-0.0023007456922117253
2021-02-24,0.011019698479675988,-0.0013743001359143303,-0.0007095264939214196
2021-02-25,-0.02409595496710404,-0.013329751776664178,-0.018816524708764826
2021-02-26,-0.005152606643871072,0.008977584118683657,-0.024182906697045592
2021-03-01,0.024240113222086634,-0.0011237122766932783,-0.0017304170540851649
2021-03-02,-0.007803071116826099,0.0018172873972197578,0.005447934683729505
2021-03-03,-0.01324559282322213,-0.005355581056735059,-0.011021541189334294
2021-03-04,-0.012374903729015285,-0.00494990233844772,-0.009836893780889033
2021-03-05,0.018396394654590642,-0.0013966976561144984,0.0006288110395962221
2021-03-08,-0.004978710218144333,-0.003932786907958952,-0.010368190918767173
2021-03-09,0.014277722965490902,0.004738430982869968,0.02127113294736649
2021-03-10,0.006224335143657056,0.0020955102508739554,0.005098279923459348
2021-03-11,0.010139082525403076,-0.0003482497327006451,-0.000866011298261804
2021-03-12,0.0013470331113414336,-0.00723551226344521,-0.00018572795011984056
2021-03-15,0.005963543667056426,0.0012292410144500998,0.004396503999798185
2021-03-16,-0.001261467100747149,-0.00017535678662039533,0.0009248406787658592
2021-03-17,0.0034100555713372227,-0.0016670019472312392,0.00714498527693741
2021-03-18,-0.014549835131596911,-0.006238493227148867,-0.005810023730399405
2021-03-19,-0.0018501682722922297,-0.0006189382830336099,0.004183119739068708
2021-03-22,0.007984987523667275,0.0032736583610857295,-0.0014702614866924923
2021-03-23,-0.007870999321025307,0.0049380920364039405,-0.007300628474884996
2021-03-24,-0.005083297876125159,0.0013163767378940872,0.0034608341081703298
2021-03-25,0.005625522476518263,-0.0013146461682597144,-0.003633653726877295
2021-03-26,0.016114793293155127,-0.0033344719945225254,0.0028434090575977233
2021-03-29,-0.0005048922345043394,-0.003433685180860846,-0.011896005111092234
2021-03-30,-0.0026528716128833008,-0.0008833708177778954,-0.017091823816998808
2021-03-31,0.004053172336217159,-0.0014148634691404371,0.015167857324082767
2021-04-01,0.01079885436213801,0.0044304929015033245,0.012628087827510459
2021-04-05,0.014353349422874917,-0.0028228071384860387,-0.0003704010382533651
2021-04-06,-0.0005906684541769902,0.004864922152269413,0.00802867506459215
2021-04-07,0.001157513557629608,-0.0006160432004409522,-0.002818323186048577
2021-04-08,0.004746764179643703,0.003435801298863339,0.01075202788807239
2021-04-09,0.0072699407755629775,-0.002633682269276738,-0.00753747660190629
2021-04-12,0.00036469480434497825,-0.0006160911507798739,-0.006063609158189043
2021-04-13,0.0029636865041844374,0.004139307697789141,0.007086479573175097
2021-04-14,-0.0034152158889027007,-0.0012278594182156821,-0.004344315528953313
2021-04-15,0.010742543293103868,0.006410571071874038,0.016162763416190717
2021-04-16,0.0033422098679989354,-0.002704889958269785,0.006047777218550321
2021-04-19,-0.004912963265515047,-0.0010497834899427794,-0.0027652942409929215
2021-04-20,-0.0073215674161490885,0.00297810998340009,0.0035565515706876827
2021-04-21,0.009462129308136946,0.0005235722551473199,0.009911155680072392
2021-04-22,-0.00913298309313948,0.0007859573344106696,-0.006483147356353358
2021-04-23,0.010842431466030922,-0.0013082273941867895,-0.003831414124593202
2021-04-26,0.0020873403444825467,-0.0010482326949109444,0.002644245538133694
2021-04-27,-0.00021532779322497309,-0.00393386916784344,-0.002517371003141977
2021-04-28,-0.0002872440195614834,0.0013164945763828317,0.002944390689552989
2021-04-29,0.006372747535631218,-0.0017527322128337852,-0.004133978948338446
2021-04-30,-0.006570562324185181,0.0008779439138104639,-0.0033690142851713345
2021-05-03,0.0021569180658449483,0.0017028134526011485,0.012978352341882271
2021-05-04,-0.006169423803280116,0.0013147712093868336,-0.007329692780131181
2021-05-05,0.0003127546106673762,0.0012248442379423352,0.004142168530566259
2021-05-06,0.00798575016087888,0.0004369647619020256,0.01667957921247054
2021-05-07,0.007277890777309892,0.0003498077145618339,0.00899681760120985
2021-05-10,-0.009902618277975672,-0.0020086904705486353,0.0030305045955998366
2021-05-11,-0.008924461288496333,-0.001663122683322693,0.000174300035968189
2021-05-12,-0.0212453561792888,-0.00482160851648572,-0.009933813872024522
2021-05-13,0.012012436416168004,0.0033473804579455813,0.004107329913244362
2021-05-14,0.015355408051514807,0.0021951173418253145,0.009115862292308208
2021-05-17,-0.0025445546742293157,-0.0009638950774102373,0.011639321781340195
2021-05-18,-0.008615594397727078,0.0,0.001946172546249958
2021-05-19,-0.0026218044844317223,-0.0029812080623810022,0.000685616890880425
2021-05-20,0.010757969369695086,0.0041336159536815575,0.004567270124640199
2021-05-21,-0.0008186554361464538,0.0003502759591800242,0.0004545724551812125
2021-05-24,0.010194050356112205,0.0009633110048294924,0.001761036294059215
2021-05-25,-0.0022185701070264185,0.0036735382699917274,0.009072814229376336
2021-05-26,0.0019846887827996706,-0.0011325868492945146,-0.0017420486873281904
2021-05-27,0.0005247573202591393,-0.0017451214635114676,0.00039409662496781017
2021-05-28,0.0017888488059458751,-8.769626801863328e-05,0.003770176937892389
2021-06-01,-0.0008808948300481623,-0.00018372735451499533,-0.0026909461441234628
2021-06-02,0.001572567847333728,0.0011374836438609037,0.004890446350902078
2021-06-03,-0.003711468439035248,-0.0025340785521630327,-0.019578228541437537
2021-06-04,0.009146145420575236,0.005519391266629148,0.010783359066451448
2021-06-07,-0.0009703622471257667,-0.0007840789531259329,0.0040076283608136976
2021-06-08,0.0002131470033834848,0.0028771862868250953,-0.0030920774052216604
2021-06-09,-0.00149194379827855,0.003130544784040623,-0.0019175027218333307
2021-06-10,0.004648469226266716,0.0035535354761844218,0.004294325821970535
2021-06-11,0.0016525191927780902,-0.0014681867410085703,-0.011252390785353672
2021-06-14,0.002239021164582855,-0.003113758717105841,-0.005860923791407013
2021-06-15,-0.001834297574647592,0.00017329982612945827,-0.0037777095572453234
2021-06-16,-0.0055833107727869535,-0.006853371878859149,-0.016891711518855712
2021-06-17,-0.00033161621891231174,0.003581550264341926,-0.030740427140865334
2021-06-18,-0.013490380948713687,0.0056574358203071995,-0.005547261946798776
2021-06-21,0.01431574981154582,-0.003202346838795944,0.012247646651096789
2021-06-22,0.005346238973755524,0.0018231119847036403,-0.0041928539145718036
2021-06-23,-0.0012050324749113273,-0.001993130049270486,-0.0006616578066259704
2021-06-24,0.0059156076140221,-0.00017368192401900906,-0.0006019387497473438
2021-06-25,0.0035520106796895767,-0.002084467930662748,0.0033124733437563947
2021-06-28,0.0020158665489915517,0.0031334264363522824,-5.999463986816611e-05
2021-06-29,0.0005381277447285004,0.0005205936031926761,-0.010505462725200698
2021-06-30,0.0008416081800894926,0.0015605827552869211,0.004853503869870712
2021-07-01,0.005536716320273305,-0.0007190045873293194,0.0034413575356286863
2021-07-02,0.007643558909604886,0.0036420502416083522,0.006558341503640763
2021-07-06,-0.0018215626004801644,0.0052699320722700005,0.004961455343207799
2021-07-07,0.0035340776632761806,0.0029220784177812487,0.003806801143447114
2021-07-08,-0.00814789801982796,0.0025704342366921207,-0.0006518168637834609
2021-07-09,0.010674719597094873,-0.005042580917104522,0.003320562334123478
2021-07-12,0.0035819603310094372,-0.00051536759161952,-0.001241101031467462
2021-07-13,-0.0034090830990338716,-0.0030943344081419966,0.001301782371024407
2021-07-14,0.0014921625112347403,0.004310715853454106,0.010755182911599048
2021-07-15,-0.003415273756320558,0.0042062760456920145,0.00017547964957964624
2021-07-16,-0.007843842949798119,-0.00017100280005710733,-0.00970365108457183
2021-07-19,-0.014767745158309031,0.008550007469361187,0.0011805498135817327
2021-07-20,0.014330097815433707,-0.0012711881637101907,-0.001297100524211059
2021-07-21,0.008096498978308109,-0.00577199978797871,-0.0037192566567244567
2021-07-22,0.002094072225466981,0.0023048219556891514,0.001955450591350383
2021-07-23,0.01028809299789435,-0.0015329894239544117,-0.0031344183025339145
2021-07-26,0.0024547273726667207,-0.0006827620171229176,-0.0023730060647713103
2021-07-27,-0.0045575266971839,0.004268471946948793,0.0016650735799190741
2021-07-28,-0.0004099631457115116,0.0008499903991934232,0.005046252863966982
2021-07-29,0.0041474451730294515,-0.0030573516160320446,0.011105233370970247
2021-07-30,-0.004856639762809922,0.002811400371912187,-0.007886842666167015
2021-08-02,-0.0020978723654572207,0.004386048980489887,-0.0012366429443513294
2021-08-03,0.008135357933886311,0.0002539504318808117,-0.0007074766626713469
2021-08-04,-0.004918860306499129,-0.00025388595743236486,0.0002359625041987723
2021-08-05,0.006332994475756193,-0.0036390045022857143,-0.0039520921003340925
2021-08-06,0.0016523354621644781,-0.005861589216702767,-0.024991124040327772
2021-08-09,-0.0008134778761911265,-0.002136076273419607,-0.017735654639032372
2021-08-10,0.0012439565380311102,-0.0018837193091757465,0.00030919522248562537
2021-08-11,0.002484748305551898,0.0011150310542353825,0.01378497662510525
2021-08-12,0.0029968662804313873,-0.0010282827586640675,0.0002438615008097944
2021-08-13,0.00181991864980513,0.00574738990382051,0.014325811995228088
2021-08-16,0.0023546620250503025,0.0022180371227060736,0.004988291568599701
2021-08-17,-0.006555241058919692,-0.0005108613952650165,-0.0014950364679763295
2021-08-18,-0.010945014250880236,-0.0005108201581214278,0.0007786122169375354
2021-08-19,0.0015482162985451797,0.0022151642897758617,-0.002932408589264246
2021-08-20,0.007957083961930067,-0.0009352382593792452,0.0005401616803368814
2021-08-23,0.008796809505026149,0.00025544107619390743,0.012177557387281546
2021-08-24,0.001587264737390237,-0.0027223729323956336,-0.00047414113127741686
2021-08-25,0.002098397028467369,-0.003923322576300015,-0.006937433805443538
2021-08-26,-0.0059033441858195035,0.0,0.0011344784228162208
2021-08-27,0.00894114851174499,0.0032535795113730615,0.015029547921398434
2021-08-30,0.004397597333826164,0.0019630768200324944,-0.0049356385559711224
2021-08-31,-0.0014815897313412707,-0.0018736292039636115,0.0020076547129428413
2021-09-01,0.0005314738065123059,0.00042684110835944367,5.8898619200498104e-05
2021-09-02,0.0030765021264282932,0.0011950844097941005,-0.0026517204262498373
2021-09-03,-0.00024258996452797277,-0.0023874670535750653,0.01069422486613747
2021-09-07,-0.0035755930014513826,-0.003931567345320852,-0.01958371853465668
2021-09-08,-0.0012182487060085068,0.002745848305982568,-0.0025044029033459703
2021-09-09,-0.004280222955675428,0.002823804798183005,0.004423489287242344
2021-09-10,-0.00788454024023788,-0.0031571712327107537,-0.005058656845151166
2021-09-13,0.0025592219109211722,0.0011985099384517195,0.0033497597913456634
2021-09-14,-0.005396524809990533,0.0037620305757422035,0.006438546534438316
2021-09-15,0.008352629120537136,-0.001703385068847152,-0.005864266379652205
2021-09-16,-0.0015850677317186257,-0.0031573546251794093,-0.02264197706190263
2021-09-17,-0.009741130755394178,-0.0029101792797088244,-0.0015850424237688898
2021-09-20,-0.016674191580546727,0.005064556995570735,0.0071441542310690664
2021-09-21,-0.0009446973369101608,-0.00059750762189692,0.006669036185550814
2021-09-22,0.009754790439611583,0.0009399351279488766,-0.0037340107339023376
2021-09-23,0.012149914382467042,-0.009050442069672315,-0.011546389089901132
2021-09-24,0.0016474368997223543,-0.0030157041330930445,-0.00128427290155253
2021-09-27,-0.0028611157852982405,-0.0026789126572355215,0.00208203509820426
2021-09-28,-0.020151822321544666,-0.003813116400904981,-0.009716428402719801
2021-09-29,0.0016832194502425235,0.0010439705357854212,-0.004504756024632184
2021-09-30,-0.01222257816177963,0.001216785363301609,0.01797665363761114
2021-10-01,0.011884395950044757,0.004081844143261515,0.0022530453929923144
2021-10-04,-0.012895949528209716,-0.0012113628875309868,0.0046783175745395145
2021-10-05,0.010404813274958347,-0.0031172962458630993,-0.004656532835140448
2021-10-06,0.004156131485078207,0.0002608373008274878,0.0026733243283083574
2021-10-07,0.00864562092138188,-0.003995536664646138,-0.005271739220885419
2021-10-08,-0.0018237155137355021,-0.0021797076928347092,0.00042636491147840516
2021-10-11,-0.00723980312873429,-0.002447088906997519,-0.0018875818465466931
2021-10-12,-0.002461316184187212,0.004555242753815358,0.004514430828637339
2021-10-13,0.0035974252442319,0.0019185235509067144,0.017794197805277356
2021-10-14,0.016820673495575367,0.0023501797992868667,0.0024464685904206362
2021-10-15,0.0076158045081680115,-0.004949524061131694,-0.015892846243722114
2021-10-18,0.0029605914379435827,-0.0013961300731849535,-0.0024799108302698825
2021-10-19,0.0077147589480817125,-0.003583403332976909,0.003213671993580469
2021-10-20,0.003927772665007767,-0.0004381851453526542,0.008763958748792211
2021-10-21,0.002608366340793644,-0.00263290798970528,-0.0008987052245035265
2021-10-22,-0.0010362981323960296,0.0025514992719528617,0.006116967151190034
2021-10-25,0.005362850030836919,0.0012284356721166123,0.006914158513320778
2021-10-26,0.0009000195908048791,0.0012276277067670982,-0.00739951491266011
2021-10-27,-0.004430236393724862,0.0056017835693999984,0.002624060476058121
2021-10-28,0.00964874191361309,-0.002611589627319222,-0.00023788536339730548
2021-10-29,0.0020291211156564515,0.000436662539623045,-0.008507900517562339
2021-11-01,0.001720335429264308,-7.857113746490008e-05,0.005220584505493342
2021-11-02,0.0040432103067196135,0.002444636058277494,-0.0021490007233168074
2021-11-03,0.006105220597089955,-0.0031353503246140946,-0.008315382622616663
2021-11-04,0.004712460751963965,0.00541695550723964,0.011340951773961994
2021-11-05,0.0034694774376267112,0.005474215302816221,0.0130629437586407
2021-11-08,0.0008537592394777249,-0.004321231221699251,0.003591619309376348
2021-11-09,-0.003305234674091162,0.004600335210118267,0.0049281100201232775
2021-11-10,-0.008045081873885862,-0.00855350511932107,0.010858781500706183
2021-11-11,0.00032377856606946587,-0.0032244196210660103,0.005602086369596027
2021-11-12,0.007546820231575602,0.0020982225595171933,0.0018952552280546708
2021-11-15,0.0003425638192284808,-0.0039260457533993876,-0.0015477459282561279
2021-11-16,0.003957631609859957,-0.0008759968634811655,-0.007233864736584827
2021-11-17,-0.002429220726797854,0.0035944254836806078,0.009137183945092442
2021-11-18,0.0033962589216194328,0.0006113825486613322,-0.0032091550635745536
2021-11-19,-0.0017881062869334885,0.0027062725667714727,-0.007646325240812324
2021-11-22,-0.002815241914222888,-0.007313552723976158,-0.022420457120115533
2021-11-23,0.0013260089247522089,-0.004121592975096289,-0.008652404091134991
2021-11-24,0.0026699175249502716,0.003082027122868425,-0.0009565020521100642
2021-11-26,-0.022303149387927212,0.012906203313455933,-0.001615539860939763
2021-11-29,0.012266478619664234,-0.002253594752372301,-0.0013785494630753625
2021-11-30,-0.019457541304322534,0.005994326583675047,-0.006721853018899604
2021-12-01,-0.011107142706596962,0.001883924631081113,0.003987937535404162
2021-12-02,0.01531622316725878,-0.0021567090479924778,-0.005536820827328315
2021-12-03,-0.008701362771371457,0.005878459447712592,0.008412002804647267
2021-12-06,0.0118435115443567,-0.004984487709487007,-0.002460563224478851
2021-12-07,0.02068458155592645,-0.003800499393724288,0.003549490636251651
2021-12-08,0.002647997098588206,-0.0032079446514431398,0.0005395140531609943
2021-12-09,-0.006751411520760087,0.002522722285740686,-0.006111378376110088
2021-12-10,0.00941340573330196,0.0006937961385184988,0.004219899491422874
2021-12-13,-0.008858291398915585,0.004769016473332943,0.00252130006200435
2021-12-14,-0.006880181308023481,-0.0017262830470237134,-0.009341302746070368
2021-12-15,0.015625110852070856,-0.0014695834407700836,0.004291534360497673
2021-12-16,-0.008818391675246784,0.002911616374658088,0.012097561477355745
2021-12-17,-0.010642961091477221,0.0022461735628453994,-0.002140821851282393
2021-12-20,-0.010633322634207798,-0.000862029535260378,-0.0042312675861405635
2021-12-21,0.017759030142796117,-0.003968619712309218,-0.0004188884251822289
2021-12-22,0.009998539617856128,0.0009526941435087366,0.009400024100517657
2021-12-23,0.0062220545519418025,-0.0020766061421624293,0.0022540179789249937
2021-12-27,0.014152121539763085,0.00034693626671900013,0.002367247994286892
2021-12-28,-0.000817131101903068,-0.00017348463319455387,-0.004310065233419702
2021-12-29,0.001279205771552272,-0.005115042646440582,-0.0002965076609273698
2021-12-30,-0.0027642223737900373,0.003311032430653782,0.0071772153754725565
2021-12-31,-0.002520470864799451,-0.0011289430912670984,0.00683158799329231
2022-01-03,0.0057899544277022486,-0.009304678047142523,-0.015383743445999576
2022-01-04,-0.0003347869055206898,-0.0005260551784298517,0.007366515057776857
2022-01-05,-0.01920232634948993,-0.004215626990637378,-0.00300766493835114
2022-01-06,-0.000939470784411478,-0.002469188375698317,-0.012244126909514819
2022-01-07,-0.003953549398781897,-0.0032712369848137968,0.004551137683908024
2022-01-10,-0.0012442849943584688,-0.00026592147989779047,0.0030402057039400354
2022-01-11,0.009108371216657751,0.0023954991920585034,0.0120646549718888
2022-01-12,0.0027033110433705154,0.00017706092022828912,0.002642622730480104
2022-01-13,-0.013778203385463206,0.0031855932048192592,-0.0033969884760131075
2022-01-14,0.0004088697648558792,-0.006880435130279139,-0.0028796749096049457
2022-01-18,-0.017709611038042583,-0.007550489845471797,-0.001650255097062403
2022-01-19,-0.010383517956602084,0.0024165901992232452,0.015880526897095182
2022-01-20,-0.011068054318472464,0.0021430859047311124,-0.0024988838330701757
2022-01-21,-0.019630593803755092,0.0057908430536159905,-0.0032624385581478954
2022-01-24,0.004246650836081889,-0.0008856189273803716,0.005494198734739664
2022-01-25,-0.012208981470912095,-0.0013301939762324633,0.0031971345443269072
2022-01-26,-0.0025088096117560355,-0.007102168564289357,-0.016166464916677392
2022-01-27,-0.004937887615384162,0.004202475733126265,-0.012898211138547944
2022-01-28,0.024835271997785124,0.0023150515913972214,-0.0029832934474428585
2022-01-31,0.018011012445932284,0.0,0.005924537392067553
2022-02-01,0.006756879016693196,-0.0013515699430766137,0.0008328835308379912
2022-02-02,0.009714028342965308,0.002047877635849682,0.0036259919505645666
2022-02-03,-0.023504807804819783,-0.004265438525187459,-0.0014214062993387344
2022-02-04,0.0047023193431785515,-0.007673969363254818,0.0015420788696549614
2022-02-07,-0.003209405698299861,0.00026974276709990086,0.007402581993851909
2022-02-08,0.008227883854726725,-0.0032367551904529668,0.003056870675416823
2022-02-09,0.014635989372095315,0.0013525692001352674,0.0033991784238243117
2022-02-10,-0.01796554860536581,-0.009187084443632365,-0.0037965605384254753
2022-02-11,-0.01971862462284668,0.010363734295285143,0.019054878321533186
2022-02-14,-0.003269446579893809,-0.006928381314246113,0.005350715998122091
2022-02-15,0.016126768263312163,-0.0029898050122640907,-0.009499848975192515
2022-02-16,0.001120969131543248,0.0020898820291344045,0.010284254451501385
2022-02-17,-0.02136142344999703,0.005350939471102878,0.013668073780773726
2022-02-18,-0.006475034228912713,0.0032469201439031536,-0.0007334549100845855
2022-02-22,-0.010731542920345616,-8.952740650780555e-05,0.0020890378623359407
2022-02-23,-0.01773880820142959,-0.005215140431980014,0.0045072272703239324
2022-02-24,0.015049219890145515,0.00234986826314576,-0.006450131470019049
2022-02-25,0.022063764704064903,-0.0002704171954100998,-0.003330678220184624
2022-02-28,-0.0025584730870207295,0.011365296408081038,0.010365345791119474
2022-03-01,-0.015230136015749629,0.009739728089177557,0.018163415997793697
2022-03-02,0.01839632319440976,-0.01502982451170376,-0.010406339832951472
2022-03-03,-0.004978578321689686,0.0043083858904067185,0.005953415398956663
2022-03-04,-0.008124639389802901,0.009920652921756368,0.015929145881701023
2022-03-07,-0.029479202580594555,-0.004247918985273769,0.014862865283030047
2022-03-08,-0.007581882326322065,-0.006487592167160328,0.027358997610294145
2022-03-09,0.026811085978756255,-0.0061724929488528035,-0.029711176156991925
2022-03-10,-0.004515658842114911,-0.004590388382213484,0.0031212277978962533
2022-03-11,-0.0127150269297015,-0.00027130563381838613,-0.007027884128157469
2022-03-14,-0.007308278335039997,-0.012662608991827251,-0.01507371193113849
2022-03-15,0.02199042386380623,-0.00045842296193632226,-0.01870545038411886
2022-03-16,0.022174267429444505,-0.0013746861003961497,0.006260803404375848
2022-03-17,0.01251070932413123,-0.001926983011829364,0.004888644573449508
2022-03-18,0.010952869255541842,0.002942078409644777,-0.008789852082788041
2022-03-21,-0.0002924054450258451,-0.013018743442514524,0.007640798069546317
2022-03-22,0.011701457812834049,-0.00548074180047331,-0.007250775291250955
2022-03-23,-0.012878394348902589,0.006725037614169871,0.013659661796972422
2022-03-24,0.015074421706269714,-0.0055666794321886925,0.007260367097212672
2022-03-25,0.00488341255358371,-0.010263298403072274,-0.004095451209537915
2022-03-28,0.007113065805072427,0.002262555267842581,-0.018203790082975457
2022-03-29,0.01237086978704438,0.004984899426928813,0.00044678784846130526
2022-03-30,-0.006174825662262684,0.003930814167850238,0.008038419372069505
2022-03-31,-0.015391153519545342,0.0018641895071160874,0.00038759588392967004
2022-04-01,0.002834071543571959,-0.006511619196685303,-0.006365867342034703
2022-04-04,0.008566423207591933,-0.0006561077630544698,0.004846769455083555
2022-04-05,-0.01263131265692874,-0.011916058373025118,-0.006264842571455875
2022-04-06,-0.009999373448586257,-0.0035132620388108604,0.002343216670796844
2022-04-07,0.0050390701909333036,-0.0024776417367687875,0.003784886240234986
2022-04-08,-0.002673875775443313,-0.0050627721073653875,0.006265969312183373
2022-04-11,-0.01709238146137737,-0.004800861764337916,0.004959463770487282
2022-04-12,-0.003705267038601967,0.004824021223379438,0.007676751619003053
2022-04-13,0.011453481775540286,0.0022080848652299423,0.004788537865617837
2022-04-14,-0.01245167064047481,-0.009005393420311036,-0.003303550666205579
2022-04-18,0.0004113031937482692,-0.0029002206960205834,0.0030971927027434454
2022-04-19,0.016142531604133925,-0.006592948901803508,-0.015112904376299419
2022-04-20,-0.0007416385664260616,0.007807664743378462,0.004894947496407287
2022-04-21,-0.014953421605450545,-0.00552006027783547,-0.0035576001936850066
2022-04-22,-0.027439060170246332,0.0004871008850930725,-0.0097220932450649
2022-04-25,0.005797446816261154,0.006423975150983141,-0.017970993150090764
2022-04-26,-0.02896057309807376,0.006672985995376024,0.001525017044941901
2022-04-27,0.0028115475952457114,-0.005572272240508824,-0.00755702425744631
2022-04-28,0.025259562948446224,-0.0014488746326917212,0.005398323510093839
2022-04-29,-0.03695559113467284,-0.005321243934820141,-0.00011297696546286318
2022-05-02,0.0060191815206465105,-0.00744995591363995,-0.018540493535693647
2022-05-03,0.004584224526135605,0.0011774615184285686,0.00264926246698316
2022-05-04,0.030452812052934597,0.006467947356433745,0.009822544372671826
2022-05-05,-0.03554279651150083,-0.010029179099025454,-0.003811138551277793
2022-05-06,-0.005968867127912225,-0.0057046393298324505,0.0016558743678838361
2022-05-09,-0.03201712015155045,0.0074188808998727485,-0.014479496708730832
2022-05-10,0.0023104408425393963,0.003338603659804207,-0.008445202872691127
2022-05-11,-0.01588610858718531,0.006165707294252698,0.008167128516088473
2022-05-12,-0.0010442167851344442,0.0033066755477411114,-0.015333925720196762
2022-05-13,0.023908007594060976,-0.005234927130558842,-0.00810956630229509
2022-05-16,-0.004057363603846675,0.004190858726950575,0.009538483763206873
2022-05-17,0.020570290047271955,-0.007569925079356388,-0.006279296383541522
2022-05-18,-0.04031160121088506,0.007138422617871232,0.0005314848929158789
2022-05-19,-0.006124737775278222,0.00359282440702402,0.014697234801531733
2022-05-20,0.00043660733766004434,0.004643803258083334,0.0006980112537449124
2022-05-23,0.018710156428741298,-0.006067057188913205,0.004650369455528214
2022-05-24,-0.007633917981549443,0.008623101601485494,0.007521859850632806
2022-05-25,0.008835215498336435,0.002017640010892663,-0.006029994959596108
2022-05-26,0.019981055821047145,-0.00047971263845225653,-0.0018488983177334939
2022-05-27,0.024549127212522226,0.0014392373486442622,0.00052102106703944
2022-05-31,-0.005610801017761569,-0.010439823116633051,-0.009893009276743081
2022-06-01,-0.00808862185387449,-0.005630158570781529,0.006369033199590923
2022-06-02,0.019043433683362032,0.001461411334702456,0.012309182073779512
2022-06-03,-0.016411697825766458,-0.0019462185302634438,-0.010152017266979896
2022-06-06,0.003044867314242028,-0.007507612711742828,-0.0044037229040009285
2022-06-07,0.009592355889704862,0.004027775605555339,0.006518420844169315
2022-06-08,-0.010872199355230538,-0.003718317704149432,-0.0009251975242893229
2022-06-09,-0.023783041196753896,-0.0008836158920249026,-0.0031832564859568535
2022-06-10,-0.02899531253347587,-0.009829874768157998,0.013412283666592417
2022-06-13,-0.037968371054738936,-0.017770375140527594,-0.026412288230091452
2022-06-14,-0.0030133820408673184,-0.007984541014015467,-0.008003209616781914
2022-06-15,0.014256442303858696,0.013958004470812746,0.013050939388113303
2022-06-16,-0.03309606295452783,0.0065317089480037005,0.011243181594596585
2022-06-17,0.0021557036196331314,0.00029915597098462143,-0.008222816311715064
2022-06-21,0.025173682455234214,-0.005189642134055039,-0.0037367862070599722
2022-06-22,-0.0018131008315989128,0.012640613768965192,0.003985188163408093
2022-06-23,0.009802921709052947,0.005646879424899165,-0.006129257292171064
2022-06-24,0.03179378021938528,-0.003546382891338795,-0.0009984622015154487
2022-06-27,-0.0038197688429935095,-0.005635503471875025,-0.0011170700540719114
2022-06-28,-0.020433038241918666,0.0012926620223996377,-0.0016480211262837052
2022-06-29,-0.0008142239778178295,0.008042637884615678,-0.0007663579045243951
2022-06-30,-0.008124242788220437,0.0076833785760550555,-0.006077047294322124
2022-07-01,0.010576448622887202,0.010720091384385677,-0.0008310541616338707
2022-07-05,0.0018885553075462802,0.003680813028393848,-0.02120964335120412
2022-07-06,0.003377213166984472,-0.008492371062372772,-0.015842188833696924
2022-07-07,0.014977292216048488,-0.006132344613148932,0.000555053276362516
2022-07-08,-0.0008225890790559687,-0.006071617634473947,0.0004315313201161963
2022-07-11,-0.01142376197159145,0.007882546398320978,-0.005360507452973451
2022-07-12,-0.008848798229838195,0.0023460203595930817,-0.0037167247224720867
2022-07-13,-0.005251700887301869,0.004291498828792983,0.004787690503602615
2022-07-14,-0.0024284870642866663,-0.005535441040371514,-0.014047055610919013
2022-07-15,0.01910503976642164,0.0034177796756389434,-0.0020084561635671516
2022-07-18,-0.008257009881728838,-0.0029196325394709177,0.0009433945063559435
2022-07-19,0.027019174457522777,-0.004587676194308332,0.0023874693093759447
2022-07-20,0.006373199438202581,-0.0009805303665156861,-0.009402031234323593
2022-07-21,0.010183235110745592,0.01138569518710808,0.014110421925231709
2022-07-22,-0.009277965425479318,0.011452274009422725,0.00249575020790771
2022-07-25,0.0012146292997172736,-0.003550643094810013,-0.0027385476219622396
2022-07-26,-0.011830751016341456,0.00038536965296454007,-0.0011858106875901608
2022-07-27,0.025966431604272255,0.0020214602952075555,0.010184984698782484
2022-07-28,0.012542312986573823,0.009894393882640573,0.012185323455280006
2022-07-29,0.01457879820450314,0.0003803433415230373,0.0028110896821249565
2022-08-01,-0.002961320216191332,0.005848279911778498,0.0056672312077465925
2022-08-02,-0.006597174298906161,-0.013825666018366767,-0.005938288400823777
2022-08-03,0.015659343151931848,0.004128862674529055,0.002438243761313297
2022-08-04,-0.0006758118247804923,0.005068636776649704,0.016539989487255546
2022-08-05,-0.0016899725497030449,-0.014462410079143728,-0.011246066300201418
2022-08-08,-0.0011610247322173528,0.0058893231789582945,0.008470017618367853
2022-08-09,-0.003970906265283736,-0.0029752984596267407,0.0030595386607856767
2022-08-10,0.021004193826227535,0.0005775091943209798,-0.0025119508170524663
2022-08-11,0.0,-0.006638745513349531,-0.0026382206776995876
2022-08-12,0.016928841604085587,0.003971200180414858,0.00919802099904432
2022-08-15,0.004120731780213882,0.0031835918371903027,-0.012867030834262327
2022-08-16,0.0019587868778621065,-0.00115388094582336,-0.001750096754401964
2022-08-17,-0.0070980250156345015,-0.006739268377455643,-0.006468335614034371
2022-08-18,0.0029063513617013648,0.0019387882998000983,-0.0026164156896926194
2022-08-19,-0.013438020728664068,-0.008609878508091473,-0.007320625681104476
2022-08-22,-0.020822484714315026,-0.004391216301300904,-0.006637179344595956
2022-08-23,-0.002419224567688394,-0.002450477271241147,0.0069908740848763085
2022-08-24,0.0032012362102740166,-0.003340246564444538,0.0029489200401788818
2022-08-25,0.014117400029994176,0.006407484744197056,0.003062787136294043
2022-08-26,-0.03384900253066325,-0.0011752700712400754,-0.012152705301765265
2022-08-29,-0.006612174713157892,-0.005688273629329554,0.0006182375550920494
2022-08-30,-0.010977862286566942,-0.00029571639241565695,-0.008340578885610683
2022-08-31,-0.00760912308933126,-0.004143589424233318,-0.007725314789180926
2022-09-01,0.003137797762270189,-0.007949411697676378,-0.008790162100319021
2022-09-02,-0.010544313346625644,0.005602121467868093,0.008804709144487166
2022-09-06,-0.003773208275991591,-0.01114208625968971,-0.0058394619355668365
2022-09-07,0.017965060522872722,0.006539101667434322,0.010168638866495439
2022-09-08,0.006536139205407299,-0.003698121531999665,-0.006002292729855863
2022-09-09,0.015535401407323679,0.00010043649489976936,0.005283756568463582
2022-09-12,0.010747630917717466,-0.0024072491012099295,0.005068186218703863
2022-09-13,-0.04348268181772608,-0.005631289816511842,-0.01301133993119441
2022-09-14,0.00381605868253887,0.0005058402603184131,-0.003847613448870524
2022-09-15,-0.011353336917183432,-0.00343666563297218,-0.018679143196684067
2022-09-16,-0.007628934942255028,0.0008114053306009783,0.005549107201315628
2022-09-19,0.007754941358323553,-0.0028373501487316544,0.0007700871329356929
2022-09-20,-0.011478739390902604,-0.006199117397514442,-0.005706587274526553
2022-09-21,-0.017443548442299228,0.00398816321391271,0.004642973675810236
2022-09-22,-0.008399783083411716,-0.015074585863368517,-0.0005776772692025478
2022-09-23,-0.016754752623343916,0.00124120320419574,-0.01727683040546535
2022-09-26,-0.009892906936214696,-0.01662867830791348,-0.011633219026207842
2022-09-27,-0.0025525262159130646,-0.006827148217942947,0.002049841746687875
2022-09-28,0.019676063791959075,0.02252501797740547,0.02078665233491006
2022-09-29,-0.020888742438863628,-0.0046538852189477176,-0.00019392836526865853
2022-09-30,-0.015463456503648554,-0.002597843323559057,6.462244018679009e-05
2022-10-03,0.0264008544272607,0.011868483119587436,0.024309785681440932
2022-10-04,0.03098703346328846,0.002063103876622563,0.014328122056449066
2022-10-05,-0.0023283681047501226,-0.009470936526032148,-0.005538266375543777
2022-10-06,-0.010315816610501072,-0.005507981935257145,-0.00112629171222689
2022-10-07,-0.02789383372018328,-0.0049121470854709415,-0.010962851258976669
2022-10-10,-0.007635484872202225,-0.0058808194768572575,-0.015201476317757034
2022-10-11,-0.006332897187805386,0.0025353001586119195,-0.002058091550185215
2022-10-12,-0.0032986608718502675,0.0032666537631405035,0.00534932850905423
2022-10-13,0.026391468275574592,-0.004201182672002091,-0.006923532232980256
2022-10-14,-0.02278880269445749,-0.005590448002311232,-0.012458897998479546
2022-10-17,0.025697031117355662,0.0010607489536105241,0.0028762090057179446
2022-10-18,0.011749309945137343,0.002542822267116218,0.0021509701146735782
2022-10-19,-0.007086456899410121,-0.010462664403374511,-0.013398358104674823
2022-10-20,-0.008385254835684308,-0.007476135611314438,-0.0015822103586343728
2022-10-21,0.02430142975497107,0.0022592742276568156,0.017827646105301076
2022-10-24,0.012236442557892246,-0.0012880098892151803,-0.003243594030472474
2022-10-25,0.015968663016823648,0.012470325125730097,0.002277944142005106
2022-10-26,-0.007534104172198908,0.0050968151906942705,0.006363608620383543
2022-10-27,-0.00533990128434092,0.007077655274101646,-0.001548523944967184
2022-10-28,0.023790580584941434,-0.005139504635861547,-0.010210687443231947
2022-10-31,-0.007223350902280101,-0.004534377638802711,-0.008161399648159207
2022-11-01,-0.004375905109190947,-0.000180495312071427,0.010203429757038585
2022-11-02,-0.02509614520314607,-0.0016986833029923876,-0.006972548399621914
2022-11-03,-0.010296767185619005,-0.0043601552567857915,-0.003806036048150885
2022-11-04,0.014393026553227495,-0.0021367006166101987,0.030696289684813083
2022-11-07,0.009565611133427243,-0.0035321909276961883,-0.003962389674382338
2022-11-08,0.005395575086668769,0.006660155405186607,0.023099074133724695
2022-11-09,-0.020602046045036126,0.0034148617588773966,-0.0050172660211307285
2022-11-10,0.05495379624275021,0.02243967745918085,0.030444387121793204
2022-11-11,0.009678724353147539,-0.0020802408934728067,0.006606324071935177
2022-11-14,-0.00850678667501803,-0.0023968051561107373,0.002187655661719301
2022-11-15,0.008528975316314913,0.007417587395938563,0.0035168677995043307
2022-11-16,-0.007628590042458083,0.007363785426455216,-0.0022961020109516506
2022-11-17,-0.0030598286953216203,-0.006794995139317694,-0.007267423593311895
2022-11-18,0.004540435157634803,-0.0035243209312952883,-0.006893636502166456
2022-11-21,-0.0036363159435958137,-0.0006245813043205262,-0.005589952950737276
2022-11-22,0.013457115666759112,0.005725081421404488,0.00117372396636517
2022-11-23,0.0063016301400034,0.005381649136609878,0.006231840940288613
2022-11-25,-0.00022380537011779111,-0.0003081914874909497,0.000858470616118101
2022-11-28,-0.0159569343196575,0.0004115871567216267,-0.007903495498554403
2022-11-29,-0.0017176001087784165,-0.004219858598224269,0.004940425418036076
2022-11-30,0.0315005458822597,0.008992609854194367,0.012781920270785507
2022-12-01,-0.0007357373133877187,0.010922446584461953,0.01838479961277617
2022-12-02,-0.0011537267957003605,0.0020309268989970874,-0.0034556830535615868
2022-12-05,-0.017989189608294653,-0.010133788538621458,-0.017158885635801036
2022-12-06,-0.014414957001301243,0.0061423242185116855,0.0027373742314797944
2022-12-07,-0.001701108378555083,0.008750652384841073,0.009039101712364994
2022-12-08,0.007833784160571122,-0.005648545219508083,0.0008416965556858891
2022-12-09,-0.007469939513686796,-0.007405442716722499,0.003544160110315664
2022-12-12,0.01441723095606351,-0.0014305534863263691,-0.008260534556326027
2022-12-13,0.007569642957458544,0.009006178806610476,0.017081132038632596
2022-12-14,-0.006393291817443081,0.002738613175322424,-0.0024330212847030186
2022-12-15,-0.024461876291152485,0.0019459580260099418,-0.01635930934057528
2022-12-16,-0.011806117011975203,-0.0025286872437317864,0.008708721678036602
2022-12-19,-0.008479515484808742,-0.008112559183606316,-0.0028178306902848504
2022-12-20,0.0013682009144799778,-0.007259127518321362,0.016594482836064905
2022-12-21,0.01495240191197511,0.0012357628443966373,-0.0016560135809358112
2022-12-22,-0.014265978748989383,-0.0003079789863499327,-0.012085358459954287
2022-12-23,0.005752292622004385,-0.004527765815984464,0.002998321039039853
2022-12-27,-0.003943428870206933,-0.008372158295839371,0.008430011409881644
2022-12-28,-0.01242808019604158,-0.002396806477964919,-0.004505807286929064
2022-12-29,0.018000442143475626,0.004910346448996572,0.005598251568726287
2022-12-30,-0.002634086322220064,-0.004159302898631867,0.0046786689817972515
2023-01-03,-0.004209762211819679,0.00783073304402393,0.008370656531798915
2023-01-04,0.007720032879805716,0.007665656264515874,0.0094119059589024
2023-01-05,-0.011413283983386924,-0.0014389661648833707,-0.012451461859522062
2023-01-06,0.0229319435593609,0.012869165332925148,0.01870749684189077
2023-01-09,-0.000566803677118255,0.0025412896698724374,0.0022451175785793698
2023-01-10,0.0070127836026780965,-0.00628584887873973,0.0036760446135073455
2023-01-11,0.012647837706034615,0.006427826699435979,-0.000686793935011365
2023-01-12,0.0036409044968639392,0.008921100036365592,0.011568000967502767
2023-01-13,0.0038793517583111115,-0.005325655568468757,0.012001783992939385
2023-01-17,-0.0018318270336247222,-0.003131363349788807,-0.00654507834469964
2023-01-18,-0.015788063618273007,0.013579226523808607,-0.0028717524486322477
2023-01-19,-0.007279890457202232,-0.0018993433929184178,0.015868520044824974
2023-01-20,0.018629199622007375,-0.006611784702717061,-0.003335405556458948
2023-01-23,0.011998494655591996,-0.003226262503353894,0.0018964337632443318
2023-01-24,-0.001073320633208974,0.00576626168700356,0.003618515163479552
2023-01-25,0.00037490549606200574,0.0011062466567670626,0.004603959599926544
2023-01-26,0.010990396019216142,-0.003617299294272458,-0.009055266877154966
2023-01-27,0.0022975584626789836,-0.0015123296976784495,-0.0013929904624704337
2023-01-30,-0.012546751360647534,-0.0031306770315931987,-0.002566715270248765
2023-01-31,0.014703164114224787,0.005064971043362343,0.0036362115419990015
2023-02-01,0.010627967736933197,0.007192658829277887,0.012596814339808304
2023-02-02,0.014556902723442677,-0.00040146864022549966,-0.02075193653580043
2023-02-03,-0.010629048275135333,-0.01073545115090735,-0.024957770292002968
2023-02-06,-0.006111372681116167,-0.008620729039456654,0.0020754098721176284
2023-02-07,0.013078611613261293,-0.0024550739109913122,0.000920425708082595
2023-02-08,-0.010934803514228375,0.0036921628158514963,0.002471594120761589
2023-02-09,-0.00866904735609253,-0.004496348194145128,-0.007912418174625069
2023-02-10,0.0023335873505687665,-0.0048238487011155184,0.0019071943211166342
2023-02-13,0.011739091835972548,0.0023726004848481086,-0.005076170279846859
2023-02-14,-0.00046030552876108466,-0.004527450728376348,0.0007537389032514774
2023-02-15,0.0032473677448865423,-0.002997705251257976,-0.00996466725346834
2023-02-16,-0.01376864767782815,-0.0033169996433787263,-0.0008192368783922488
2023-02-17,-0.0024982946807327044,0.0028082213504836417,0.002986790669610162
2023-02-21,-0.02006094338822695,-0.010890987334865931,-0.003737004613899475
2023-02-22,-0.0013780769013614913,0.001782871407697062,-0.005626488586046308
2023-02-23,0.005319308248879828,0.0038727891944212445,-0.0005304511136865475
2023-02-24,-0.01068229738258586,-0.006047828903314345,-0.00719467575637045
2023-02-27,0.0034057003389516005,0.003042495606157658,0.003920334893926292
2023-02-28,-0.0036959439707155983,0.0015689124119038222,0.00455596886271592
2023-03-01,-0.0038359462458492644,-0.00799429287946074,0.005772150633673867
2023-03-02,0.00777735599326812,-0.004114577111388185,-0.0005855636445488699
2023-03-03,0.01603783484897159,0.008049890254991254,0.010723085619275707
2023-03-06,0.0006928204409033523,-0.0017858633563820892,-0.005043830646819902
2023-03-07,-0.015328711941576256,0.0001050139043323739,-0.017480480627863337
2023-03-08,0.0016319822032602183,-0.0003157365556053504,-0.00047445044105887124
2023-03-09,-0.01844971479843871,0.006212144587480983,0.009849316056938173
2023-03-10,-0.014429694506665869,0.018415631866829596,0.021562856843419187
2023-03-13,-0.0014249772628047719,0.012123685664393369,0.022948211912439564
2023-03-14,0.01652996875732704,-0.009440602859052238,-0.005791064746217711
2023-03-15,-0.006254309492505827,0.014449664889148117,0.007804133170404848
2023-03-16,0.01754511534914327,-0.008990740102732153,0.002020092008242713
2023-03-17,-0.011692842750683274,0.011824516351901515,0.02912021467749004
2023-03-20,0.009615689557326057,-0.004029772361278217,0.0003808677357699519
2023-03-21,0.013130503343229183,-0.008698947778592703,-0.018875115806276654
2023-03-22,-0.01704650609312197,0.013163145802892018,0.01702060989813825
2023-03-23,0.002703410781646598,0.005740574311670077,0.01253817608562513
2023-03-24,0.006562154064048142,0.00030057498817881445,-0.011252350246951037
2023-03-27,0.0018699200839138452,-0.012313813311436217,-0.009256722051406263
2023-03-28,-0.0022447680017475546,-0.0006079360806646728,0.008189093257242153
2023-03-29,0.014534969231666972,-0.0017241763276947264,-0.00496077000653139
2023-03-30,0.005855177460335703,0.0015236548112069759,0.009039576549164652
2023-03-31,0.01409463800310884,0.005478145516024657,-0.005212246135594234
2023-04-03,0.0038104826950544624,0.004710352195354428,0.007204410308019105
2023-04-04,-0.005548187046266362,0.006439370658921861,0.018640958960437493
2023-04-05,-0.0026180597027466446,0.004198715811741582,-0.0007979247786650268
2023-04-06,0.0039007747492327827,0.00029899174246827975,-0.00713409106547247
2023-04-10,0.0010262811264352134,-0.009853044961666058,-0.007399886547073464
2023-04-11,0.00026872672897915173,-0.0004017796941253593,0.006320556237305208
2023-04-12,-0.004076068188897386,0.0029160473001403897,0.004885138866613126
2023-04-13,0.013282699772290796,-0.003308514214405478,0.013515672558895409
2023-04-14,-0.0024427152664936447,-0.004929296983048115,-0.017710313033589165
2023-04-17,0.0035881740111767257,-0.006368788427381422,-0.0044537552497120325
2023-04-18,0.0006523460839993334,0.001628056182378046,0.003880780603893852
2023-04-19,-0.00016887151456868033,-0.002133180727495132,-0.004778520212877502
2023-04-20,-0.005457083421877895,0.0058017872149902505,0.003938259199047112
2023-04-21,0.0007768803975491956,-0.002428578164538675,-0.009887669268098143
2023-04-24,0.0010429298174798873,0.004869681275447846,0.003039335460481629
2023-04-25,-0.015873527118283604,0.009893729212580915,0.005086318131183543
2023-04-26,-0.004235765333949648,-0.0038985549410404108,-0.0054373863086724095
2023-04-27,0.019908074120989827,-0.006523656926251786,5.410039265307809e-05
2023-04-28,0.008535165599250494,0.007475565979807808,0.0002706525128974846
2023-05-01,-0.0010096506179255726,-0.011769948544053999,-0.004491351825477108
2023-05-02,-0.01123935373065632,0.013018686479385977,0.019296640909943763
2023-05-03,-0.006863899793702832,0.006526279639502475,0.008479075840785333
2023-05-04,-0.0070831615752239285,-0.00019953298634856065,0.00703295344911492
2023-05-05,0.018512530772075264,-0.00538786468517094,-0.015647950479605433
2023-05-08,0.000266682899315418,-0.006118907986888744,0.0012269055761324754
2023-05-09,-0.004385421287854352,-0.0012110748586905418,0.007086162362163861
2023-05-10,0.0046726014453797315,0.007477828965547717,-0.001428442843921296
2023-05-11,-0.001744028036294254,0.003711206205901929,-0.008582755587748347
2023-05-12,-0.0013103448116247307,-0.005995810871298191,-0.0017100802429794726
2023-05-15,0.0034500680249409665,-0.0022119010173862197,0.0021412620336231925
2023-05-16,-0.006682646243847512,-0.003224087944398324,-0.0124993937971285
2023-05-17,0.012138936769260367,-0.003234603312592954,-0.0034618889303413836
2023-05-18,0.009633042380562395,-0.006186009916679058,-0.012972911279784172
2023-05-19,-0.0014547752379081569,-0.0037754087618185883,0.0098988291245512
2023-05-22,0.00040595882233196434,-0.0018437244909789152,-0.002341497915543389
2023-05-23,-0.011222996567262888,0.0016417756473126044,0.001200731149241463
2023-05-24,-0.007244539050155541,-0.0025613563310746823,-0.008068450017086337
2023-05-25,0.008659868222557598,-0.006265256140493003,-0.009618027091793824
2023-05-26,0.012950739159889313,0.0018604944949363045,0.003995567330169925
2023-05-30,0.0003809879373752878,0.00784035978241926,0.006190554546333882
2023-05-31,-0.005545262448994226,0.003787742955428053,0.0015382006614657051
2023-06-01,0.00950088653736958,0.0027803629972973365,0.007898130346476018
2023-06-02,0.014461139832323777,-0.00795085410365659,-0.014747450675273499
2023-06-05,-0.001916135541940367,-0.0003081986578138407,0.006020416015011243
2023-06-06,0.002177387434340261,0.0006164990865928921,0.0010980396887692034
2023-06-07,-0.0034576506872515678,-0.007293317130470212,-0.012010543410059138
2023-06-08,0.006048552405332863,0.006726254588647285,0.013211240429905624
2023-06-09,0.0017941873841125222,-0.003597583288276418,-0.0026845203333208945
2023-06-12,0.009072094100982975,0.0016505829169009,-0.0008788640365902101
2023-06-13,0.006592885163435813,-0.0071060443249850724,-0.007367558613950331
2023-06-14,0.0011907162143831584,0.0013483707683834556,0.0005539277015322863
2023-06-15,0.012397578956493627,0.00776881981769062,0.007030581691497062
2023-06-16,-0.0034061818724115955,-0.004317082293846197,-0.0015392159510750902
2023-06-20,-0.005188221050783204,0.0029935663719253824,-0.010350739592973501
2023-06-21,-0.005123692693211224,0.0009263838576949457,-0.0014464228474878604
2023-06-22,0.0036097099690570733,-0.0056557596054054304,-0.009916979914319946
2023-06-23,-0.007559926034988784,0.004136877572506137,0.0027572461643308177
2023-06-26,-0.004085741489031847,0.0024716176073549256,0.0017396047357047806
2023-06-27,0.010963307794132016,-0.003492965022360739,-0.004593535884055422
2023-06-28,0.0005043830487496681,0.004020508604031914,-0.002307409851291853
2023-06-29,0.003941205446303941,-0.010267993058213465,-0.001071764681377263
2023-06-30,0.011800843307819608,0.002178740651022748,0.006663323502016594
2023-07-03,0.0011505137043690272,-0.004337341215346235,0.0011218766110339118
2023-07-05,-0.001487096684625211,-0.0047942340630776625,-0.00353003237800964
2023-07-06,-0.007830715743746053,-0.00816864779714832,-0.002980200124891419
2023-07-07,-0.0025247359931801494,-0.0012666199779182152,0.007500997402107412
2023-07-10,0.002531126419153873,0.005179858747261568,0.0007836956455820054
2023-07-11,0.006368470383345093,0.002103629118356931,0.0037476125602418087
2023-07-12,0.008045970099074706,0.009760455585624994,0.013541420874312982
2023-07-13,0.007937005650540119,0.008315420598609125,0.0007146999149640898
2023-07-14,-0.0006228860452527352,-0.004948124430724232,-0.0031866482531698326
2023-07-17,0.0034722158570845707,0.0016577837700120224,0.0007165567329587841
2023-07-18,0.007430505967050305,0.0011375576530874287,0.011456278139590825
2023-07-19,0.0022237855714153376,0.0034090607406254136,0.00016335645500209495
2023-07-20,-0.006634494192364726,-0.00792736170971231,-0.005063389149303488
2023-07-21,0.0,0.0008303095338826338,-0.0030645332195953223
2023-07-24,0.004467271138958395,-0.0023853815504616405,-0.004281473326684049
2023-07-25,0.0027299966753795424,-0.0018708427571442199,0.005567859975790901
2023-07-26,0.0001537110828402355,0.003436753197285647,0.0048791150253857385
2023-07-27,-0.006629771013335173,-0.010896701404245479,-0.01571197400361901
2023-07-28,0.009790193537077885,0.0032521313126210316,0.007981390400291666
2023-07-31,0.0019040724619332483,0.001255461850318218,0.0026944104889448095
2023-08-01,-0.002861509882740698,-0.005843363360783949,-0.010364679607279492
2023-08-02,-0.013910870418613386,-0.002001146237845086,-0.004765602229612864
2023-08-03,-0.002865940487663865,-0.007387930467746218,-0.0003341470787491252
2023-08-04,-0.004522533623821046,0.010632623519654327,0.003620414278603157
2023-08-07,0.008728348127770458,-0.0024198117117161244,-0.0022753962847783527
2023-08-08,-0.0043485857485192625,0.005062228937897872,-0.006341080194621318
2023-08-09,-0.00668538180152789,0.0006297708007270142,-0.00475820704444585
2023-08-10,0.00035908893317460056,-0.007655357997929824,-0.0010686044760203073
2023-08-11,-0.0005833011763488605,-0.005283682346274299,0.0
2023-08-14,0.005520037047133108,-0.0015934517610937116,-0.003040588549344525
2023-08-15,-0.01164876224213618,-0.001915393904525109,-0.002654474343068869
2023-08-16,-0.007338086397121635,-0.0038379571705040583,-0.005776029417432049
2023-08-17,-0.007619872581579368,-0.0012843393900443534,-0.0015378724223797935
2023-08-18,0.0004812283899193748,0.003000584716181809,0.00017112823031739666
2023-08-21,0.0065062308259808965,-0.006196648277860373,0.002737670236275802
2023-08-22,-0.0027085588903544844,0.00043016860717126626,0.0016495566176504273
2023-08-23,0.01113766666122018,0.010853161734081906,0.01016464068195777
2023-08-24,-0.013859001551281391,-0.00372103078166075,-0.00022482031744353037
2023-08-25,0.007049725689322051,-0.00031964701342013235,-0.0012932863561120334
2023-08-28,0.0063414483828361234,0.0027749599333068975,0.0028713533365909427
2023-08-29,0.01445475939832308,0.007131612047726055,0.009768091768254772
2023-08-30,0.004118870418318155,-0.00010583650391327026,0.0025018747942815445
2023-08-31,-0.0014635010411738758,0.0020082163830574817,-0.0016637258183913595
2023-09-01,0.0018652397678571297,-0.006112712068809478,0.0004999240959600026
2023-09-05,-0.004321914265616678,-0.0060646985212292615,-0.008161685723844458
2023-09-06,-0.006722442933943085,-0.00256960412786289,-0.004534245193468567
2023-09-07,-0.0030702312651044172,0.003434264026233036,0.0010684498647577367
2023-09-08,0.0015061261901749834,0.00021423165497869157,0.0003370270596214642
2023-09-11,0.006576646403065656,-0.0017110252990762964,0.001853109993606994
2023-09-12,-0.005485782258337957,0.00139276770561092,-0.005156651253074851
2023-09-13,0.0011661092761869885,0.0011766673054793841,-0.0023100098564432514
2023-09-14,0.008622336034579403,-0.0022438406392323307,0.0005082241752882855
2023-09-15,-0.012048318191403062,-0.0031054534409246104,0.006603816566220333
2023-09-18,0.0005865743601718432,0.0009663532374024619,0.005887647601878543
2023-09-19,-0.0020738286116483984,-0.003648749087858505,-0.0009476457412548323
2023-09-20,-0.009193334242658446,-0.0007540504738290377,0.0007253927124595272
2023-09-21,-0.016528503360219493,-0.007437788448570681,-0.007248413758109917
2023-09-22,-0.0022484285220268907,0.003909942210271078,0.0032013033173832195
2023-09-25,0.0042051361330315284,-0.007356006077314015,-0.005150588926742139
2023-09-26,-0.014691252771662389,-0.0003273129667390462,-0.007990985893820302
2023-09-27,0.0003992031353976522,-0.00446969366148442,-0.012366647894697436
2023-09-28,0.00579739716138028,0.002737702713334622,-0.004997187509914736
2023-09-29,-0.0024270169385127716,0.00021844431349982152,-0.01027534966921384
2023-10-02,-0.00039756131870138933,-0.008111289029436919,-0.010498705650611395
2023-10-03,-0.013386243413602839,-0.008277438669725745,-0.0028882419805683623
2023-10-04,0.007282062424673219,0.006343329892507077,-0.00011825651470720455
2023-10-05,-0.00037678689456532855,0.001879836362679299,-0.0018327868021307259
2023-10-06,0.011872777530366863,-0.0058500727799306596,0.005153083621109555
2023-10-09,0.006402271751564159,0.012767975105624219,0.01838544744893622
2023-10-10,0.005204766400337402,-0.001973330957682373,-0.0016780958953311886
2023-10-11,0.004096329669438736,0.005492198913194191,0.007303045938392039
2023-10-12,-0.006096385366099577,-0.009613103261208233,-0.0030496507265770356
2023-10-13,-0.004980947856252582,0.006397337588411212,0.03214825984540237
2023-10-16,0.010521496140540432,-0.005918322417765687,-0.004864928190345896
2023-10-17,-4.589630894502594e-05,-0.009812535666845923,0.001854273768354009
2023-10-18,-0.01332516428411179,-0.004676663741346121,0.014470816805260078
2023-10-19,-0.0087862317046139,-0.004922205736997642,0.012274016037125302
2023-10-20,-0.012288198732384625,0.005846013968010322,0.0027308974274993236
2023-10-23,-0.0017331547268149006,0.004694341005124336,-0.0033770637265357895
2023-10-24,0.007539392133975253,0.0017798250246934266,-0.0001093308866343401
2023-10-25,-0.014352117543495302,-0.008773246426850734,0.004208823642007475
2023-10-26,-0.01197461381870435,0.007618482023313611,0.0015784524505004782
2023-10-27,-0.004532891023922403,0.0015566350031166465,0.011629799758344106
2023-10-30,0.011955874177317805,-0.0033304756022585202,-0.005640547017974562
2023-10-31,0.006280091487921302,-0.0021163275732714038,-0.005456562573315615
2023-11-01,0.010664770412272206,0.011517704144661911,-0.003150642851826535
2023-11-02,0.01916449207449178,0.0061965743618470626,0.0033240729584833595
2023-11-03,0.009123453621033395,0.007698482742598989,0.003638921283475316
2023-11-06,0.002300344637781837,-0.005784241429818926,-0.007792560392528958
2023-11-07,0.0028459735798713748,0.0057082799649572635,-0.0041451308444235835
2023-11-08,0.0007324840304177016,0.004038141072821633,-0.00996764391222027
2023-11-09,-0.007798684948302714,-0.009892427419655125,0.003982968433291267
2023-11-10,0.015604715087276677,0.0010983309111605166,-0.010909752197912237
2023-11-13,-0.0009532527187869899,-0.0005486094363797989,0.005570720464602719
2023-11-14,0.019400917174684285,0.01503360112219232,0.00891917710567891
2023-11-15,0.0021170859089065797,-0.00778408948238829,-0.002635601473798599
2023-11-16,0.001222951533367933,0.00751801365873761,0.011286077178189302
2023-11-17,0.0012439630842404625,0.0006490375360042044,-0.00010890234740634774
2023-11-20,0.0076974850830067165,0.0014050610414142461,-0.0016333808174913145
2023-11-21,-0.002179354867042904,0.001294955564864475,0.010797900632885549
2023-11-22,0.0038607640202614757,-0.00032334304732961616,-0.004262252597286853
2023-11-24,0.0006153992582187406,-0.005175344900371415,0.005201596914642614
2023-11-27,-0.0018008995207469125,0.007586404133371527,0.006737817869841178
2023-11-28,0.0009900036303838178,0.0044102345086056705,0.01333185296040651
2023-11-29,-0.0007034327420673003,0.0052475473212916235,0.0014794398574644596
2023-11-30,0.003937496923179573,-0.004900385321185419,-0.004167950375202456
2023-12-01,0.005915794524713691,0.00943494509750753,0.017271494075951743
2023-12-04,-0.005249277963868426,-0.004147142746307564,-0.021613426463259477
2023-12-05,-0.0001970564017446108,0.007047544815287576,-0.0037794459254784085
2023-12-06,-0.004029909807669374,0.004135269663866126,0.0036868953454944897
2023-12-07,0.007630565993338667,-0.0014782989393814505,0.0016503277504122948
2023-12-08,0.004299109572013071,-0.0064510597345743825,-0.013340391114851191
2023-12-11,0.003889530902242866,0.00010654500379070342,-0.011042895165362165
2023-12-12,0.00456728078917501,0.0021284236195546757,-0.0005446421195114404
2023-12-13,0.013790063422416399,0.014868309031979665,0.022562533466176315
2023-12-14,0.0032094995658966674,0.008312667929446071,0.0058625529824696265
2023-12-15,-0.0016467961071813253,-0.0008326702242480444,-0.009166511771857122
2023-12-18,0.005625356822212879,-0.002187646733339932,0.00454548718457537
2023-12-19,0.0060806792573080415,0.001879136297842754,0.006813940578695332
2023-12-20,-0.013857198254307423,0.0048977430554182355,-0.005445982936103211
2023-12-21,0.009482080812932336,-0.0015555375870591748,0.007070635455129759
2023-12-22,0.002009663169758147,-0.000934689081927953,0.004434417088942322
2023-12-26,0.004222401727856262,0.0006238550826442868,0.00762073325107937
2023-12-27,0.0018080349987459332,0.007792144326760342,0.004537842226414401
2023-12-28,0.0003777782469400748,-0.0038143291658400136,-0.005815437657636924
2023-12-29,-0.00289492035951755,-0.0024837082972186675,-0.001566841018672216
2024-01-02,-0.005596317344066182,-0.0037347512451211262,-0.002353909884146743
2024-01-03,-0.008166680091558853,0.002394857941640627,-0.008336809604204354
2024-01-04,-0.0032211421521444183,-0.006025075466688512,0.0010046128932528209
2024-01-05,0.0013696686415112236,-0.0036584192626354373,0.0001584554095515056
2024-01-08,0.014275917445046193,0.0033568013802471874,-0.007816271130823171
2024-01-09,-0.0015169955367169141,-0.0004178108141000836,0.0003193567900841021
2024-01-10,0.0056553318544352305,-0.0015689662772757629,-0.00228804710551489
2024-01-11,-0.000440607070651744,0.005342391288990944,0.0019733072916665595
2024-01-12,0.0006927160276115618,0.002709481296120808,0.009794068475553752
2024-01-16,-0.003671306902421012,-0.008105953957992296,-0.009488181898979708
2024-01-17,-0.0055586292302357565,-0.003247843094657421,-0.011015950635288596
2024-01-18,0.008892744359593419,-0.0022071035936157557,0.008232882099906247
2024-01-19,0.01246621642351431,0.00010557789601994827,0.00298872590696031
2024-01-22,0.002114386993945949,0.0030539777267475365,-0.003777957126316789
2024-01-23,0.002916478516551635,-0.0025198689292849075,0.0038991332271092194
2024-01-24,0.0010930683013370412,-0.0028425021153266616,-0.008246890539639784
2024-01-25,0.005438971821559724,0.0043285019649079715,0.003969986681303217
2024-01-26,-0.001270334204830581,-0.0017871522810758433,-0.0006946931881828267
2024-01-29,0.0079193723017017,0.006002902875117622,0.007058485444586982
2024-01-30,-0.0007734920616432328,0.0013606272933011088,0.0013805262268791196
2024-01-31,-0.01631726054723548,0.008363008515364312,-0.0007423479101067443
2024-02-01,0.013088048421898923,0.006193823741068583,0.01040067256889099
2024-02-02,0.010527360933223484,-0.013013742233186076,-0.009453300862028113
2024-02-05,-0.0036411961637197177,-0.009732171690995606,-0.005513988032274764
2024-02-06,0.0029033818130268507,0.005389482813314972,0.005224693124019186
2024-02-07,0.008340432139917198,-0.001786922920145595,-0.0002651978305409086
2024-02-08,0.0004416873593215964,-0.0032639750441908477,-0.0009018470501077624
2024-02-09,0.005779398672015157,-0.0017960726068503297,-0.003876152075833028
2024-02-12,-0.00043895545913064105,0.0009525571540967004,-0.002611969494785926
2024-02-13,-0.013772988606368997,-0.01099590365248393,-0.013788690196348319
2024-02-14,0.009087666286839324,0.003741590926763294,-0.0005961123453055439
2024-02-15,0.0068997297830211135,0.0027690887692712884,0.0067238125229134305
2024-02-16,-0.0049800358939333655,-0.0043546813762572745,0.0036625695484679976
2024-02-20,-0.00550550720653431,0.0017069539738685524,0.0060642100730936566
2024-02-21,0.0009058828019030685,-0.003194782607294,5.331256612173263e-05
2024-02-22,0.020695616160753882,0.00010663642396591122,0.00042672195902415666
2024-02-23,0.0006895959594583889,0.004593500740357026,0.005651511902278639
2024-02-26,-0.0036624551393661386,-0.001488607653793217,-0.0022266895335479875
2024-02-27,0.00185762380353105,-0.0022365090149447653,-0.0010626830578386315
2024-02-28,-0.0013217028608305537,0.003628797820710794,0.001808491158992842
2024-02-29,0.0035950303728897737,0.002020672817157454,0.005150266749304189
2024-03-01,0.009388206951783884,0.004565457772906845,0.018910791174389097
2024-03-04,-0.001072399009425462,-0.002224558521969233,0.016174996770490502
2024-03-05,-0.0099940695152958,0.006157619458636576,0.006020141664404788
2024-03-06,0.00506719125229993,0.00242693036979702,0.008215401882095241
2024-03-07,0.009926452199480407,0.0016842771723988292,0.005683843351386164
2024-03-08,-0.0060022091803608735,0.0007357148768192268,0.008452547868211147
2024-03-11,-0.0008599242023230591,-0.0012601347319957101,0.00183502012710135
2024-03-12,0.010757535239920735,-0.004100494972764768,-0.01094062729637224
2024-03-13,-0.0015674685844705438,-0.0022171315624672783,0.00700740378557585
2024-03-14,-0.001976943619330096,-0.0074066830522121485,-0.004175139558116436
2024-03-15,-0.0068664632814761095,-0.0017056425218584526,-0.0031944066391379478
2024-03-18,0.005942970450018681,-0.001174470424882501,0.0016022835845583838
2024-03-19,0.005557089413920524,0.0028864171452855913,-0.0011498061737871268
2024-03-20,0.00924946480980915,0.002345113194265558,0.011911859798154678
2024-03-21,0.003304611275528835,0.00010622503689328155,-0.0010386361790747367
2024-03-22,-0.0018955733764366434,0.0048916294197651755,-0.008020968992406341
2024-03-25,-0.0027630134777932858,-0.002645258006504725,0.003194406639138503
2024-03-26,-0.0018470924829974145,0.0014851915519820125,0.003233961285236342
2024-03-27,0.008403865937811394,0.0038140476937658097,0.007240660177973091
2024-03-28,-0.00019115881781295307,-0.000949822617461904,0.012900024807740218
2024-04-01,-0.0017396920921751713,-0.009048328154591112,0.010208079384865787
2024-04-02,-0.006358016169788816,-0.0021383029722384927,0.014772360490971526
2024-04-03,0.00109835406361114,0.0011786450482886845,0.008772374739768996
2024-04-04,-0.012206091925434759,0.003424472422195457,-0.005734705223284009
2024-04-05,0.010446919590245018,-0.006612595074337313,0.017114197447370083
2024-04-08,0.0005593746610836892,-0.002254543247601659,0.006228485366236658
2024-04-09,0.0011566715338628963,0.003981720618006168,0.0054970549930351
2024-04-10,-0.010013106150403739,-0.013290568813759562,-0.009463856185613961
2024-04-11,0.007546924820617251,-0.0014123583031935283,0.019433247203493043
2024-04-12,-0.013802908355450394,0.00413382322616318,-0.013239324939518515
2024-04-15,-0.01252828863512212,-0.00639134758921045,0.01871915519396472
2024-04-16,-0.0018236634891360959,-0.003925391308343462,0.0012220152803359419
2024-04-17,-0.005918361884868162,0.006348523806438022,-0.007368252752093074
2024-04-18,-0.0020577059283769517,-0.0034801611984763836,0.0034154561341945833
2024-04-19,-0.008728272490450828,0.0013094355937397495,0.003131535140574737
2024-04-22,0.009209133674185965,0.00010901491353187964,-0.02470249054532203
2024-04-23,0.011866636838578914,0.0013079452272530823,-0.002458663172418052
2024-04-24,-0.0004747143485898109,-0.003047916069533585,-0.0018600907225296837
2024-04-25,-0.003798898367841641,-0.003821405880396478,0.005963468053189924
2024-04-26,0.009473954297642972,0.0027401250148815226,0.003241927353549112
2024-04-29,0.0035414887818734364,0.004044390868578773,-0.002031218037689575
2024-04-30,-0.015841226193612834,-0.004681334532629866,-0.019937078844561418
2024-05-01,-0.00324715015108501,0.003960250973508828,0.00906215232545482
2024-05-02,0.009353387028529392,0.0046983731012013585,-0.0030870874411647042
2024-05-03,0.01239520842887587,0.005546488872431032,-0.0007976266365629092
2024-05-06,0.010326919403785828,0.0008654682843476369,0.010518361024399514
2024-05-07,0.0011034840926713585,0.002593078565001017,-0.004600326433150892
2024-05-08,9.654236518974457e-05,-0.0028021275429467307,-0.002941061869504713
2024-05-09,0.0057618048007284095,0.003026453556035591,0.015778607960932778
2024-05-10,0.001288349609268602,-0.0032328511727710563,0.008112513438038427
2024-05-13,0.00013406676115512717,0.0011894817259481272,-0.011202103844459965
2024-05-14,0.004588463597510861,0.002915300714938729,0.008462045119477235
2024-05-15,0.012383004978475887,0.007536672169796033,0.012838750510223651
2024-05-16,-0.0020576392177918956,-0.0019236853220725436,-0.0038933433506626036
2024-05-17,0.001437543393062457,-0.003104966598668213,0.016497772589880277
2024-05-20,0.0011520539555727183,-0.0015035933750557895,0.004023937591649318
2024-05-21,0.002452584934648172,0.002581534179388889,-0.001469548604571047
2024-05-22,-0.002879396361313069,-0.0012875776795301386,-0.018373969565577908
2024-05-23,-0.007304162035511652,-0.0035444855959596566,-0.019944570339717638
2024-05-24,0.0066163943999355546,0.0012934640920581053,0.0009271136061119734
2024-05-28,0.0006987515410241674,-0.00559875795398479,0.010513172896031486
2024-05-29,-0.007002275686358694,-0.004872108175912548,-0.009303812074717088
2024-05-30,-0.006633755932921481,0.005004815410183383,0.0018967600627464165
2024-05-31,0.00910803264827642,0.004655228250238563,-0.00586417430627717
2024-06-03,0.0008155969909677818,0.006549614167334239,0.008917780500373507
2024-06-04,0.001117652025793392,0.005476169607111503,-0.008977059834655354
2024-06-05,0.011885061250984874,0.003630985104554396,0.011845603201318777
2024-06-06,-1.8757481010989174e-05,-0.0004255304093706558,0.007391356612921562
2024-06-07,-0.0012156248058271535,-0.010538639717499576,-0.0356833014337965
2024-06-10,0.00308977121748355,-0.002151854845755863,0.009168181127878539
2024-06-11,0.002408338954078104,0.005283153605972535,0.0028566106093963484
2024-06-12,0.008213109386135509,0.005577136148878559,0.0026617200115086614
2024-06-13,0.002013393833566024,0.006612570533287787,-0.008150148984962247
2024-06-14,0.0006085012219712027,0.002330982211398158,0.012959545903254766
2024-06-17,0.00795894271556774,-0.004651210608201173,-0.005191652247571565
2024-06-18,0.0025404907177681846,0.004354253282595755,0.004007271832187298
2024-06-20,-0.0027163301738238887,-0.0025376052530450277,0.012484347826456244
2024-06-21,-0.001340836794000877,0.00021184353398728817,-0.01549323810998593
2024-06-24,-0.0032506251621496896,0.0008477232788759448,0.003957566385821121
2024-06-25,0.003850869326469164,0.0008472693367549411,-0.004962237629221655
2024-06-26,0.0012481564062454265,-0.006030968941961201,-0.009228168111804491
2024-06-27,0.0015763471193552814,0.0022354502609882587,0.011336925587312363
2024-06-28,-0.00393506564198598,-0.005310452394956866,9.297647872497095e-05
2024-07-01,0.0020581387752909297,-0.0074442176301952045,0.002604589701364013
2024-07-02,0.006729662300142714,0.003776852865852831,-4.643394389247657e-05
2024-07-03,0.004462634526017029,0.006665205584895917,0.011273000380832787
2024-07-05,0.005766484349109424,0.005553139492506354,0.013486798057396943
2024-07-08,0.0011540968862364664,0.00031860248627868515,-0.012402074526820739
2024-07-09,0.0009722845457502682,-0.0013800244084393176,0.0016957473442755777
2024-07-10,0.009895281643110376,0.0009565591570650511,0.0036603361122538036
2024-07-11,-0.008622454289494041,0.006373079346703836,0.017733403441032136
2024-07-12,0.006307288783128584,0.002110848496547524,-0.0006270969301161999
2024-07-15,0.0027501766488369217,-0.0031596033009436697,0.0032271131671974818
2024-07-16,0.005930226787752568,0.004437080004377814,0.019925798233449088
2024-07-17,-0.014021237206247372,0.0008416197209064613,-0.004643206403117328
2024-07-18,-0.007684755082017047,-0.0028376751566117075,-0.006381186355259083
2024-07-19,-0.006640754083967693,-0.0031617605763157863,-0.017937829186175036
2024-07-22,0.010310083227481392,-0.0009513877486002631,0.00031573231212611574
2024-07-23,-0.00156861958772736,0.0007407508754646575,0.003516676143213937
2024-07-24,-0.022662421599522586,-0.0022209582669829864,-0.0035043524704835294
2024-07-25,-0.005210308454554946,0.002225901902214167,-0.01564473026582147
2024-07-26,0.011199435925995038,0.004758733049440078,0.010534525866662925
2024-07-29,0.0005879168006492907,0.0016840404480227278,-0.0014050562105476505
2024-07-30,-0.0050663262889381055,0.0021015332990363955,0.009985461488319247
2024-07-31,0.016254498103003945,0.00733985452023922,0.018110725786084192
2024-08-01,-0.014161096725278322,0.004270138583257976,-0.003442943141866328
2024-08-02,-0.018618488629123853,0.015490332500150084,-0.0019046282784819235
2024-08-05,-0.02912352377777827,0.0010236465568869146,-0.012691935106198926
2024-08-06,0.00921954742829767,-0.008897513735639295,-0.00800071383261225
2024-08-07,-0.006683984946629917,-0.0036115712146495005,-0.0006796279952806517
2024-08-08,0.023117361125918112,-0.0030033671082357882,0.01568801363501282
2024-08-09,0.004409574868284416,0.0040510538172569,0.0024552612171107047
2024-08-12,0.0005254051316678776,0.00279357568199301,0.017144665770273848
2024-08-13,0.01644584760098433,0.004436027718822899,-0.001532358906807585
2024-08-14,0.003154549042534871,0.0013350635186255566,-0.008155751250824572
2024-08-15,0.017140279968171024,-0.006257160826517172,0.0031388449312386157
2024-08-16,0.002242219589529748,0.0019615184199373026,0.022387738526589374
2024-08-19,0.009561090877817202,0.0013393924898350562,-0.0016380226467287429
2024-08-20,-0.0016260607383481451,0.004012037728233997,0.0036699887797402297
2024-08-21,0.003436683597532575,0.002049350868154942,-0.0013336178629831386
2024-08-22,-0.00784851342649362,-0.004601735876329283,-0.011975011209935715
2024-08-23,0.010625385922989672,0.00462300974613461,0.011553425520716143
2024-08-26,-0.002384030143548599,-0.001226960587460857,0.0031893380775305236
2024-08-27,0.0013732938139052742,-0.00040968667471041886,0.002706671669018279
2024-08-28,-0.005805296430382967,-0.0005120855056697238,-0.007026862307456638
2024-08-29,8.941711011511977e-05,-0.0017422029095705005,0.005177980359189593
2024-08-30,0.00954607361380333,-0.003490232497542989,-0.0071260085162319076
2024-09-03,-0.020578918275010016,0.006591928747315512,-0.0043235765879541255
2024-09-04,-0.00204683084696089,0.005851063110136057,0.000607926500195255
2024-09-05,-0.00243218058308603,0.002347239246990318,0.008332306942507417
2024-09-06,-0.016830317648955262,0.0014253757305522363,-0.00740263040895639
2024-09-09,0.011196254802991135,0.0014231794245422869,0.004205876079289794
2024-09-10,0.00435591585377737,0.004264139645200116,0.004404097525006145
2024-09-11,0.010258962261036064,-0.0007076862067063594,-0.001590555949419148
2024-09-12,0.008423234396241153,-0.0016186306782804971,0.017567284525531468
2024-09-13,0.005222670911050553,0.00192517236319234,0.009943683944142245
2024-09-16,0.0014767045220198671,0.002629695691764633,-8.374817448175698e-05
2024-09-17,0.0004087336229028349,-0.001815975348269827,-0.005530911354914458
2024-09-18,-0.0029658253212330177,-0.004345042870223748,-0.00771046540528908
2024-09-19,0.017064380731744544,-0.0008118184038312659,0.01554075728197235
2024-09-20,-0.0017286028901163375,-0.00030474200142194263,0.012710660066880486
2024-09-23,0.002499014282571377,-0.000609669794837453,0.0019404068737312041
2024-09-24,0.0028610494997864944,0.0011181585651189874,0.01396907347432852
2024-09-25,-0.0022053562014971995,-0.00406181678063311,-0.001381767735032069
2024-09-26,0.0039645812385114,-0.0007139878193676008,0.005086884066794806
2024-09-27,-0.0014503990937563271,0.00397958553234079,-0.007935830791900522
2024-09-30,0.004007416216051274,-0.002744099704214964,-0.007999374253898517
2024-10-01,-0.008958604559465067,0.0036388111761591624,0.010491249392624136
2024-10-02,0.000422292856316675,-0.0028515083389970552,0.00020358719772617384
2024-10-03,-0.0018282872845175602,-0.005106672347738206,-0.0006920058878574498
2024-10-04,0.009087424667289845,-0.009650223864349328,-0.001996030315693398
2024-10-07,-0.009040591890144833,-0.003627936661896425,-0.0033877625757333663
2024-10-08,0.00945766211928345,0.0008323963426857262,-0.007371925565205384
2024-10-09,0.0069263742769880565,-0.003742454704318998,-0.005446185963701722
2024-10-10,-0.0017500368840644986,-0.00010438568126702741,0.007342892553628744
2024-10-11,0.005988234357958255,0.0003133611592784913,0.010913408354139564
2024-10-14,0.008178455361924408,-0.0017735004012182642,-0.001629502157067031
2024-10-15,-0.007769922124887363,0.005120511944756823,0.003468359323146597
2024-10-16,0.004346629814820702,0.0015597377242604349,0.005001609209081437
2024-10-17,8.579045798295937e-05,-0.005190688037312707,0.005988310835030708
2024-10-18,0.003846548369420555,0.0011481909435711035,0.010618185005035086
2024-10-21,-0.001642173469649788,-0.007713490367875497,-0.0001990012771425631
2024-10-22,-0.0005312863972004589,-0.0009450967304864832,0.01078732362833379
2024-10-23,-0.009137259973135414,-0.002313333495690739,-0.012050555849465017
2024-10-24,0.0021628023642212835,0.0022133532284098756,0.007693259346016168
2024-10-25,-0.00034551232929502795,-0.0022084651150177104,0.0020569789010425055
2024-10-28,0.0030914301936280086,-0.002318697416089699,3.945407605776552e-05
2024-10-29,0.0016184868692048493,0.00042305016042232246,0.010894858433216914
2024-10-30,-0.0030253159284875375,-0.0014780547505545139,0.005505891218995584
2024-10-31,-0.01960308625965801,-0.0005292846675160057,-0.01549516696374409
2024-11-01,0.004220369262593282,-0.005921759775465829,-0.0041023758773531815
2024-11-04,-0.002154001920025461,0.0053378608379763826,0.0014259144001700363
2024-11-05,0.012092144156434781,0.000531282357356444,0.002254447895035039
2024-11-06,0.024865482444860865,-0.01029506058530305,-0.030386729020158265
2024-11-07,0.007731955775059474,0.008042851654684213,0.01607650385553039
2024-11-08,0.00433181667633864,0.00212749128506462,-0.006769426092267272
2024-11-11,0.0009529898599045517,-0.002759788844729938,-0.02347155656813127
2024-11-12,-0.003106439748114198,-0.006280643130046504,-0.008631355179477884
2024-11-13,0.0004856642941051259,-0.0006431388262347904,-0.010081225320474285
2024-11-14,-0.006429998524105307,-0.00010690769407128986,-0.0026091417886489054
2024-11-15,-0.012808639480448747,0.00042855432351784906,-0.0017720694429750328
2024-11-18,0.004097197010638043,0.002250569683951431,0.019020246289590537
2024-11-19,0.003655686791583568,0.002138532464379672,0.008959325127211315
2024-11-20,0.0003388277025782038,-0.0014938743290014989,0.005632045702723465
2024-11-21,0.005368141194877163,-0.0005341372777424302,0.00833950039098208
2024-11-22,0.0030994993753996614,0.0006413948179464501,0.012892210445830887
2024-11-25,0.003392000468597889,0.010790606627598232,-0.029458856541119016
2024-11-26,0.00522148547086676,-0.00211386079572351,0.0019383092584317474
2024-11-27,-0.003029984694522536,0.004024878163435774,0.002222714763140843
2024-11-29,0.006211945721408041,0.004219779969171222,0.008624546377060671
2024-12-02,0.0017925343116806935,-8.43867701156853e-05,-0.00875440338997513
2024-12-03,0.0004637390430815014,-0.002845218333278221,0.002012776164397767
2024-12-04,0.006209510619023417,0.0038048515437549835,0.003033679807253664
2024-12-05,-0.0016456371446975648,-0.00010537088100626146,-0.007397709454119217
2024-12-06,0.0018957972729021222,0.0031585370539306545,0.0003705687954560499
2024-12-09,-0.005149672542314909,-0.0034634855941158005,0.009919751769426055
2024-12-10,-0.003109196745000764,-0.0017907700921876435,0.01316431251835759
2024-12-11,0.007730637008498853,-0.0029545112932533035,0.009533812345188464
2024-12-12,-0.00515253763170509,-0.0038099138104191743,-0.014663722649505995
2024-12-13,-0.000198618165903941,-0.004674370271698813,-0.012091578404740733
2024-12-16,0.00426995333865432,0.0003202909454638192,0.002415209844427002
2024-12-17,-0.004120094133105434,0.0,-0.0038386247250202787
2024-12-18,-0.02980356730360978,-0.0077294662426405925,-0.019185077837713282
2024-12-19,-0.0003070465700401037,-0.00453098625956927,0.0014210967336203417
2024-12-20,0.012011121262937685,0.003684972219635707,0.010434056495473909
2024-12-23,0.005988313845908255,-0.0044272741241940805,-0.004708795377563857
2024-12-24,0.011114993282984376,0.000541927169259715,0.001992014086009908
2024-12-26,6.648855168323031e-05,0.0007590456170010196,0.006751179863859091
2024-12-27,-0.0105262755816794,-0.00259938546840055,-0.0068705038771270655
2024-12-30,-0.011411792655248942,0.005864345728748388,-0.0031896811646237033
2024-12-31,-0.0036380303829519622,-0.001835655266822278,0.006233636577161361
2025-01-02,-0.002457018332623462,0.0005409898609505248,0.013587714119632333
2025-01-03,0.012503404560544995,-0.001621828163972272,-0.007864039973028758
2025-01-06,0.0057605105090932085,-0.0009743428626103334,-0.0012320959587240887
2025-01-07,-0.011303942339435435,-0.004552543818300392,0.005633435188264313
2025-01-08,0.0014609060507264626,0.0017421875975911494,0.005315681488123669
2025-01-10,-0.015267324294868434,-0.007282263917196774,0.009558310004399662
2025-01-13,0.00155047779484363,-0.0017521828342386137,-0.009951255605703535
2025-01-14,0.0013759502770052112,0.00032904401068512,0.005249423200524239
2025-01-15,0.01819002884394938,0.010526390917910966,0.007488993695735191
2025-01-16,-0.00192320642202648,0.0023870684772060446,0.006910965874952435
2025-01-17,0.010039901270404217,0.0007577130752052241,-0.005307269747253152
2025-01-21,0.009153584329701925,0.0033531338380048403,0.015485219016293739
2025-01-22,0.005621537753287331,-0.002587143401600156,0.005135652699768123
2025-01-23,0.005457955612408583,-0.0025938540740525484,-0.0014148699521492336
2025-01-24,-0.0029191631474385638,0.0020589660290883938,0.006218705580031125
2025-01-27,-0.014145661109239649,0.006488448228666233,-0.0104048052682425
2025-01-28,0.008592524248072664,0.00010709251429452671,0.008656417783572623
2025-01-29,-0.004482967158625062,-0.0011814754509489322,-0.0038404097330004827
2025-01-30,0.0053671859760371365,0.0021512430362029544,0.01514551884715587
2025-01-31,-0.005322013686878346,-0.0016100780036814033,0.0019763991077348386
2025-02-03,-0.006729450249601476,0.0007120889186595925,0.005337271410283728
2025-02-04,0.006708265236212485,0.0024785192377181353,0.00984841707528572
2025-02-05,0.004054423062778145,0.005805184697819099,0.006209542410714253
2025-02-06,0.0034756295468787446,-0.0011758344011835176,-0.0026502562908058414
2025-02-07,-0.009153513951071335,-0.003317284718011737,0.0017841598670260694
2025-02-10,0.006791328320455037,-0.0002144750733464873,0.016938239196991
2025-02-11,0.0007605411152529218,-0.0025774755998598797,-0.0036516022155236305
2025-02-12,-0.0032216898605842426,-0.006890622222051501,0.0010471549570203464
2025-02-13,0.010557708255736653,0.007480335246480063,0.009862831092105617
2025-02-14,-4.927878362037674e-05,0.004196733467103586,-0.014871773334245608
2025-02-18,0.0029358976669520143,-0.005357879271287391,0.01656090548123368
2025-02-19,0.00235502035985502,0.0016160746608142595,0.000554096378723612
2025-02-20,-0.004160345694787626,0.0020437250913643012,0.0005168326664386491
2025-02-21,-0.01710410610424462,0.0059037190243453885,-0.0009225433005247696
2025-02-24,-0.004550406396044981,0.002134215026642794,0.005429568123388684
2025-02-25,-0.004973390324342075,0.007879838912356218,-0.013188334192659745
2025-02-26,0.0005050065539069504,0.0027472082545809684,0.0015263333689308212
2025-02-27,-0.015962013940292508,-0.001158852919337705,-0.015239958822878874
2025-02-28,0.01560549055036331,0.005485121822012218,-0.006265820058134697
2025-03-03,-0.01751987501654706,0.003629907524615117,0.013180390342641513
2025-03-04,-0.011836867992038314,-0.0031450657219289635,0.008697635934455272
2025-03-05,0.010747839611165988,-0.005573724901037136,0.0020813110966888537
2025-03-06,-0.017751050248379863,-0.0005287073916748763,-0.005081207410422395
2025-03-07,0.005604776840324233,-0.0012696716532241137,0.0005219558189655249
2025-03-10,-0.026635619444153158,0.006992157405706578,-0.008755937163287819
2025-03-11,-0.008312891177371884,-0.0035772208863278365,0.011727541035094546
2025-03-12,0.005306711888906301,-0.0029561410115125364,0.004346793335703092
2025-03-13,-0.013330657012063596,0.004024033035660901,0.017756144523255468
2025-03-14,0.020655906135268243,-0.0034806771071057563,0.00039975774946587883
2025-03-17,0.00771133679017999,0.000846802236626143,0.0054135329342379634
2025-03-18,-0.010808487898628982,0.0011634641469338014,0.011671955843306048
2025-03-19,0.010890956650734918,0.0030630588457196684,0.004107707999658539
2025-03-20,-0.0028919175507399197,0.001474434491394172,-0.0012805854303336028
2025-03-21,0.00033000177186570667,-0.0008413664525919184,-0.008049901213267985
2025-03-24,0.017908597496413492,-0.00578822266184198,-0.004452548665506595
2025-03-25,0.0024038212736889886,0.0016936980649553401,0.004400365088198743
2025-03-26,-0.011938334576674592,-0.0023247796574131785,-0.0008259812019960622
2025-03-27,-0.002655735881150312,-0.0008472586501373502,0.013405732882559862
2025-03-28,-0.020138321487112032,0.008056682695728679,0.007412123023167849
2025-03-31,0.006712689237152292,0.0029445821024551844,0.014363222998346137
2025-04-01,0.002824553701041621,0.0035133218257741294,-0.0019782303576065807
2025-04-02,0.0063284086265045225,-0.0009432782446895382,0.0020516615880092903
2025-04-03,-0.04928091072982521,0.010281992949901175,-0.006038278082531101
2025-04-04,-0.05854288397358964,0.0028041814829085077,-0.02339226273628292
2025-04-07,-0.0017812496995062155,-0.011909929048350087,-0.02148580630415131
2025-04-08,-0.01566269392150732,-0.005030713536515519,0.005443793790763651
2025-04-09,0.10501925332407813,-0.0031601677893354774,0.03699125081478161
2025-04-10,-0.043818954699414436,-0.006235079854802206,0.0244235794430141
2025-04-11,0.017842893761116585,-0.005635738937663559,0.019086664805096243
2025-04-14,0.009701505859365467,0.0080206506884124,-0.005705977012200658
2025-04-15,-0.00280102140040972,0.002970192455300724,0.005232379352138938
2025-04-16,-0.022228078391931083,0.0043370432506293355,0.0325408102664011
2025-04-17,0.0014267172797870487,-0.002843416079449601,-0.004390692094044635
2025-04-21,-0.023802592345244733,-0.005386827203221922,0.03093558529908469
2025-04-22,0.0260176392979643,0.0007433862889059117,-0.014195668551963636
2025-04-23,0.015495599517855618,0.0010611304370959918,-0.023978630729734163
2025-04-24,0.021048912949868326,0.0054058151028884005,0.014556277018207942
2025-04-25,0.007225424527655733,0.0037955874840036596,-0.010841679678267213
2025-04-28,0.0003812727202627819,0.003991299407570814,0.01424210344049559
2025-04-29,0.006299276475910887,0.003452233671759286,-0.009738925467677184
2025-04-30,0.0003968300935219826,0.0015636075203091515,-0.007482221012837353
2025-05-01,0.007086980474864335,-0.004354651709676527,-0.02077228754256477
2025-05-02,0.014844136511218409,-0.0067128370334942344,0.0017481999132260562
2025-05-05,-0.005734324797424639,-0.0017951226829791,0.029867754776654154
2025-05-06,-0.008358326594873233,0.0025387883906955455,0.02802400275899264
2025-05-07,0.00420552756227166,0.002638001413366675,-0.014993060801348546
2025-05-08,0.006967652273661029,-0.007787733256754192,-0.0196942722998793
2025-05-09,-0.0012740024202869682,0.0007424008105301194,0.007254674259445482
2025-05-12,0.03304731973987329,-0.006359164948159468,-0.028190568373488878
2025-05-13,0.006603967688927792,-0.0007468549214173503,0.004258992599597278
2025-05-14,0.0012780826440004223,-0.0037359506230444373,-0.021037827999516923
2025-05-15,0.004884390469782174,0.006535935333007892,0.015963953531585195
2025-05-16,0.006333938442399267,0.0003193844279991698,-0.012087047232674286
2025-05-19,0.001093923806363195,-0.0005322799349533058,0.012880671121226372
2025-05-20,-0.0033622573759429786,-0.0012776388645183712,0.0186222454642182
2025-05-21,-0.016850879747133396,-0.00692952560923743,0.007378683875855163
2025-05-22,0.00039470812889552676,0.003757379179932352,-0.008861493387459118
2025-05-23,-0.006825745833528796,0.002887471125288643,0.021906288045034472
2025-05-27,0.02079068471986001,0.004159183141846601,-0.016949152542372836
2025-05-28,-0.005785347040202837,-0.002761161768392806,-0.0022660178699712707
2025-05-29,0.003947231240857718,0.004153338694044217,0.0059247154716217665
2025-05-30,-0.0011184011499958402,0.0029697145191591723,-0.006576942326457891
2025-06-02,0.005632816282124864,-0.0033948341866157916,0.026581051258171673
2025-06-03,0.005702766715374175,-0.0009581667581866071,-0.008855551213511115
2025-06-04,-0.00026861623700524806,0.007351909620826991,0.006441974072654677
2025-06-05,-0.004832756264298466,-0.0029613866791815546,-0.00504987891618125
2025-06-06,0.010269135339138424,-0.00795690813836647,-0.013416073696802311
2025-06-09,0.0009010220743177477,0.0018180032077774744,0.004718534884218695
2025-06-10,0.005669925398706033,0.0017080120890220485,0.000293510988597534
2025-06-11,-0.0028521799815779403,0.004156025973092836,0.005412290790508978
2025-06-12,0.003974378714497684,0.0043511333599639546,0.0124202002480438
2025-06-13,-0.011180162300879815,-0.003698286253939753,0.013100564311248064
2025-06-16,0.009514344503849026,-0.0028634908274522974,-0.01425909653729851
2025-06-17,-0.008545274096177669,0.004892552854298682,0.0005131941200071655
2025-06-18,-0.00015060952316237053,0.0006348161703251254,-0.005385627565021256
2025-06-20,-0.002348474253184407,0.0006350064233406894,-0.00041901914110908933
2025-06-23,0.00987738189722287,0.0034880331619242533,0.0030631724583116693
2025-06-24,0.011047392828865465,0.0034765839932198173,-0.015719378751237634
2025-06-25,0.000560282661534961,0.00041977345684918177,0.003037305817845004
2025-06-26,0.007823708081869052,0.0035676276927172346,-0.0011070472235482631
2025-06-27,0.004968423651560361,-0.0026138931835043566,-0.018123728993798327
2025-06-30,0.004781279687299023,0.003983462995000853,0.01198454729743359
2025-07-01,-0.0003237141327537829,-0.001853792564559087,0.008923010663382636
2025-07-02,0.004533365492089381,-0.0020990246330018225,0.005527596405484614
2025-07-03,0.007881299997254843,-0.0034702475013359546,-0.006822911403597365
2025-07-07,-0.0074520706056897534,-0.0031660627726285417,0.000748780548875283
2025-07-08,-0.0005476359239223738,-0.001482160490843043,-0.010443411868664265
2025-07-09,0.005996656078344209,0.005194965684160557,0.004471282664348264
2025-07-10,0.002820258275139098,-0.0005270341400068768,0.0022257895319868215
2025-07-11,-0.0035154084840562927,-0.004643530650318417,0.009601575193336043
2025-07-14,0.0019081841138897104,-0.0004239700063861651,-0.0036553174266280575
2025-07-15,-0.004273310957695342,-0.003924550273313732,-0.004155705135267751
2025-07-16,0.0033433729083833796,0.002768644035160861,0.004988096125243757
2025-07-17,0.0061196372725167425,-0.0003185899436295436,-0.0021735334020257513
2025-07-18,-0.0007325310505222893,0.002762049323569382,0.002600924347578637
2025-07-21,0.001896340343384706,0.003495611964238199,0.015370115792427752
2025-07-22,0.00014309727876682388,0.002850274901812888,0.009484882235462067
2025-07-23,0.008507476351847565,-0.0035789995944431885,-0.01240118112003663
2025-07-24,0.0003309323466664793,-0.0014790288185861922,-0.006118276977772341
2025-07-25,0.004224435835635587,0.00232770317295361,-0.0092499926477293
2025-07-28,-0.0002510690047468067,-0.0022167117618274723,-0.00647361832754334
2025-07-29,-0.0026376616892719307,0.0065588357428931765,0.002750389076383808
2025-07-30,-0.0012593696215839056,-0.003468310522404705,-0.017273497289540862
2025-07-31,-0.003751164153554032,0.0008438054057768873,0.0066454015709211944
2025-08-01,-0.01639041762130744,0.011512582307240837,0.020299689958884537
2025-08-04,0.015199764160073403,0.001358697008155385,0.005823229257701401
2025-08-05,-0.005069926343612585,-0.0007305431226001247,0.0008040912066364925
2025-08-06,0.007659660445043404,-0.0007309940912904045,-0.00212110700071233
2025-08-07,-0.000837636431655131,-0.0007316951856168874,0.008437987494967825
2025-08-08,0.007797554830949682,-0.002301487543375891,-0.00022357985855403495
2025-08-11,-0.0019775013459851776,0.0003146086801131265,-0.014374701087597641
2025-08-12,0.010645981802730908,-0.0002095063506615258,-0.0009074665058316222
2025-08-13,0.0034232287352642388,0.0035642729498819303,0.0030492830145867345
2025-08-14,9.301357079483097e-05,-0.0032383218879320497,-0.006338706734070332
2025-08-15,-0.0023411979263346927,-0.001991185810901852,0.0005858183101099534
2025-08-18,-0.00021771255650937515,-0.0009450619053149589,-0.0015612675411803556
2025-08-19,-0.00542510102815319,0.0025224654069533337,-0.005473279447945512
2025-08-20,-0.0026569843521784264,0.0014679235551802172,0.010122175284489776
2025-08-21,-0.004011906127353915,-0.0029312939096366453,-0.0034698951143765644
2025-08-22,0.015356735941821187,0.005564919310132144,0.01070642694476942
2025-08-25,-0.0044010204560761546,-0.0019839087114503773,-0.0024148368614391735
2025-08-26,0.004186969160700382,0.002615503284156606,0.007262047243691283
2025-08-27,0.002278644276482167,0.0018783726903659481,0.0020187288833615202
2025-08-28,0.003541324132844581,0.002291493790721466,0.007419038046796889
2025-08-29,-0.005963734491660877,-0.0008313804355196686,0.00964990177666114
2025-09-02,-0.0074102526816088865,-0.0029842541880443774,0.023642559312442524
2025-09-03,0.005419546163007771,0.0034535491619636094,0.007831992196408066
2025-09-04,0.008357417548391144,0.004484791993006221,-0.004418882618094533
2025-09-05,-0.002896289175246314,0.004880157017542519,0.01334594055214322
2025-09-08,0.002456673315747171,0.0030999566796094946,0.011388067271604019
2025-09-09,0.0023118846201510834,-0.0023692125086969273,-0.002269905468609168
2025-09-10,0.00289071040325517,0.0026845614499726445,0.0035922056391106683
2025-09-11,0.008310385862863257,0.0015445476756479337,-0.0014913797811720864
2025-09-12,-0.000334630409346115,-0.0028789105105961887,0.0019715725978484144
2025-09-15,0.0053238689277832485,0.001649829782842227,0.01040483601055886
2025-09-16,-0.0013768849532600491,0.000617677329119104,0.0020064107533963593
2025-09-17,-0.0012423636756685452,-0.002160495338252133,-0.007715171664187115
2025-09-18,0.004672499536354291,-0.003299401083510678,-0.0040063094596702875
2025-09-19,0.004952868450893266,-0.00041367758221955153,0.010607227252210416
2025-09-22,0.004731049353107419,-0.0016557234498603135,0.01730643093326134
2025-09-23,-0.005443470649980853,0.0027986465863500953,0.004086375052867464
2025-09-24,-0.0031816642308674092,-0.002687696430501041,-0.009063049726670935
2025-09-25,-0.004613467564511753,-0.0021764543400843994,0.004165188877066628
2025-09-26,0.0057290340826092745,-0.0005193690292437658,0.00577227044053652
2025-09-29,0.0028104467833012237,0.0029099449441580827,0.016496514338703028
2025-09-30,0.003766834755358328,-0.0004144885061424519,0.008540004081594166
2025-10-01,0.0034075722246513784,0.0033691669626763066,0.0015753722020723782
2025-10-02,0.0011517326256851312,0.00103648895104258,-0.003482825151325697
2025-10-03,-1.4713447336833774e-05,-0.00196710983192272,0.008032937892485048
2025-10-06,0.0035861796762737264,-0.0029046814652413655,0.01884573861512795
2025-10-07,-0.0037075138893177817,0.0024970504136989646,0.005159462258136571
2025-10-08,0.005963055269571305,0.00020728201579833794,0.016490956878444818
2025-10-09,-0.002896974724933221,-0.0007259930451030128,-0.018452848086064733
2025-10-10,-0.027027862178845674,0.006229652561627441,0.01009770001194199
2025-10-13,0.015344118135168339,0.0005161616697331173,0.02430104394061705
2025-10-14,-0.0012216462876413203,0.00257825364763975,0.007141189222626965
2025-10-15,0.004439529909605389,-0.0011316281527806726,0.017332403569977117
2025-10-16,-0.006810319600221937,0.004634410485640839,0.02338727694573106
2025-10-17,0.005676392528467966,-0.0016399729297469356,-0.01881705572696668
2025-10-20,0.010400500262923273,0.0013345450355972677,0.03640197438905224
2025-10-21,-1.494287878323064e-05,0.0018457805136369299,-0.06426889260666147
2025-10-22,-0.005198916065879078,0.00020492469988475648,0.00010605594835544352
2025-10-23,0.005929962705964353,-0.0032748058186043982,0.004002358382396931
2025-10-24,0.008172554694480416,0.0009240272161818996,-0.0033528327110016187
2025-10-27,0.011797755361480311,0.0,-0.027839530498784404
2025-10-28,0.002655925971395856,0.00092309306985916,-0.007166030388359279
2025-10-29,0.0004803706386860007,-0.006456259518392349,-0.0037872684129753864
2025-10-30,-0.010998097614260183,-0.0014440202960498416,0.01964188672951095
2025-10-31,0.0032801312668069293,0.00041337221967152615,-0.005430550723012573
2025-11-03,0.0018766496475834948,-0.0004766389751232891,0.0017929035935666526
2025-11-04,-0.011853548427536165,0.001243789425396713,-0.017517195825319964
2025-11-05,0.003465476656154154,-0.004760944040429149,0.011564369498527016
2025-11-06,-0.010729363869237507,0.005095540357045181,-0.0012005195756800147
2025-11-07,0.000984565078659072,0.0004138986092760977,0.006119021470095909
2025-11-10,0.015604278627143309,-0.0013444712816954585,0.02734111859838051
2025-11-11,0.002289357854538432,0.0031067653656640104,0.003937814406542062
2025-11-12,0.0005563903162315587,0.00020645994196977213,0.016110762091908537
2025-11-13,-0.016593994920437227,-0.002890168001897342,-0.008083098515826892
2025-11-14,-0.0001638243733123046,-0.0016562882773907273,-0.018047911171504505
2025-11-17,-0.009316347515515466,0.001140679282849666,-0.011463979297139493
2025-11-18,-0.008397553343794883,0.0016571458475302947,0.007264932736103624
2025-11-19,0.0038631766432766224,-0.0007237712983764188,0.0016294519610446923
2025-11-20,-0.015242227316648038,0.0023799796234791337,-0.0002933255655774847
2025-11-21,0.009961138168965045,0.0033033431824971426,-0.0015473311468576778
2025-11-24,0.014718606876234608,0.0015433946116956143,0.01584423909859045
2025-11-25,0.009406020092127543,0.0025681444172700463,-0.0003156907704157108
2025-11-26,0.006903398821459961,0.0008198238743699626,0.007998338908444147
2025-11-28,0.0054584342293309,-0.001740476728891771,0.012424331348639184
2025-12-01,-0.004565470301164498,-0.005369668692436047,0.004821066034977672
2025-12-02,0.0018521864059071191,0.0008273677213443964,-0.006440050713598433
2025-12-03,0.003462839691083186,0.002066668767418456,-0.0009296182229129313
2025-12-04,0.0007310498015529188,-0.0030937312553172003,0.0006461951944911615
2025-12-05,0.0018994848443159018,-0.0020688880872840043,-0.0017823532991587676
2025-12-08,-0.003004298856025711,-0.002073177259018344,-0.002639449868615862
2025-12-09,-0.0008629381305947925,-0.0014541899946209913,0.005137202012788666
2025-12-10,0.00663214455678518,0.003224757346084406,0.004259147967165866
2025-12-11,0.0023269460314641055,0.00010365850975269097,0.010769830543307934
2025-12-12,-0.010751986278262682,-0.0026956567511933205,0.005594579039939429
2025-12-15,-0.0015108084138407696,0.0008316684712432743,0.0009103412637565533
2025-12-16,-0.002732375302379353,0.0028047017041037403,0.00022745542760316262
2025-12-17,-0.011003593983400228,-0.0002073464803645786,0.008588228474273762
2025-12-18,0.0075513543702006025,0.002590292185479459,-0.0018032036998044676
2025-12-19,0.009063414425573013,-0.0022498077649634185,0.0011289903434383852
2025-12-22,0.00622989400678442,-0.0010390424367235918,0.02308160549906857
2025-12-23,0.0045704023396588855,-0.0004161307499602751,0.013252341857567629
2025-12-24,0.003517674396244841,0.0026014311988171723,-0.004134082564786645
2025-12-26,-0.00010140966545213459,0.0009341925953891828,0.011676735474757116
2025-12-29,-0.0035636535074947684,0.0014517238855613623,-0.0435283019531133
2025-12-30,-0.0012211244085722495,-0.0010353845194239764,0.0007275678386380324
2025-12-31,-0.0074089416209803804,-0.0033168268757650665,-0.006467991163222386
