Date,SPY,IEF,GLD
2010-01-04,84.57844543457031,60.71368789672851,109.8000030517578
2010-01-05,84.80238342285156,60.98027038574219,109.6999969482422
2010-01-06,84.86206817626953,60.73419570922851,111.51000213623048
2010-01-07,85.22032165527344,60.73419570922851,110.81999969482422
2010-01-08,85.50390625,60.80940246582031,111.37000274658205
2010-01-11,85.62330627441406,60.850379943847656,112.8499984741211
2010-01-12,84.82479095458984,61.28788375854492,110.48999786376952
2010-01-13,85.54120635986328,60.99396514892578,111.54000091552734
2010-01-14,85.77254486083984,61.28105163574219,112.02999877929688
2010-01-15,84.8098373413086,61.55449676513672,110.86000061035156
2010-01-19,85.86961364746094,61.44507598876953,111.5199966430664
2010-01-20,84.99641418457031,61.65700149536133,108.94000244140624
2010-01-21,83.36199188232422,61.88258743286133,107.37000274658205
2010-01-22,81.50370788574219,61.937255859375,107.16999816894533
2010-01-25,81.92164611816406,61.80056381225586,107.4800033569336
2010-01-26,81.57832336425781,61.9235954284668,107.55999755859376
2010-01-27,81.9664306640625,61.78002166748047,106.52999877929688
2010-01-28,81.0261001586914,61.75954055786133,106.4800033569336
2010-01-29,80.14542388916016,61.998802185058594,105.95999908447266
2010-02-01,81.39176177978516,61.78618621826172,108.3499984741211
2010-02-02,82.37687683105469,61.8890495300293,109.12999725341795
2010-02-03,81.9664306640625,61.5941276550293,108.6999969482422
2010-02-04,79.43643951416016,62.101654052734375,104.37000274658205
2010-02-05,79.60062408447266,62.30055236816406,104.68000030517578
2010-02-08,79.0260009765625,62.24573516845703,104.04000091552734
2010-02-09,80.01854705810547,61.909610748291016,105.41000366210938
2010-02-10,79.86186981201172,61.73820114135742,105.12000274658205
2010-02-11,80.69770050048828,61.66274642944336,107.12999725341795
2010-02-12,80.63050842285156,61.8067626953125,107.04000091552734
2010-02-16,81.8992691040039,61.943904876708984,109.62000274658205
2010-02-17,82.28730773925781,61.61469650268555,109.25
2010-02-18,82.77245330810547,61.3952522277832,109.9800033569336
2010-02-19,82.94407653808594,61.429569244384766,109.47000122070312
2010-02-22,82.9590072631836,61.38157653808594,109.06999969482422
2010-02-23,81.95149993896484,61.847869873046875,107.88999938964844
2010-02-24,82.70526123046875,61.882198333740234,107.36000061035156
2010-02-25,82.59332275390625,62.10848617553711,108.30999755859376
2010-02-26,82.64554595947266,62.20454025268555,109.43000030517578
2010-03-01,83.50381469726562,62.2691764831543,109.43000030517578
2010-03-02,83.73514556884766,62.30354309082031,111.0199966430664
2010-03-03,83.80979919433594,62.241676330566406,111.62999725341795
2010-03-04,84.06352996826172,62.35165786743164,110.83000183105467
2010-03-05,85.26505279541016,62.05598449707031,110.80999755859376
2010-03-08,85.28002166748047,61.89093017578125,109.87999725341795
2010-03-09,85.42181396484375,62.04911804199219,109.72000122070312
2010-03-10,85.80242156982422,61.945945739746094,108.47000122070312
2010-03-11,86.16065216064453,61.89093017578125,108.5999984741211
2010-03-12,86.16809844970703,61.9873046875,107.9499969482422
2010-03-15,86.19050598144531,61.9873046875,108.36000061035156
2010-03-16,86.87710571289062,62.227935791015625,110.4000015258789
2010-03-17,87.39204406738281,62.30354309082031,109.58999633789062
2010-03-18,87.34725189208984,62.1385383605957,110.33999633789062
2010-03-19,86.9051513671875,62.05598449707031,108.27999877929688
2010-03-22,87.3697509765625,62.26227188110352,107.75
2010-03-23,87.98421478271484,62.13165664672851,108.31999969482422
2010-03-24,87.55709075927734,61.5127067565918,106.3000030517578
2010-03-25,87.4146957397461,61.285850524902344,106.77999877929688
2010-03-26,87.36222076416016,61.43021774291992,108.58999633789062
2010-03-29,87.91678619384766,61.340797424316406,108.75
2010-03-30,87.97671508789062,61.402679443359375,107.97000122070312
2010-03-31,87.677001953125,61.547096252441406,108.9499969482422
2010-04-01,88.2764892578125,61.4195442199707,110.26000213623048
2010-04-05,88.99589538574219,60.86777877807617,110.88999938964844
2010-04-06,89.20570373535156,61.0471076965332,111.02999877929688
2010-04-07,88.69612884521484,61.42646408081055,112.48999786376952
2010-04-08,89.00335693359375,61.35745620727539,112.6500015258789
2010-04-09,89.587890625,61.42646408081055,113.63999938964844
2010-04-12,89.73025512695312,61.5919189453125,113.01000213623048
2010-04-13,89.7977523803711,61.7092170715332,112.69000244140624
2010-04-14,90.81684112548828,61.54367446899414,113.02999877929688
2010-04-15,90.8918228149414,61.647117614746094,113.6500015258789
2010-04-16,89.44551849365234,62.01945114135742,111.23999786376952
2010-04-19,89.78274536132812,61.867820739746094,111.1500015258789
2010-04-20,90.5845184326172,61.89533996582031,111.45999908447266
2010-04-21,90.41971588134766,62.09539794921875,112.30999755859376
2010-04-22,90.6894760131836,61.95058822631836,111.83999633789062
2010-04-23,91.28147888183594,61.77814865112305,113.19000244140624
2010-04-26,90.936767578125,61.81952667236328,112.75
2010-04-27,88.78609466552734,62.39884185791016,114.62999725341795
2010-04-28,89.46050262451172,62.08161926269531,114.30999755859376
2010-04-29,90.569580078125,62.185028076171875,114.27999877929688
2010-04-30,89.03336334228516,62.56431579589844,115.36000061035156
2010-05-03,90.18742370605467,62.400413513183594,115.7300033569336
2010-05-04,88.06663513183594,62.82234573364258,114.87000274658205
2010-05-05,87.54208374023438,63.06443405151367,115.08999633789062
2010-05-06,84.6345443725586,63.75616455078125,118.48999786376952
2010-05-07,83.3756103515625,63.583229064941406,118.2699966430664
2010-05-10,87.0475082397461,63.09904861450195,117.56999969482422
2010-05-11,86.80022430419922,63.17509841918945,120.66000366210938
2010-05-12,88.01420593261719,63.01603317260742,121.4000015258789
2010-05-13,86.92012023925781,63.188968658447266,120.55999755859376
2010-05-14,85.346435546875,63.597068786621094,120.37000274658205
2010-05-17,85.391357421875,63.4587516784668,119.36000061035156
2010-05-18,84.2298583984375,63.92219924926758,119.48999786376952
2010-05-19,83.75025177001953,63.977508544921875,116.62999725341795
2010-05-20,80.58788299560547,64.60008239746094,115.83999633789062
2010-05-21,81.76441955566406,64.63465118408203,115.22000122070312
2010-05-24,80.71526336669922,64.63465118408203,116.83999633789062
2010-05-25,80.79771423339844,64.85601043701172,117.36000061035156
2010-05-26,80.31063842773438,64.7245864868164,118.47000122070312
2010-05-27,83.00086975097656,64.1089859008789,118.69000244140624
2010-05-28,81.95926666259766,64.39949035644531,118.87999725341795
2010-06-01,80.58037567138672,64.48272705078125,119.91000366210938
2010-06-02,82.67864990234375,64.11507415771484,119.77999877929688
2010-06-03,82.96343994140625,64.02494812011719,117.95999908447266
2010-06-04,80.04835510253906,64.91276550292969,119.19000244140624
2010-06-07,79.05167388916016,65.17636108398438,121.48999786376952
2010-06-08,79.89847564697266,64.97522735595703,121.0
2010-06-09,79.47132110595703,64.98217010498047,120.55999755859376
2010-06-10,81.7944107055664,64.37870025634766,118.97000122070312
2010-06-11,82.19157409667969,64.78789520263672,120.01000213623048
2010-06-14,82.06416320800781,64.7323989868164,119.5999984741211
2010-06-15,83.93011474609375,64.53131866455078,120.98999786376952
2010-06-16,83.90013122558594,64.71170043945312,120.33000183105467
2010-06-17,84.03507232666016,65.01687622070312,121.9000015258789
2010-06-18,84.1261215209961,64.88504791259766,122.83000183105467
2010-06-21,83.88520812988281,64.83642578125,120.38999938964844
2010-06-22,82.49976348876953,65.22494506835938,121.4499969482422
2010-06-23,82.24376678466797,65.46772003173828,120.9499969482422
2010-06-24,80.88095092773438,65.41221618652344,121.3000030517578
2010-06-25,81.21975708007812,65.51629638671875,122.76000213623048
2010-06-28,80.96376037597656,65.98104858398438,121.08999633789062
2010-06-29,78.4640121459961,66.2654037475586,121.2699966430664
2010-06-30,77.71857452392578,66.36251068115234,121.68000030517578
2010-07-01,77.37223052978516,66.33333587646484,117.04000091552734
2010-07-02,76.95059967041016,66.21508026123047,118.48999786376952
2010-07-06,77.45507049560547,66.37507629394531,116.51000213623048
2010-07-07,79.89459228515625,66.16642761230469,117.7300033569336
2010-07-08,80.68519592285156,66.0064697265625,117.20999908447266
2010-07-09,81.28754425048828,65.83259582519531,118.36000061035156
2010-07-12,81.34024810791016,65.9438705444336,117.33999633789062
2010-07-13,82.56754302978516,65.61701202392578,118.36000061035156
2010-07-14,82.56001281738281,65.9438705444336,118.3000030517578
2010-07-15,82.58259582519531,66.28462219238281,118.2300033569336
2010-07-16,80.3087158203125,66.66716766357422,116.66999816894533
2010-07-19,80.7830581665039,66.49327087402344,115.7300033569336
2010-07-20,81.67909240722656,66.56282806396484,116.6500015258789
2010-07-21,80.61740112304688,66.98707580566406,115.8499984741211
2010-07-22,82.41694641113281,66.61851501464844,116.86000061035156
2010-07-23,83.13224029541016,66.40292358398438,116.08999633789062
2010-07-26,83.99813079833984,66.38203430175781,115.5199966430664
2010-07-27,83.99059295654297,66.15251922607422,113.51000213623048
2010-07-28,83.448486328125,66.43762969970703,113.77999877929688
2010-07-29,83.0418930053711,66.57670593261719,114.29000091552734
2010-07-30,83.02680206298828,66.96617889404297,115.48999786376952
2010-08-02,84.90165710449219,66.75909423828125,115.54000091552734
2010-08-03,84.49507904052734,67.07292938232422,115.98999786376952
2010-08-04,85.05976867675781,66.79402160644531,116.72000122070312
2010-08-05,84.96942138671875,67.11476135253906,116.9800033569336
2010-08-06,84.62307739257812,67.55400848388672,117.83999633789062
2010-08-09,85.07479858398438,67.54006958007812,117.4000015258789
2010-08-10,84.61555480957031,67.88174438476562,117.7300033569336
2010-08-11,82.29646301269531,68.26525115966797,117.33999633789062
2010-08-12,81.79202270507812,68.0909194946289,118.7699966430664
2010-08-13,81.55105590820312,68.38384246826172,118.73999786376952
2010-08-16,81.5134048461914,68.87889862060547,119.7300033569336
2010-08-17,82.51480102539062,68.53022003173828,119.75
2010-08-18,82.66543579101562,68.46048736572266,120.22000122070312
2010-08-19,81.22730255126953,68.76740264892578,120.38999938964844
2010-08-20,80.96376037597656,68.54422760009766,119.97000122070312
2010-08-23,80.65508270263672,68.63481903076172,119.77999877929688
2010-08-24,79.45791625976562,69.17870330810547,120.36000061035156
2010-08-25,79.76658630371094,68.86492919921875,121.36000061035156
2010-08-26,79.23200988769531,69.17870330810547,120.95999908447266
2010-08-27,80.4593276977539,68.38384246826172,121.01000213623048
2010-08-30,79.29225158691406,68.9067611694336,120.91000366210938
2010-08-31,79.29225158691406,69.21357727050781,122.08000183105467
2010-09-01,81.66398620605469,68.71520233154297,121.69000244140624
2010-09-02,82.42449951171875,68.42855834960938,122.29000091552734
2010-09-03,83.49363708496094,68.0370864868164,121.86000061035156
2010-09-07,82.5524673461914,68.57537078857422,122.6999969482422
2010-09-08,83.13224029541016,68.38662719726562,122.70999908447266
2010-09-09,83.51624298095703,67.848388671875,121.55999755859376
2010-09-10,83.93789672851562,67.652587890625,121.7300033569336
2010-09-13,84.8715591430664,67.97418975830078,121.62000274658205
2010-09-14,84.81884002685547,68.31673431396484,124.0199966430664
2010-09-15,85.1426010131836,68.07906341552734,123.94000244140624
2010-09-16,85.12001037597656,67.84136962890625,124.62999725341795
2010-09-17,85.1518325805664,67.99517822265625,124.54000091552734
2010-09-20,86.45382690429688,68.20487213134766,124.87000274658205
2010-09-21,86.27969360351562,68.84103393554688,126.01000213623048
2010-09-22,85.85577392578125,68.94585418701172,126.1999969482422
2010-09-23,85.15937805175781,69.043701171875,126.3000030517578
2010-09-24,86.91553497314453,68.701171875,126.69000244140624
2010-09-27,86.49922180175781,69.23249053955078,126.72000122070312
2010-09-28,86.8019790649414,69.46316528320312,127.8499984741211
2010-09-29,86.65060424804688,69.29537200927734,127.9499969482422
2010-09-30,86.39324188232422,69.2115249633789,127.91000366210938
2010-10-01,86.7565689086914,69.24864959716797,128.91000366210938
2010-10-04,86.10557556152344,69.49388122558594,128.4600067138672
2010-10-05,87.83905029296875,69.50788116455078,130.99000549316406
2010-10-06,87.83148193359375,69.95631408691406,131.80999755859375
2010-10-07,87.72547912597656,70.02639770507812,130.3699951171875
2010-10-08,88.21754455566406,70.05437469482422,131.66000366210938
2010-10-11,88.30081939697266,70.12448120117188,132.2899932861328
2010-10-12,88.57329559326172,69.92131805419922,131.9600067138672
2010-10-13,89.2621841430664,69.92131805419922,134.07000732421875
2010-10-14,88.9139633178711,69.5218734741211,134.75
2010-10-15,89.09564208984375,69.22063446044922,133.67999267578125
2010-10-18,89.53466033935547,69.54991149902344,134.27999877929688
2010-10-19,88.36141204833984,69.78812408447266,130.11000061035156
2010-10-20,89.22431945800781,69.7461166381836,131.32000732421875
2010-10-21,89.42112731933594,69.36070251464844,129.47000122070312
2010-10-22,89.58765411376953,69.38172912597656,129.72999572753906
2010-10-25,89.85259246826172,69.36070251464844,130.85000610351562
2010-10-26,89.86772155761719,68.89828491210938,130.8800048828125
2010-10-27,89.61035919189453,68.4989013671875,129.52000427246094
2010-10-28,89.62553405761719,68.89828491210938,131.24000549316406
2010-10-29,89.69364166259766,69.20655059814453,132.6199951171875
2010-11-01,89.7238998413086,69.0906982421875,131.9199981689453
2010-11-02,90.43545532226562,69.32251739501953,132.49000549316406
2010-11-03,90.79879760742188,69.54721069335938,131.57000732421875
2010-11-04,92.54744720458984,70.109130859375,136.02999877929688
2010-11-05,92.89563751220705,69.81412506103516,136.3800048828125
2010-11-08,92.72152709960938,69.8351821899414,137.77999877929688
2010-11-09,92.05536651611328,69.24520874023438,135.58999633789062
2010-11-10,92.4262924194336,69.50508117675781,137.24000549316406
2010-11-11,92.07808685302734,69.42781829833984,137.66000366210938
2010-11-12,90.9880599975586,68.85186004638672,133.69000244140625
2010-11-15,90.85936737060548,67.96693420410156,132.4199981689453
2010-11-16,89.44383239746094,68.47260284423828,130.97000122070312
2010-11-17,89.4892578125,68.27597045898438,130.3800048828125
2010-11-18,90.80638122558594,68.11442565917969,132.08999633789062
2010-11-19,91.05622100830078,68.25487518310547,132.1999969482422
2010-11-22,90.98047637939452,68.6201171875,133.47999572753906
2010-11-23,89.66336822509766,68.7605972290039,134.41000366210938
2010-11-24,90.9880599975586,68.02308654785156,134.17999267578125
2010-11-26,89.92830657958984,68.318115234375,133.11000061035156
2010-11-29,90.2008056640625,68.46556854248047,133.50999450683594
2010-11-30,89.69364166259766,68.58500671386719,135.4199981689453
2010-12-01,91.60120391845705,67.68306732177734,135.3800048828125
2010-12-02,92.77449035644533,67.51408386230469,135.1999969482422
2010-12-03,93.02434539794922,67.52112579345703,138.07000732421875
2010-12-06,92.9259033203125,67.94353485107422,139.11000061035156
2010-12-07,92.97889709472656,66.81710052490234,136.5
2010-12-08,93.3195343017578,66.24674224853516,134.7899932861328
2010-12-09,93.682861328125,66.3875503540039,135.3699951171875
2010-12-10,94.22787475585938,65.82433319091797,135.41000366210938
2010-12-13,94.28845977783205,66.03553009033203,136.0500030517578
2010-12-14,94.37173461914062,65.3385009765625,136.17999267578125
2010-12-15,93.94026947021484,65.07096099853516,134.6999969482422
2010-12-16,94.48526000976562,65.45821380615234,133.80999755859375
2010-12-17,94.58647918701172,66.02151489257812,134.1999969482422
2010-12-20,94.81475067138672,66.01439666748047,135.11000061035156
2010-12-21,95.41590881347656,66.15524291992188,135.32000732421875
2010-12-22,95.71267700195312,65.97218322753906,135.0500030517578
2010-12-23,95.57572174072266,65.73983764648438,134.66000366210938
2010-12-27,95.61375427246094,65.99325561523438,135.02000427246094
2010-12-28,95.7507553100586,65.30006408691406,137.22000122070312
2010-12-29,95.81922149658205,66.03421783447266,137.7100067138672
2010-12-30,95.66702270507812,65.90013122558594,137.02999877929688
2010-12-31,95.68985748291016,66.23192596435547,138.72000122070312
2011-01-03,96.67910766601562,66.02715301513672,138.0
2011-01-04,96.6258544921875,66.18245697021484,134.75
2011-01-05,97.12806701660156,65.4694595336914,134.3699951171875
2011-01-06,96.93780517578124,65.80834197998047,133.8300018310547
2011-01-07,96.74758911132812,66.2459945678711,133.5800018310547
2011-01-10,96.6258544921875,66.4719467163086,134.1199951171875
2011-01-11,96.96829986572266,66.21076965332031,134.91000366210938
2011-01-12,97.8433609008789,66.0201187133789,135.4600067138672
2011-01-13,97.6835708618164,66.46485900878906,134.0500030517578
2011-01-14,98.3912582397461,66.28128051757812,132.69000244140625
2011-01-18,98.55864715576172,66.11893463134766,133.42999267578125
2011-01-19,97.5922622680664,66.28837585449219,133.72000122070312
2011-01-20,97.462890625,65.77301788330078,131.1999969482422
2011-01-21,97.6835708618164,65.99187469482422,131.02999877929688
2011-01-24,98.2390594482422,65.99894714355469,130.36000061035156
2011-01-25,98.29231262207033,66.33075714111328,130.10000610351562
2011-01-26,98.67279052734376,65.92835998535156,131.16000366210938
2011-01-27,98.91626739501952,66.1754150390625,127.93000030517578
2011-01-28,97.18894958496094,66.47895812988281,130.27999877929688
2011-01-31,97.91944885253906,66.2177963256836,129.8699951171875
2011-02-01,99.48700714111328,65.909912109375,130.8000030517578
2011-02-02,99.2968292236328,65.75420379638672,130.4499969482422
2011-02-03,99.51746368408205,65.37915802001953,132.1999969482422
2011-02-04,99.79896545410156,64.97576904296875,131.66000366210938
2011-02-07,100.42298126220705,64.94746398925781,131.67999267578125
2011-02-08,100.87956237792967,64.50157928466797,133.13999938964844
2011-02-09,100.65127563476562,64.86962890625,133.07000732421875
2011-02-10,100.68932342529295,64.65727233886719,132.85000610351562
2011-02-11,101.2905044555664,64.95449829101562,132.32000732421875
2011-02-14,101.53398895263672,64.97576904296875,132.9499969482422
2011-02-15,101.21439361572266,65.1243896484375,133.97000122070312
2011-02-16,101.85360717773438,65.03234100341797,134.10000610351562
2011-02-17,102.157958984375,65.27301025390625,135.0399932861328
2011-02-18,102.37104034423828,65.25878143310547,135.41000366210938
2011-02-22,100.31646728515624,65.8886947631836,136.2899932861328
2011-02-23,99.7000732421875,65.72592163085938,137.50999450683594
2011-02-24,99.63158416748048,65.89575958251953,136.47999572753906
2011-02-25,100.6969757080078,66.10810089111328,137.3800048828125
2011-02-28,101.32090759277344,66.07978820800781,137.66000366210938
2011-03-01,99.63158416748048,66.15499114990234,140.02999877929688
2011-03-02,99.8446807861328,65.80740356445312,139.9199981689453
2011-03-03,101.5644302368164,65.36045837402344,138.08999633789062
2011-03-04,100.80345153808594,65.82869720458984,139.35000610351562
2011-03-07,100.01204681396484,65.66551208496094,139.72000122070312
2011-03-08,100.88714599609376,65.50946807861328,139.36000061035156
2011-03-09,100.74259948730467,65.89252471923828,139.41000366210938
2011-03-10,98.87824249267578,66.4529037475586,137.77000427246094
2011-03-11,99.56312561035156,66.29683685302734,138.22000122070312
2011-03-14,98.96197509765624,66.44579315185547,138.86000061035156
2011-03-15,97.82814025878906,66.68698120117188,136.27000427246094
2011-03-16,96.01708984375,67.25447082519531,136.24000549316406
2011-03-17,97.28787231445312,67.0487289428711,136.97000122070312
2011-03-18,97.6417007446289,67.00619506835938,138.3699951171875
2011-03-21,99.15496063232422,66.65859985351562,139.13999938964844
2011-03-22,98.81103515625,66.69412994384766,139.0500030517578
2011-03-23,99.09381103515624,66.60897064208984,140.33999633789062
2011-03-24,100.04147338867188,66.26850128173828,139.22000122070312
2011-03-25,100.34720611572266,66.09110260009766,139.25999450683594
2011-03-28,100.10261535644533,66.11238861083984,138.5399932861328
2011-03-29,100.7751922607422,65.9208755493164,138.2100067138672
2011-03-30,101.47066497802734,66.14789581298828,138.6699981689453
2011-03-31,101.33307647705078,65.97760772705078,139.86000061035156
2011-04-01,101.76105499267578,66.11849212646484,139.1999969482422
2011-04-04,101.84514617919922,66.26781463623047,139.83999633789062
2011-04-05,101.82989501953124,65.93350982666016,142.0500030517578
2011-04-06,102.15084075927734,65.64897918701172,142.3800048828125
2011-04-07,101.8909912109375,65.65616607666016,142.50999450683594
2011-04-08,101.53945922851562,65.4640884399414,143.66000366210938
2011-04-11,101.2337646484375,65.5494384765625,142.63999938964844
2011-04-12,100.4771499633789,65.91931915283203,141.61000061035156
2011-04-13,100.46947479248048,66.1753921508789,141.89999389648438
2011-04-14,100.5458984375,65.95490264892578,143.80999755859375
2011-04-15,100.91275787353516,66.4384765625,145.0500030517578
2011-04-18,99.78163146972656,66.60208892822266,145.92999267578125
2011-04-19,100.35484313964844,66.68745422363281,145.92999267578125
2011-04-20,101.7228546142578,66.42430114746094,146.5
2011-04-21,102.2425537109375,66.47409057617188,146.74000549316406
2011-04-25,102.13555145263672,66.70880889892578,146.8699951171875
2011-04-26,103.01446533203124,66.99331665039062,146.3800048828125
2011-04-27,103.68700408935548,66.80132293701172,149.1999969482422
2011-04-28,104.0232391357422,67.05729675292969,149.82000732421875
2011-04-29,104.267822265625,67.19246673583984,152.3699951171875
2011-05-02,104.10733795166016,67.17176818847656,150.41000366210938
2011-05-03,103.73289489746094,67.35001373291016,149.8800048828125
2011-05-04,103.0450210571289,67.52119445800781,147.72999572753906
2011-05-05,102.11263275146484,67.8563232421875,143.47000122070312
2011-05-06,102.56355285644533,67.89197540283203,145.3000030517578
2011-05-09,102.9609375,67.99177551269531,147.3800048828125
2011-05-10,103.83980560302734,67.66386413574219,147.89999389648438
2011-05-11,102.7469482421875,67.9062728881836,146.5399932861328
2011-05-12,103.2361068725586,67.7564926147461,146.58999633789062
2011-05-13,102.44123077392578,68.0203628540039,145.6300048828125
2011-05-16,101.7916259765625,68.1843032836914,145.3699951171875
2011-05-17,101.7763442993164,68.38400268554688,144.74000549316406
2011-05-18,102.68585205078124,67.99177551269531,145.60000610351562
2011-05-19,102.9303741455078,68.06312561035156,145.64999389648438
2011-05-20,102.11263275146484,68.22711944580078,147.49000549316406
2011-05-23,100.92799377441406,68.31981658935547,147.8300018310547
2011-05-24,100.84398651123048,68.39114379882812,148.58999633789062
2011-05-25,101.18022918701172,68.3983154296875,148.5800018310547
2011-05-26,101.64643096923828,68.77619934082031,148.22000122070312
2011-05-27,102.03621673583984,68.76905822753906,149.6999969482422
2011-05-31,103.09851837158205,68.87605285644531,149.63999938964844
2011-06-01,100.7828140258789,69.44365692138672,149.91000366210938
2011-06-02,100.6758270263672,69.02898406982422,149.5
2011-06-03,99.67464447021484,69.3006820678711,150.22000122070312
2011-06-06,98.61996459960938,69.25775909423828,150.47999572753906
2011-06-07,98.55884552001952,69.38642883300781,150.4199981689453
2011-06-08,98.14612579345705,69.53656005859375,149.80999755859375
2011-06-09,98.89512634277344,69.25775909423828,150.55999755859375
2011-06-10,97.51942443847656,69.47940063476562,149.24000549316406
2011-06-13,97.59587860107422,69.32927703857422,147.77000427246094
2011-06-14,98.83395385742188,68.77883911132812,148.6699981689453
2011-06-15,97.07615661621094,69.52230072021484,149.1199951171875
2011-06-16,97.29015350341795,69.71530151367188,148.97000122070312
2011-06-17,97.58049011230467,69.66529083251953,149.94000244140625
2011-06-20,98.0797119140625,69.5579833984375,150.02999877929688
2011-06-21,99.4238052368164,69.46510314941406,150.75999450683594
2011-06-22,98.82470703125,69.43647766113281,150.99000549316406
2011-06-23,98.54054260253906,69.80108642578125,148.33999633789062
2011-06-24,97.39614868164062,70.0942153930664,146.25999450683594
2011-06-27,98.26405334472656,69.822509765625,145.72999572753906
2011-06-28,99.54669189453124,69.17910766601562,146.24000549316406
2011-06-29,100.3991928100586,68.76448822021484,147.17999267578125
2011-06-30,101.35929870605467,68.52859497070312,146.0
2011-07-01,102.85697174072266,68.35736083984375,144.92999267578125
2011-07-05,102.7724838256836,68.78731536865234,147.6300048828125
2011-07-06,102.89537811279295,68.90910339355469,148.91000366210938
2011-07-07,103.96296691894533,68.64398193359375,149.14999389648438
2011-07-08,103.2256317138672,69.37490844726562,150.25
2011-07-11,101.35929870605467,69.90521240234375,151.58999633789062
2011-07-12,100.9215087890625,70.00547790527344,152.77000427246094
2011-07-13,101.25939178466795,70.12018585205078,154.13999938964844
2011-07-14,100.5605010986328,69.7188720703125,154.5399932861328
2011-07-15,101.14424896240234,70.00547790527344,155.1999969482422
2011-07-18,100.31473541259766,69.9625244140625,156.57000732421875
2011-07-19,101.94300079345705,70.22767639160156,154.66000366210938
2011-07-20,101.88152313232422,69.88371276855469,156.02000427246094
2011-07-21,103.29475402832033,69.4967269897461,154.8300018310547
2011-07-22,103.36386108398438,69.76189422607422,156.1199951171875
2011-07-25,102.78784942626952,69.53974914550781,157.33999633789062
2011-07-26,102.40386962890624,69.83354949951172,157.77000427246094
2011-07-27,100.30705261230467,69.7188720703125,157.19000244140625
2011-07-28,100.01520538330078,69.85504913330078,157.32000732421875
2011-07-29,99.3316421508789,70.70066833496094,158.2899932861328
2011-08-01,98.90919494628906,70.95782470703125,157.72000122070312
2011-08-02,96.38232421875,71.61152648925781,161.52000427246094
2011-08-03,96.90457153320312,71.66895294189453,161.49000549316406
2011-08-04,92.36542510986328,72.61719512939453,160.63999938964844
2011-08-05,92.22718048095705,71.7767105102539,161.75
2011-08-08,86.22105407714844,72.9188232421875,167.1199951171875
2011-08-09,90.2302703857422,73.34268951416016,168.61000061035156
2011-08-10,86.24409484863281,74.31244659423828,174.5800018310547
2011-08-11,90.11504364013672,73.2205581665039,170.75
2011-08-12,90.72179412841795,73.73064422607422,169.97000122070312
2011-08-15,92.64191436767578,73.45758819580078,171.8000030517578
2011-08-16,91.8508529663086,73.79524993896484,173.9199981689453
2011-08-17,91.91224670410156,74.31244659423828,174.4199981689453
2011-08-18,87.94917297363281,74.70034790039062,177.72000122070312
2011-08-19,86.51290130615234,74.77938079833984,179.9499969482422
2011-08-22,86.58203887939453,74.64289855957031,184.58999633789065
2011-08-23,89.43151092529297,74.34121704101562,177.6699981689453
2011-08-24,90.69107055664062,73.5438232421875,171.64999389648438
2011-08-25,89.3086166381836,73.99642181396484,172.36000061035156
2011-08-26,90.60659790039062,74.23342895507812,177.47000122070312
2011-08-29,93.21029663085938,73.74498748779297,173.88999938964844
2011-08-30,93.45604705810548,74.25497436523438,179.10000610351562
2011-08-31,93.87079620361328,73.98920440673828,177.72000122070312
2011-09-01,92.88770294189452,74.57881927490234,177.8699951171875
2011-09-02,90.51443481445312,75.26276397705078,183.2400054931641
2011-09-06,89.85391998291016,75.36354064941406,182.8999938964844
2011-09-07,92.38851165771484,74.96039581298828,177.0800018310547
2011-09-08,91.42841339111328,75.32760620117188,181.80999755859375
2011-09-09,89.0321044921875,75.69475555419922,180.6999969482422
2011-09-12,89.60814666748047,75.46434020996094,176.6699981689453
2011-09-13,90.42996978759766,75.24114990234375,178.5399932861328
2011-09-14,91.6818618774414,75.28437042236328,177.2100067138672
2011-09-15,93.26407623291016,74.72283172607422,174.39999389648438
2011-09-16,93.81607055664062,74.86679077148438,176.02999877929688
2011-09-19,92.8818817138672,75.478759765625,173.30999755859375
2011-09-20,92.77383422851562,75.57954406738281,175.77999877929688
2011-09-21,90.04084014892578,75.90359497070312,173.58999633789062
2011-09-22,87.13033294677734,76.60908508300781,169.0500030517578
2011-09-23,87.6552963256836,75.97551727294922,159.8000030517578
2011-09-26,89.73979949951172,75.65880584716797,157.5800018310547
2011-09-27,90.74341583251952,75.15478515625,160.6300048828125
2011-09-28,88.89054107666016,75.16920471191406,156.22000122070312
2011-09-29,89.59309387207031,75.16920471191406,157.6999969482422
2011-09-30,87.35421752929688,75.64437866210938,158.05999755859375
2011-10-03,84.86832427978516,76.3448257446289,160.9600067138672
2011-10-04,86.72888946533203,75.95527648925781,157.63999938964844
2011-10-05,88.33473205566406,75.63782501220703,159.4600067138672
2011-10-06,89.93277740478516,75.11123657226562,160.49000549316406
2011-10-07,89.3305892944336,74.7216796875,159.17999267578125
2011-10-10,92.3183135986328,73.93534088134766,163.27000427246094
2011-10-11,92.41094207763672,74.18062591552734,162.10000610351562
2011-10-12,93.22157287597656,73.9281997680664,163.25999450683594
2011-10-13,93.03628540039062,74.22393798828125,162.3000030517578
2011-10-14,94.62665557861328,73.85606384277344,163.39999389648438
2011-10-17,92.82013702392578,74.3393325805664,162.6199951171875
2011-10-18,94.6343994140625,74.25997924804688,161.83999633789062
2011-10-19,93.51496124267578,74.37542724609375,159.8699951171875
2011-10-20,93.92411041259766,74.22393798828125,157.77000427246094
2011-10-21,95.7074737548828,74.08685302734375,159.52000427246094
2011-10-24,96.88096618652344,74.05083465576172,161.02000427246094
2011-10-25,94.99720001220705,74.68565368652344,165.58999633789062
2011-10-26,95.96224975585938,74.13741302490234,167.39999389648438
2011-10-27,99.3051300048828,73.24286651611328,169.5500030517578
2011-10-28,99.28195190429688,73.68292236328125,169.6199951171875
2011-10-31,96.88867950439452,74.6711654663086,167.33999633789062
2011-11-01,94.18663024902344,75.56678009033203,167.3800048828125
2011-11-02,95.72293853759766,75.38607788085938,169.05999755859375
2011-11-03,97.4677276611328,75.03190612792969,171.72000122070312
2011-11-04,96.87322998046876,75.2559814453125,170.85000610351562
2011-11-07,97.47542572021484,75.34276580810547,174.97999572753906
2011-11-08,98.7261199951172,75.00300598144531,173.52999877929688
2011-11-09,95.08218383789062,75.66796112060547,172.07000732421875
2011-11-10,95.97770690917967,75.29930877685547,171.13999938964844
2011-11-11,97.7842254638672,74.95242309570312,173.9600067138672
2011-11-14,96.8577880859375,75.42224884033203,173.1999969482422
2011-11-15,97.3364715576172,75.32100677490234,173.36000061035156
2011-11-16,95.79244995117188,75.59574127197266,171.50999450683594
2011-11-17,94.27154541015624,75.74751281738281,167.10000610351562
2011-11-18,94.17118072509766,75.465576171875,167.6199951171875
2011-11-21,92.38008880615234,75.67523193359375,163.5
2011-11-22,92.01722717285156,75.90650939941406,165.30999755859375
2011-11-23,89.98682403564453,76.16678619384766,164.8300018310547
2011-11-25,89.81694793701172,75.68250274658203,163.39999389648438
2011-11-28,92.41870880126952,75.689697265625,166.6300048828125
2011-11-29,92.68118286132812,75.54508972167969,166.8800048828125
2011-11-30,96.49496459960938,75.10420227050781,170.1300048828125
2011-12-01,96.47952270507812,75.08242797851562,169.6300048828125
2011-12-02,96.39462280273438,75.41563415527344,169.82000732421875
2011-12-05,97.4445571899414,75.37215423583984,167.32000732421875
2011-12-06,97.47542572021484,75.17660522460938,168.17999267578125
2011-12-07,97.83827209472656,75.5169906616211,169.39999389648438
2011-12-08,95.69204711914062,75.9008560180664,165.97999572753906
2011-12-09,97.31330871582033,75.37940216064453,166.39999389648438
2011-12-12,95.89274597167967,75.64015197753906,161.99000549316406
2011-12-13,94.99720001220705,75.98774719238281,158.4499969482422
2011-12-14,93.98589324951172,76.30644226074219,152.88999938964844
2011-12-15,94.32559967041016,76.24124145507812,152.3300018310547
2011-12-16,94.46541595458984,76.6106185913086,155.22999572753906
2011-12-19,93.45545196533205,76.87135314941406,154.8699951171875
2011-12-20,96.28340911865234,76.17604064941406,156.97999572753906
2011-12-21,96.4698715209961,75.92984008789062,157.16000366210938
2011-12-22,97.3244857788086,76.02397155761719,156.0399932861328
2011-12-23,98.19466400146484,75.71253967285156,156.30999755859375
2011-12-27,98.27233123779295,75.75535583496094,154.91000366210938
2011-12-28,96.9826431274414,76.23421478271484,151.02999877929688
2011-12-29,97.9848861694336,76.32853698730469,150.33999633789062
2011-12-30,97.5031509399414,76.5970230102539,151.99000549316406
2012-01-03,99.05701446533205,76.11085510253906,155.9199981689453
2012-01-04,99.21240234375,75.87142181396484,156.7100067138672
2012-01-05,99.47655487060548,75.8860092163086,157.77999877929688
2012-01-06,99.22017669677734,76.18339538574219,157.1999969482422
2012-01-09,99.46100616455078,76.19792938232422,156.5
2012-01-10,100.32339477539062,76.04556274414062,158.63999938964844
2012-01-11,100.37779998779295,76.48816680908203,159.6699981689453
2012-01-12,100.6186065673828,76.32853698730469,160.3800048828125
2012-01-13,100.09807586669922,76.6695327758789,159.25999450683594
2012-01-17,100.4865493774414,76.74209594726562,160.5
2012-01-18,101.5975112915039,76.50272369384766,161.60000610351562
2012-01-19,102.13359832763672,76.04556274414062,161.22000122070312
2012-01-20,102.5143051147461,75.78437042236328,162.07000732421875
2012-01-23,102.25013732910156,75.61749267578125,163.16000366210938
2012-01-24,102.13359832763672,75.7045669555664,162.00999450683594
2012-01-25,102.98820495605467,76.06734466552734,166.4199981689453
2012-01-26,102.45992279052734,76.47364807128906,167.27000427246094
2012-01-27,102.4132843017578,76.70584106445312,168.97000122070312
2012-01-30,102.06366729736328,76.96704864501953,168.02999877929688
2012-01-31,102.02484893798828,77.25727081298828,169.30999755859375
2012-02-01,102.91828918457033,76.98909759521484,169.55999755859375
2012-02-02,103.0814208984375,77.09806060791016,171.0500030517578
2012-02-03,104.5265121459961,76.48754119873047,167.63999938964844
2012-02-06,104.45659637451172,76.69825744628906,167.17999267578125
2012-02-07,104.72074127197266,76.20406341552734,169.6999969482422
2012-02-08,105.031494140625,76.2403793334961,168.5
2012-02-09,105.1635971069336,76.06595611572266,168.02000427246094
2012-02-10,104.38668823242188,76.49482727050781,167.13999938964844
2012-02-13,105.1635971069336,76.44389343261719,167.50999450683594
2012-02-14,105.031494140625,76.60375213623047,167.1199951171875
2012-02-15,104.54204559326172,76.66193389892578,168.11000061035156
2012-02-16,105.69965362548828,76.31307220458984,168.0
2012-02-17,105.97931671142578,76.23313903808594,167.35000610351562
2012-02-21,106.02595520019533,75.95692443847656,171.02000427246094
2012-02-22,105.6841278076172,76.25492095947266,172.94000244140625
2012-02-23,106.15026092529295,76.36400604248047,173.02000427246094
2012-02-24,106.38331604003906,76.42208862304688,172.22999572753906
2012-02-27,106.56206512451172,76.6764907836914,171.6999969482422
2012-02-28,106.87281036376952,76.71283721923828,173.49000549316406
2012-02-29,106.4532699584961,76.40755462646484,164.2899932861328
2012-03-01,107.00489807128906,76.16002655029297,166.61000061035156
2012-03-02,106.67855834960938,76.46578979492188,166.33999633789062
2012-03-05,106.24348449707033,76.31291198730469,165.64999389648438
2012-03-06,104.68965911865234,76.6332778930664,162.6999969482422
2012-03-07,105.41999053955078,76.48766326904297,163.6300048828125
2012-03-08,106.4687728881836,76.261962890625,165.27999877929688
2012-03-09,106.88057708740234,76.2037353515625,166.3800048828125
2012-03-12,106.88833618164062,76.181884765625,165.07000732421875
2012-03-13,108.81510162353516,75.63587951660156,162.3000030517578
2012-03-14,108.69854736328124,74.76944732666016,159.57000732421875
2012-03-15,109.32785034179688,74.74762725830078,161.0800018310547
2012-03-16,109.4792251586914,74.72576141357422,161.3000030517578
2012-03-19,109.90843200683594,74.26715087890625,161.58999633789062
2012-03-20,109.58848571777344,74.30352783203125,160.1300048828125
2012-03-21,109.40900421142578,74.6821517944336,160.2100067138672
2012-03-22,108.62088012695312,74.77676391601562,159.57000732421875
2012-03-23,108.9720230102539,75.05340576171875,161.52999877929688
2012-03-26,110.50147247314452,74.96601104736328,164.39999389648438
2012-03-27,110.15813446044922,75.38105010986328,163.24000549316406
2012-03-28,109.61190032958984,75.24998474121094,161.50999450683594
2012-03-29,109.42462921142578,75.56305694580078,161.27999877929688
2012-03-30,109.87721252441406,75.19175720214844,162.1199951171875
2012-04-02,110.6809310913086,75.37181091308594,162.94000244140625
2012-04-03,110.22835540771484,74.81758880615234,159.88999938964844
2012-04-04,109.13591766357422,75.19688415527344,157.2100067138672
2012-04-05,109.08130645751952,75.53234100341797,158.30999755859375
2012-04-09,107.85620880126952,76.30535888671875,159.3699951171875
2012-04-10,106.04582214355467,76.66268157958984,161.10000610351562
2012-04-11,106.9041748046875,76.36370849609375,161.07000732421875
2012-04-12,108.30091857910156,76.21060180664062,162.6999969482422
2012-04-13,107.013427734375,76.66996765136719,160.85000610351562
2012-04-16,106.94319915771484,76.64814758300781,160.4600067138672
2012-04-17,108.52727508544922,76.56790924072266,160.25
2012-04-18,108.16050720214844,76.72105407714844,159.30999755859375
2012-04-19,107.4660186767578,76.80857849121094,159.42999267578125
2012-04-20,107.64547729492188,76.81587219238281,159.5399932861328
2012-04-23,106.74030303955078,76.96907043457031,159.07000732421875
2012-04-24,107.14608764648438,76.7721176147461,159.3000030517578
2012-04-25,108.61311340332033,76.67726135253906,159.6199951171875
2012-04-26,109.36997985839844,76.93257904052734,161.02999877929688
2012-04-27,109.5494613647461,77.01280212402344,161.3800048828125
2012-04-30,109.14368438720705,77.07841491699219,161.8800048828125
2012-05-01,109.82260131835938,76.93817138671875,161.32000732421875
2012-05-02,109.49485778808594,77.08424377441406,160.58999633789062
2012-05-03,108.6598892211914,77.0769271850586,158.97000122070312
2012-05-04,106.9041748046875,77.3836898803711,159.47000122070312
2012-05-07,106.98220825195312,77.36187744140625,159.0800018310547
2012-05-08,106.55300903320312,77.53713989257812,156.0
2012-05-09,105.92095947265624,77.6029052734375,154.47000122070312
2012-05-10,106.13949584960938,77.49330139160156,154.77000427246094
2012-05-11,105.81954193115234,77.74890899658203,153.55999755859375
2012-05-14,104.64904022216795,78.09228515625,151.3300018310547
2012-05-15,104.04821014404295,78.11418914794922,149.74000549316406
2012-05-16,103.65023803710938,78.172607421875,149.4600067138672
2012-05-17,102.11300659179688,78.46475982666016,152.8000030517578
2012-05-18,101.23904418945312,78.41363525390625,154.5500030517578
2012-05-21,102.97915649414062,78.20914459228516,154.64999389648438
2012-05-22,103.15863037109376,78.04114532470703,152.0800018310547
2012-05-23,103.21324157714844,78.24568939208984,151.6199951171875
2012-05-24,103.41613006591795,78.0776596069336,151.41000366210938
2012-05-25,103.08058166503906,78.30409240722656,152.67999267578125
2012-05-29,104.3291244506836,78.23837280273438,151.02000427246094
2012-05-30,102.81526184082033,78.98340606689453,151.91000366210938
2012-05-31,102.5890121459961,79.2903060913086,151.6199951171875
2012-06-01,100.0061264038086,79.97134399414062,157.5
2012-06-04,99.95928955078124,79.51041412353516,157.32000732421875
2012-06-05,100.7162094116211,79.24702453613281,157.13999938964844
2012-06-06,102.97915649414062,78.72757720947266,157.2100067138672
2012-06-07,103.0416030883789,78.91780090332031,154.5
2012-06-08,103.86091613769533,78.97632598876953,154.72999572753906
2012-06-11,102.54216766357422,79.18848419189453,155.36000061035156
2012-06-12,103.720458984375,78.7641830444336,156.4600067138672
2012-06-13,103.05716705322266,79.18123626708984,157.1199951171875
2012-06-14,104.14964294433594,78.96904754638672,157.75
2012-06-15,105.21481323242188,79.33482360839844,157.83999633789062
2012-06-18,105.41873168945312,79.31283569335938,157.92999267578125
2012-06-19,106.4383773803711,79.04217529296875,157.16000366210938
2012-06-20,106.265869140625,78.8812255859375,155.97000122070312
2012-06-21,103.88140106201172,79.04949188232422,152.02000427246094
2012-06-22,104.68148040771484,78.70569610595703,152.63999938964844
2012-06-25,103.00291442871094,79.13724517822266,153.75999450683594
2012-06-26,103.52058410644533,78.96172332763672,152.6199951171875
2012-06-27,104.45398712158205,79.07148742675781,152.8300018310547
2012-06-28,104.15592193603516,79.32748413085938,151.0500030517578
2012-06-29,106.7521743774414,78.96172332763672,155.19000244140625
2012-07-02,107.07369995117188,79.3280029296875,155.08999633789062
2012-07-03,107.77971649169922,79.13025665283203,157.4600067138672
2012-07-05,107.29338073730467,79.34266662597656,155.67999267578125
2012-07-06,106.2737045288086,79.62107849121094,153.7100067138672
2012-07-09,106.14036560058594,79.84095764160156,154.0399932861328
2012-07-10,105.21481323242188,79.87753295898438,152.14999389648438
2012-07-11,105.23050689697266,79.80429077148438,152.99000549316406
2012-07-12,104.72066497802734,79.98748016357422,152.58999633789062
2012-07-13,106.47764587402344,79.92152404785156,154.13999938964844
2012-07-16,106.22663116455078,80.0973892211914,154.2100067138672
2012-07-17,106.95613098144533,79.8921890258789,153.47000122070312
2012-07-18,107.74834442138672,79.97282409667969,153.0500030517578
2012-07-19,108.03068542480467,79.85557556152344,153.3800048828125
2012-07-20,107.04238891601562,80.170654296875,153.6699981689453
2012-07-23,105.95995330810548,80.3025131225586,153.02999877929688
2012-07-24,105.05008697509766,80.45641326904297,153.52000427246094
2012-07-25,105.07362365722656,80.50040435791016,155.6699981689453
2012-07-26,106.80709075927734,80.25123596191406,156.77000427246094
2012-07-27,108.77587127685548,79.67247009277344,157.5399932861328
2012-07-30,108.77587127685548,79.92890167236328,157.42999267578125
2012-07-31,108.01500701904295,80.06806182861328,156.49000549316406
2012-08-01,107.92089080810548,79.77599334716797,155.13999938964844
2012-08-02,107.17571258544922,79.96678924560547,154.1300048828125
2012-08-03,109.30138397216795,79.54855346679688,155.5500030517578
2012-08-06,109.51312255859376,79.59994506835938,156.3000030517578
2012-08-07,110.06218719482422,79.18168640136719,156.27999877929688
2012-08-08,110.195556640625,79.0716323852539,156.47999572753906
2012-08-09,110.28963470458984,79.012939453125,156.99000549316406
2012-08-10,110.47007751464844,79.24037170410156,157.17999267578125
2012-08-13,110.41515350341795,79.18902587890625,155.99000549316406
2012-08-14,110.43083953857422,78.80007934570312,155.1300048828125
2012-08-15,110.55635833740234,78.40386199951172,155.6300048828125
2012-08-16,111.37207794189452,78.2131118774414,156.55999755859375
2012-08-17,111.5210952758789,78.30845642089844,156.72000122070312
2012-08-20,111.52899169921876,78.35250854492188,157.25999450683594
2012-08-21,111.191650390625,78.4185562133789,158.8300018310547
2012-08-22,111.23870849609376,79.02761840820312,160.5399932861328
2012-08-23,110.32891845703124,79.1669921875,161.88999938964844
2012-08-24,110.99556732177734,79.13033294677734,161.97000122070312
2012-08-27,111.01911926269533,79.33572387695312,161.36000061035156
2012-08-28,110.90930938720705,79.3651123046875,161.63999938964844
2012-08-29,110.99556732177734,79.313720703125,160.58999633789062
2012-08-30,110.195556640625,79.46048736572266,160.52000427246094
2012-08-31,110.72105407714844,79.97411346435547,164.22000122070312
2012-09-04,110.61911010742188,79.79119873046875,164.47999572753906
2012-09-05,110.52495574951172,79.76182556152344,164.30999755859375
2012-09-06,112.76824188232422,79.2181167602539,164.88999938964844
2012-09-07,113.20748901367188,79.32090759277344,168.44000244140625
2012-09-10,112.56431579589844,79.35767364501953,167.2899932861328
2012-09-11,112.87808227539062,79.210693359375,167.89999389648438
2012-09-12,113.25458526611328,78.82125854492188,167.9199981689453
2012-09-13,114.9801788330078,79.04904174804688,171.30999755859375
2012-09-14,115.489990234375,78.30692291259766,171.8000030517578
2012-09-17,115.09784698486328,78.46858215332031,170.39999389648438
2012-09-18,115.00367736816406,78.66690826416016,171.72000122070312
2012-09-19,115.06644439697266,78.85062408447266,171.74000549316406
2012-09-20,115.0743179321289,78.89472198486328,171.47000122070312
2012-09-21,115.02619171142578,79.063720703125,171.9600067138672
2012-09-24,114.85270690917967,79.24009704589844,171.0500030517578
2012-09-25,113.63045501708984,79.53402709960938,170.77000427246094
2012-09-26,112.99173736572266,79.86463928222656,169.80999755859375
2012-09-27,114.05622863769533,79.69566345214844,172.33999633789062
2012-09-28,113.52793884277344,79.69566345214844,171.88999938964844
2012-10-01,113.82763671875,79.8435287475586,172.2899932861328
2012-10-02,113.94586944580078,79.7920150756836,172.10000610351562
2012-10-03,114.4111099243164,79.87297058105469,172.41000366210938
2012-10-04,115.231201171875,79.55656433105469,173.61000061035156
2012-10-05,115.23912048339844,79.19609069824219,172.6199951171875
2012-10-08,114.8448486328125,79.45360565185547,172.0500030517578
2012-10-09,113.70930480957033,79.29175567626953,170.99000549316406
2012-10-10,112.98382568359376,79.48300170898438,170.83999633789062
2012-10-11,113.04691314697266,79.55656433105469,171.32000732421875
2012-10-12,112.67628479003906,79.56393432617188,170.05999755859375
2012-10-15,113.61465454101562,79.5860595703125,168.35000610351562
2012-10-16,114.7659912109375,79.21078491210938,169.4199981689453
2012-10-17,115.28639221191406,78.71052551269531,169.5399932861328
2012-10-18,114.9867706298828,78.57073211669922,168.7899932861328
2012-10-19,113.07054901123048,78.90180206298828,166.97000122070312
2012-10-22,113.08634948730467,78.63691711425781,167.5800018310547
2012-10-23,111.51712036132812,79.01216125488281,165.42999267578125
2012-10-24,111.20173645019533,78.84294128417969,164.86000061035156
2012-10-25,111.5250244140625,78.55599975585938,166.02000427246094
2012-10-26,111.4619140625,79.05630493164062,165.92999267578125
2012-10-31,111.4619140625,79.38002014160156,166.8300018310547
2012-11-01,112.62896728515624,79.22161865234375,166.07000732421875
2012-11-02,111.62747955322266,79.2879409790039,162.60000610351562
2012-11-05,111.8562240600586,79.47943115234375,163.22999572753906
2012-11-06,112.73152160644533,79.11847686767578,166.3000030517578
2012-11-07,110.17658996582033,79.78155517578125,166.49000549316406
2012-11-08,108.85179901123048,80.13522338867188,167.99000549316406
2012-11-09,108.94644927978516,80.14253234863281,167.82000732421875
2012-11-12,109.03317260742188,80.19416046142578,167.4499969482422
2012-11-13,108.65464782714844,80.28990936279297,167.10000610351562
2012-11-14,107.18798828125,80.3120346069336,167.13999938964844
2012-11-15,107.006591796875,80.2751693725586,166.08999633789062
2012-11-16,107.53494262695312,80.32670593261719,165.8800048828125
2012-11-19,109.7113265991211,80.1646957397461,167.8699951171875
2012-11-20,109.75865173339844,79.83309936523438,167.38999938964844
2012-11-21,109.96368408203124,79.71521759033203,167.55999755859375
2012-11-23,111.4619140625,79.67103576660156,169.61000061035156
2012-11-26,111.22539520263672,79.80365753173828,169.42999267578125
2012-11-27,110.6575927734375,79.98786926269531,168.7100067138672
2012-11-28,111.54869842529295,80.09097290039062,166.5500030517578
2012-11-29,112.06909942626952,80.17204284667969,167.17999267578125
2012-11-30,112.0927734375,80.15725708007812,166.0500030517578
2012-12-03,111.54080200195312,80.1255874633789,166.1300048828125
2012-12-04,111.38309478759766,80.26573944091797,164.4199981689453
2012-12-05,111.58020782470705,80.3321304321289,164.1199951171875
2012-12-06,111.95873260498048,80.37635803222656,164.5
2012-12-07,112.29779052734376,80.1476821899414,165.16000366210938
2012-12-10,112.34508514404295,80.22146606445312,165.8000030517578
2012-12-11,113.11001586914062,80.0665512084961,165.64999389648438
2012-12-12,113.16521453857422,79.72722625732422,165.77000427246094
2012-12-13,112.47132873535156,79.57231140136719,164.3699951171875
2012-12-14,112.0533218383789,79.74942016601562,164.1300048828125
2012-12-17,113.3702621459961,79.32891082763672,164.44000244140625
2012-12-18,114.63187408447266,79.01904296875,162.0800018310547
2012-12-19,113.7802734375,79.12969970703125,161.69000244140625
2012-12-20,114.43476104736328,79.18135070800781,159.72999572753906
2012-12-21,113.39602661132812,79.39525604248047,160.3300018310547
2012-12-24,113.04664611816406,79.3141098022461,160.6199951171875
2012-12-26,112.57012176513672,79.47742462158203,160.77999877929688
2012-12-27,112.41918182373048,79.639892578125,161.16000366210938
2012-12-28,111.2042007446289,79.8245620727539,160.5399932861328
2012-12-31,113.09424591064452,79.40352630615234,162.02000427246094
2013-01-02,115.99283599853516,79.04151916503906,163.1699981689453
2013-01-03,115.73080444335938,78.63526916503906,161.1999969482422
2013-01-04,116.23905181884766,78.67220306396484,160.44000244140625
2013-01-07,115.9214324951172,78.7165298461914,159.42999267578125
2013-01-08,115.58786010742188,78.90860748291016,160.55999755859375
2013-01-09,115.8817138671875,78.95291137695312,160.49000549316406
2013-01-10,116.80289459228516,78.72391510009766,161.97999572753906
2013-01-11,116.79500579833984,78.97505950927734,161.05999755859375
2013-01-14,116.71554565429688,78.94551086425781,161.5399932861328
2013-01-15,116.79500579833984,79.13760375976562,162.55999755859375
2013-01-16,116.77906799316406,79.24101257324219,162.64999389648438
2013-01-17,117.53353118896484,78.87903594970703,163.35000610351562
2013-01-18,117.79558563232422,79.1007080078125,163.08999633789062
2013-01-22,118.43093872070312,79.16712188720703,163.6699981689453
2013-01-23,118.62149810791016,79.20407104492188,163.2100067138672
2013-01-24,118.65330505371094,79.07110595703125,161.4199981689453
2013-01-25,119.32035064697266,78.54656982421875,160.64999389648438
2013-01-28,119.17739868164062,78.38408660888672,160.2899932861328
2013-01-29,119.6459732055664,78.26592254638672,160.99000549316406
2013-01-30,119.17739868164062,78.31024932861328,162.19000244140625
2013-01-31,118.8835906982422,78.37667846679688,161.1999969482422
2013-02-01,120.10655212402344,78.11044311523438,161.4499969482422
2013-02-04,118.75647735595705,78.56161499023438,162.0
2013-02-05,119.95569610595705,78.28056335449219,161.9600067138672
2013-02-06,120.04305267333984,78.51725769042969,162.38999938964844
2013-02-07,119.8842315673828,78.55426788330078,161.83999633789062
2013-02-08,120.55123138427734,78.61343383789062,161.57000732421875
2013-02-11,120.5274658203125,78.53203582763672,159.6999969482422
2013-02-12,120.72599792480467,78.45065307617188,159.88999938964844
2013-02-13,120.8292465209961,78.1769790649414,159.0500030517578
2013-02-14,120.94044494628906,78.50981903076172,158.35000610351562
2013-02-15,120.7974853515625,78.4359359741211,155.75999450683594
2013-02-19,121.70282745361328,78.3101806640625,155.3300018310547
2013-02-20,120.18597412109376,78.4802474975586,151.44000244140625
2013-02-21,119.45537567138672,78.63560485839844,152.6199951171875
2013-02-22,120.6227798461914,78.73176574707031,152.97000122070312
2013-02-25,118.32767486572266,79.33829498291016,154.33999633789062
2013-02-26,119.1377182006836,79.1903076171875,156.22000122070312
2013-02-27,120.63864135742188,79.15338897705078,154.57000732421875
2013-02-28,120.400390625,79.26436614990234,153.0
2013-03-01,120.7974853515625,79.4620590209961,152.44000244140625
2013-03-04,121.44074249267578,79.27694702148438,152.3000030517578
2013-03-05,122.52867126464844,79.19544982910156,152.3800048828125
2013-03-06,122.69541931152344,78.94367980957031,153.22999572753906
2013-03-07,122.91776275634766,78.64005279541016,152.69000244140625
2013-03-08,123.44190979003906,78.2401123046875,152.7100067138672
2013-03-11,123.91051483154295,78.27716827392578,152.99000549316406
2013-03-12,123.63257598876952,78.4919204711914,154.19000244140625
2013-03-13,123.80724334716795,78.4253158569336,153.66000366210938
2013-03-14,124.46642303466795,78.4474868774414,153.67999267578125
2013-03-15,124.30211639404295,78.7215576171875,154.0
2013-03-18,123.6161117553711,78.98072814941406,155.3800048828125
2013-03-19,123.32892608642578,79.22510528564453,156.0800018310547
2013-03-20,124.19042205810548,78.92147827148438,155.3699951171875
2013-03-21,123.12955474853516,79.1288070678711,156.25
2013-03-22,124.11862182617188,79.15846252441406,155.5500030517578
2013-03-25,123.60015106201172,79.21768188476562,155.24000549316406
2013-03-26,124.58926391601562,79.29915618896484,154.72000122070312
2013-03-27,124.58926391601562,79.63980865478516,155.36000061035156
2013-03-28,124.9721908569336,79.49170684814453,154.4499969482422
2013-04-01,124.47760772705078,79.70303344726562,154.6699981689453
2013-04-02,125.091796875,79.54730224609375,152.42999267578125
2013-04-03,123.8235092163086,79.88097381591797,150.72999572753906
2013-04-04,124.3260498046875,80.1998519897461,150.2899932861328
2013-04-05,123.7676773071289,80.4520034790039,152.80999755859375
2013-04-08,124.60526275634766,80.19245147705078,152.16000366210938
2013-04-09,125.03599548339844,80.22211456298828,153.33999633789062
2013-04-10,126.56752014160156,79.88844299316406,150.75
2013-04-11,126.98231506347656,79.97738647460938,151.0500030517578
2013-04-12,126.67115020751952,80.4223403930664,143.9499969482422
2013-04-15,123.73576354980467,80.60026550292969,131.30999755859375
2013-04-16,125.56248474121094,80.3704605102539,132.8000030517578
2013-04-17,123.72779846191406,80.51872253417969,132.8699951171875
2013-04-18,122.95401000976562,80.56322479248047,134.3000030517578
2013-04-19,124.02288818359376,80.51872253417969,135.47000122070312
2013-04-22,124.5733413696289,80.56322479248047,137.89999389648438
2013-04-23,125.85757446289062,80.51134490966797,136.8800048828125
2013-04-24,125.9373550415039,80.54837036132812,138.3699951171875
2013-04-25,126.4478530883789,80.45938110351562,141.6300048828125
2013-04-26,126.2245101928711,80.74860382080078,140.91000366210938
2013-04-29,127.0700225830078,80.71895599365234,142.3000030517578
2013-04-30,127.37312316894533,80.7040786743164,142.77000427246094
2013-05-01,126.25640869140624,80.96772003173828,141.11000061035156
2013-05-02,127.42899322509766,80.96772003173828,141.9199981689453
2013-05-03,128.72125244140625,80.2772216796875,142.08999633789062
2013-05-06,129.0482940673828,80.17328643798828,142.14999389648438
2013-05-07,129.70242309570312,80.0618896484375,140.3800048828125
2013-05-08,130.2926025390625,80.15843963623047,142.4600067138672
2013-05-09,129.92575073242188,80.1435546875,140.80999755859375
2013-05-10,130.34848022460938,79.69062042236328,139.60000610351562
2013-05-13,130.45220947265625,79.54961395263672,138.42999267578125
2013-05-14,131.80027770996094,79.23031616210938,137.80999755859375
2013-05-15,132.5102081298828,79.43816375732422,134.6300048828125
2013-05-16,131.88800048828125,79.81685638427734,134.08999633789062
2013-05-17,133.1643524169922,79.38616943359375,131.07000732421875
2013-05-20,133.15635681152344,79.32681274414062,135.1199951171875
2013-05-21,133.3477020263672,79.53472900390625,132.8800048828125
2013-05-22,132.35862731933594,78.9035873413086,131.94000244140625
2013-05-23,131.97576904296875,78.98527526855469,134.61000061035156
2013-05-24,131.86404418945312,79.01496124267578,133.75999450683594
2013-05-28,132.65377807617188,78.08688354492188,133.49000549316406
2013-05-29,131.7922821044922,78.4061508178711,134.8300018310547
2013-05-30,132.2788848876953,78.41353607177734,136.6999969482422
2013-05-31,130.38040161132812,78.19823455810547,133.9199981689453
2013-06-03,131.09829711914062,78.311279296875,136.50999450683594
2013-06-04,130.4681396484375,78.11050415039062,135.22999572753906
2013-06-05,128.6414794921875,78.48970794677734,135.52000427246094
2013-06-06,129.80604553222656,78.58634185791016,136.52999877929688
2013-06-07,131.4572296142578,77.97667694091797,133.27999877929688
2013-06-10,131.4572296142578,77.78335571289062,133.94000244140625
2013-06-11,130.10125732421875,77.97667694091797,133.25
2013-06-12,129.02430725097656,77.6272964477539,134.25
2013-06-13,130.98663330078125,78.2146224975586,133.74000549316406
2013-06-14,130.1650390625,78.31871795654297,134.42999267578125
2013-06-17,131.17010498046875,78.1328125,133.77000427246094
2013-06-18,132.2071075439453,78.08820343017578,132.1300048828125
2013-06-19,130.38040161132812,77.01760864257812,130.58999633789062
2013-06-20,127.14978790283205,76.66820526123047,123.5999984741211
2013-06-21,127.55794525146484,75.85775756835938,125.0500030517578
2013-06-24,125.94612121582033,75.67185974121094,123.93000030517578
2013-06-25,127.15704345703124,75.58269500732422,123.47000122070312
2013-06-26,128.41600036621094,75.88750457763672,118.27999877929688
2013-06-27,129.1697540283203,76.29643249511719,115.94000244140624
2013-06-28,128.64056396484375,76.20720672607422,119.11000061035156
2013-07-01,129.39430236816406,76.23625183105469,121.12999725341795
2013-07-02,129.2740478515625,76.26607513427734,120.0500030517578
2013-07-03,129.33016967773438,76.11714172363281,120.73999786376952
2013-07-05,130.72547912597656,74.83658599853516,118.08999633789062
2013-07-08,131.4712371826172,75.27584838867188,119.51000213623048
2013-07-09,132.41748046875,75.40238952636719,120.62000274658205
2013-07-10,132.4656219482422,75.13434600830078,120.9499969482422
2013-07-11,134.26991271972656,75.88633728027344,124.23999786376952
2013-07-12,134.32598876953125,75.82676696777344,124.12999725341795
2013-07-15,134.8392333984375,76.06497192382812,124.18000030517578
2013-07-16,134.33404541015625,76.10221099853516,124.88999938964844
2013-07-17,134.67884826660156,76.4372329711914,123.31999969482422
2013-07-18,135.4165802001953,76.07986450195312,124.01000213623048
2013-07-19,135.6571502685547,76.49681854248047,125.11000061035156
2013-07-22,135.9217987060547,76.48938751220703,128.83999633789062
2013-07-23,135.63311767578125,76.40003204345703,129.7100067138672
2013-07-24,135.13592529296875,75.88633728027344,127.4800033569336
2013-07-25,135.46473693847656,75.9979476928711,128.6699981689453
2013-07-26,135.6090545654297,76.06497192382812,128.77999877929688
2013-07-29,135.1920166015625,75.90867614746094,128.47000122070312
2013-07-30,135.1920166015625,75.88633728027344,128.1199951171875
2013-07-31,135.28826904296875,75.93842315673828,127.95999908447266
2013-08-01,136.8519744873047,75.26819610595703,126.61000061035156
2013-08-02,137.08453369140625,75.90933990478516,126.36000061035156
2013-08-05,136.88400268554688,75.6707992553711,125.6999969482422
2013-08-06,136.10623168945312,75.69315338134766,123.97000122070312
2013-08-07,135.6651611328125,75.96894836425781,124.1500015258789
2013-08-08,136.16238403320312,76.08084869384766,126.86000061035156
2013-08-09,135.76943969726562,76.133056640625,126.86000061035156
2013-08-12,135.6090545654297,75.98394012451172,129.1300048828125
2013-08-13,136.010009765625,75.2980728149414,127.73999786376952
2013-08-14,135.3123321533203,75.36515045166016,129.0
2013-08-15,133.41986083984375,74.94762420654297,131.69000244140625
2013-08-16,132.97879028320312,74.65691375732422,132.5800018310547
2013-08-19,132.12879943847656,74.3362808227539,132.00999450683594
2013-08-20,132.77835083007812,74.73887634277344,132.4499969482422
2013-08-21,131.9603271484375,74.2691879272461,132.07000732421875
2013-08-22,133.16326904296875,74.23937225341797,132.80999755859375
2013-08-23,133.6122589111328,74.65691375732422,134.89999389648438
2013-08-26,133.1151123046875,74.80598449707031,135.4499969482422
2013-08-27,130.9740447998047,75.2309799194336,136.75
2013-08-28,131.43917846679688,74.92525482177734,136.7100067138672
2013-08-29,131.6476593017578,74.99984741210938,135.8699951171875
2013-08-30,131.23065185546875,74.85816955566406,134.6199951171875
2013-09-03,131.82408142089844,74.4333267211914,136.4199981689453
2013-09-04,132.91468811035156,74.18693542480469,134.66000366210938
2013-09-05,133.0830535888672,73.61946105957031,132.1999969482422
2013-09-06,133.14723205566406,74.06745910644531,134.14999389648438
2013-09-09,134.42221069335938,74.21678924560547,133.91000366210938
2013-09-10,135.4165802001953,73.87335205078125,131.74000549316406
2013-09-11,135.841552734375,74.24665832519531,131.6999969482422
2013-09-12,135.480712890625,74.254150390625,127.66999816894533
2013-09-13,135.7854461669922,74.3512191772461,127.81999969482422
2013-09-16,136.57131958007812,74.51551055908203,126.4499969482422
2013-09-17,137.1807403564453,74.66477966308594,126.5
2013-09-18,138.76849365234375,75.59065246582031,132.00999450683594
2013-09-19,138.53590393066406,75.32926940917969,131.75
2013-09-20,137.56739807128906,75.40398406982422,127.95999908447266
2013-09-23,136.93077087402344,75.68769836425781,127.5500030517578
2013-09-24,136.60848999023438,75.96391296386719,127.66000366210938
2013-09-25,136.2136688232422,76.17301940917969,128.7899932861328
2013-09-26,136.7374267578125,76.00875854492188,127.79000091552734
2013-09-27,136.10891723632812,76.1133041381836,128.97000122070312
2013-09-30,135.38369750976562,76.24021911621094,128.17999267578125
2013-10-01,136.45535278320312,76.07046508789062,124.58999633789062
2013-10-02,136.32643127441406,76.19760131835938,127.05999755859376
2013-10-03,135.0694122314453,76.30229949951172,127.18000030517578
2013-10-04,136.09278869628906,76.09290313720703,126.52999877929688
2013-10-07,134.9162139892578,76.16018676757812,127.63999938964844
2013-10-08,133.344970703125,76.12283325195312,127.4000015258789
2013-10-09,133.4416961669922,75.98819732666016,126.11000061035156
2013-10-10,136.3184051513672,75.82373809814453,124.2699966430664
2013-10-11,137.1967315673828,75.93588256835938,122.5999984741211
2013-10-14,137.74464416503906,75.68164825439453,122.83000183105467
2013-10-15,136.74545288085938,75.69660949707031,123.7300033569336
2013-10-16,138.65525817871094,76.06302642822266,123.54000091552734
2013-10-17,139.58189392089844,76.49671173095703,127.41999816894533
2013-10-18,140.52471923828125,76.50415802001953,126.8499984741211
2013-10-21,140.5327911376953,76.45185852050781,126.9800033569336
2013-10-22,141.34664916992188,76.98280334472656,129.33999633789062
2013-10-23,140.6697235107422,77.11731719970703,128.69000244140625
2013-10-24,141.1371307373047,76.96033477783203,129.89999389648438
2013-10-25,141.7817840576172,77.09491729736328,130.4600067138672
2013-10-28,142.0073699951172,77.02015686035156,130.55999755859375
2013-10-29,142.76486206054688,77.12483215332031,129.77000427246094
2013-10-30,142.0557098388672,76.92291259765625,129.60000610351562
2013-10-31,141.65289306640625,76.83319091796875,127.73999786376952
2013-11-01,141.9913330078125,76.4070816040039,126.9499969482422
2013-11-04,142.49085998535156,76.5568618774414,126.80999755859376
2013-11-05,142.0396270751953,76.21231079101562,126.55999755859376
2013-11-06,142.76486206054688,76.44451904296875,127.1999969482422
2013-11-07,140.95982360839844,76.64669799804688,126.16000366210938
2013-11-08,142.861572265625,75.78541564941406,124.27999877929688
2013-11-11,142.88572692871094,75.74800109863281,123.87000274658205
2013-11-12,142.5956268310547,75.68060302734375,122.4499969482422
2013-11-13,143.73983764648438,75.99513244628906,122.8499984741211
2013-11-14,144.45704650878906,76.36209106445312,124.2699966430664
2013-11-15,145.0856170654297,76.30223083496094,124.31999969482422
2013-11-18,144.57789611816406,76.57183074951172,122.9000015258789
2013-11-19,144.263671875,76.2872314453125,122.9499969482422
2013-11-20,143.8123779296875,75.86784362792969,120.12000274658205
2013-11-21,144.97276306152344,75.93522644042969,119.94000244140624
2013-11-22,145.69796752929688,76.15240478515625,119.91999816894533
2013-11-25,145.55296325683594,76.21231079101562,120.45999908447266
2013-11-26,145.5931854248047,76.37714385986328,119.81999969482422
2013-11-27,145.9477996826172,76.20482635498047,119.45999908447266
2013-11-29,145.85108947753906,76.15987396240234,120.6999969482422
2013-12-02,145.47235107421875,75.83283233642578,117.58000183105467
2013-12-03,144.84384155273438,75.96784973144531,117.95999908447266
2013-12-04,144.82766723632812,75.62276458740234,119.95999908447266
2013-12-05,144.19110107421875,75.43524932861328,118.3000030517578
2013-12-06,145.80276489257812,75.5027847290039,118.5500030517578
2013-12-09,146.17333984375,75.59275817871094,119.72000122070312
2013-12-10,145.64962768554688,75.90782165527344,121.81999969482422
2013-12-11,144.0138397216797,75.61526489257812,120.86000061035156
2013-12-12,143.53836059570312,75.39774322509766,118.29000091552734
2013-12-13,143.52235412597656,75.51028442382812,119.37999725341795
2013-12-16,144.41673278808594,75.47274780273438,119.69000244140624
2013-12-17,143.95742797851562,75.71279907226562,118.6500015258789
2013-12-18,146.41514587402344,75.42778015136719,117.61000061035156
2013-12-19,146.24594116210938,75.1126708984375,114.81999969482422
2013-12-20,147.0966033935547,75.34522247314453,115.94000244140624
2013-12-23,147.88247680664062,75.10514831542969,115.56999969482422
2013-12-24,148.20654296875,74.8126449584961,116.0999984741211
2013-12-26,148.96005249023438,74.74800109863281,116.73999786376952
2013-12-27,148.9519500732422,74.7029037475586,117.12000274658205
2013-12-30,148.9276580810547,74.90581512451172,115.38999938964844
2013-12-31,149.6325225830078,74.56773376464844,116.12000274658205
2014-01-02,148.19845581054688,74.86068725585938,118.0
2014-01-03,148.17416381835938,74.81562042236328,119.29000091552734
2014-01-06,147.74478149414062,75.02603912353516,119.5
2014-01-07,148.65219116210938,75.14623260498047,118.81999969482422
2014-01-08,148.68460083007812,74.77804565429688,118.12000274658205
2014-01-09,148.78176879882812,74.97340393066406,118.45999908447266
2014-01-10,149.18685913085938,75.60460662841797,120.26000213623048
2014-01-13,147.20196533203125,75.8224868774414,121.0199966430664
2014-01-14,148.80613708496094,75.5369644165039,119.88999938964844
2014-01-15,149.6082000732422,75.46931457519531,119.66000366210938
2014-01-16,149.41375732421875,75.67974090576172,119.79000091552734
2014-01-17,148.78176879882812,75.8600845336914,120.93000030517578
2014-01-21,149.21926879882812,75.77741241455078,119.6999969482422
2014-01-22,149.31649780273438,75.5670394897461,119.19000244140624
2014-01-23,148.09312438964844,76.07796478271484,121.79000091552734
2014-01-24,144.9334259033203,76.38603973388672,122.29000091552734
2014-01-27,144.22052001953125,76.15310668945312,120.95999908447266
2014-01-28,145.079345703125,76.26579284667969,120.9499969482422
2014-01-29,143.68580627441406,76.62649536132812,122.47000122070312
2014-01-30,145.20892333984375,76.55133819580078,119.7699966430664
2014-01-31,144.35821533203125,76.85184478759766,120.08999633789062
2014-02-03,141.10935974121094,77.2696533203125,121.31999969482422
2014-02-04,142.0977783203125,77.03627014160156,120.98999786376952
2014-02-05,141.91961669921875,76.75779724121094,121.29000091552734
2014-02-06,143.791015625,76.61481475830078,121.23999786376952
2014-02-07,145.57345581054688,76.81805419921875,122.16999816894533
2014-02-10,145.84080505371094,76.85568237304688,122.91999816894533
2014-02-11,147.43692016601562,76.5169677734375,124.36000061035156
2014-02-12,147.50979614257812,76.3363037109375,124.43000030517578
2014-02-13,148.2714385986328,76.6976318359375,125.48999786376952
2014-02-14,149.0896453857422,76.64492797851562,127.1500015258789
2014-02-18,149.26791381835938,76.83309936523438,127.4000015258789
2014-02-19,148.2794647216797,76.68253326416016,126.2699966430664
2014-02-20,149.154541015625,76.5997543334961,127.5999984741211
2014-02-21,148.98434448242188,76.6976318359375,127.58000183105467
2014-02-24,149.81077575683594,76.62232971191406,128.99000549316406
2014-02-25,149.75405883789062,76.88577270507812,129.2100067138672
2014-02-26,149.7621612548828,77.11152648925781,128.11000061035156
2014-02-27,150.54798889160156,77.20193481445312,128.1999969482422
2014-02-28,150.9287872314453,77.1266098022461,127.62000274658205
2014-03-03,149.86741638183594,77.50807189941406,130.2899932861328
2014-03-04,151.97389221191406,76.91252899169922,128.67999267578125
2014-03-05,152.1116943359375,76.99547576904297,128.88999938964844
2014-03-06,152.46002197265625,76.66368103027344,130.1699981689453
2014-03-07,152.5248260498047,76.33201599121094,129.08999633789062
2014-03-10,152.44386291503906,76.41494750976562,129.1300048828125
2014-03-11,151.69039916992188,76.4903793334961,129.86000061035156
2014-03-12,151.73085021972656,76.79186248779297,131.75999450683594
2014-03-13,150.0294952392578,77.2442626953125,132.2100067138672
2014-03-14,149.6082000732422,77.25174713134766,133.10000610351562
2014-03-17,150.961181640625,76.94270324707031,131.63999938964844
2014-03-18,152.03872680664062,77.13114929199219,130.6199951171875
2014-03-19,151.2285919189453,76.41494750976562,128.08999633789062
2014-03-20,152.1116943359375,76.42998504638672,127.86000061035156
2014-03-21,151.5216827392578,76.5732421875,128.47000122070312
2014-03-24,150.8950653076172,76.6034164428711,126.18000030517578
2014-03-25,151.61122131347656,76.55818939208984,126.41000366210938
2014-03-26,150.52076721191406,76.88237762451172,125.41000366210938
2014-03-27,150.20339965820312,76.95777893066406,124.58999633789062
2014-03-28,150.94390869140625,76.68636322021484,124.55999755859376
2014-03-31,152.1808319091797,76.69388580322266,123.61000061035156
2014-04-01,153.1898956298828,76.5352554321289,123.38999938964844
2014-04-02,153.7025604248047,76.20291900634766,124.31999969482422
2014-04-03,153.49911499023438,76.25580596923828,123.91999816894533
2014-04-04,151.68441772460938,76.7241439819336,125.56999969482422
2014-04-07,150.0081024169922,76.90538024902344,124.91000366210938
2014-04-08,150.6265869140625,77.0111312866211,126.08999633789062
2014-04-09,152.2459259033203,76.98847198486328,126.31999969482422
2014-04-10,149.04786682128906,77.31324005126953,127.01000213623048
2014-04-11,147.7051239013672,77.47187805175781,126.93000030517578
2014-04-14,148.86878967285156,77.35100555419922,127.8499984741211
2014-04-15,149.89425659179688,77.44163513183594,125.48999786376952
2014-04-16,151.46470642089844,77.32080841064453,125.54000091552734
2014-04-17,151.67630004882812,76.88270568847656,124.75
2014-04-21,152.2052001953125,76.86758422851562,124.23999786376952
2014-04-22,152.89695739746094,76.83744049072266,123.77999877929688
2014-04-23,152.5388641357422,77.03376770019531,123.76000213623048
2014-04-24,152.84808349609375,77.0111312866211,124.55999755859376
2014-04-25,151.59490966796875,77.1168441772461,125.43000030517578
2014-04-28,152.0750732421875,77.0035400390625,124.87999725341795
2014-04-29,152.7830352783203,77.07154846191406,124.86000061035156
2014-04-30,153.23873901367188,77.27546691894531,124.22000122070312
2014-05-01,153.25502014160156,77.4979476928711,123.8000030517578
2014-05-02,153.03524780273438,77.61145782470703,125.05999755859376
2014-05-05,153.32818603515625,77.56607055664062,126.22000122070312
2014-05-06,151.99368286132812,77.6568832397461,125.9800033569336
2014-05-07,152.88880920410156,77.71745300292969,124.16999816894533
2014-05-08,152.7260284423828,77.80068969726562,124.16999816894533
2014-05-09,152.95391845703125,77.74015045166016,124.0999984741211
2014-05-12,154.4430389404297,77.53580474853516,124.94000244140624
2014-05-13,154.5813751220703,77.83846282958984,124.5999984741211
2014-05-14,153.8490753173828,78.1941909790039,125.80999755859376
2014-05-15,152.49815368652344,78.47413635253906,124.7699966430664
2014-05-16,153.0271453857422,78.30765533447266,124.5
2014-05-19,153.588623046875,78.20930480957031,124.58000183105467
2014-05-20,152.6201934814453,78.43632507324219,124.69000244140624
2014-05-21,153.90599060058594,78.31525421142578,124.38999938964844
2014-05-22,154.28030395507812,78.23194885253906,124.66999816894533
2014-05-23,154.89878845214844,78.39089965820312,124.51000213623048
2014-05-27,155.8508758544922,78.41361236572266,121.8499984741211
2014-05-28,155.73692321777344,78.84490203857422,121.1999969482422
2014-05-29,156.5425567626953,78.74656677246094,120.94000244140624
2014-05-30,156.79478454589844,78.68601989746094,120.43000030517578
2014-06-02,156.97384643554688,78.32601165771484,119.6999969482422
2014-06-03,156.8924560546875,77.93181610107422,120.01000213623048
2014-06-04,157.2098388671875,77.87114715576172,119.76000213623048
2014-06-05,158.23519897460938,77.98489379882812,120.66000366210938
2014-06-06,158.9919891357422,77.92424774169922,120.61000061035156
2014-06-09,159.15472412109375,77.81056213378906,120.6500015258789
2014-06-10,159.17103576660156,77.67408752441406,121.38999938964844
2014-06-11,158.6176300048828,77.78020477294922,121.41000366210938
2014-06-12,157.49465942382812,78.08340454101562,122.63999938964844
2014-06-13,157.9747772216797,77.93181610107422,122.95999908447266
2014-06-16,158.1049346923828,77.93181610107422,122.41999816894533
2014-06-17,158.54437255859375,77.60586547851562,122.27999877929688
2014-06-18,159.70809936523438,78.01519012451172,122.66999816894533
2014-06-19,159.88714599609375,77.81812286376953,126.94000244140624
2014-06-20,160.21168518066406,77.9090805053711,126.5
2014-06-23,160.1626739501953,77.85598754882812,126.8499984741211
2014-06-24,159.19784545898438,78.17438507080078,126.9800033569336
2014-06-25,159.9173583984375,78.25019073486328,126.98999786376952
2014-06-26,159.80287170410156,78.45479583740234,126.7300033569336
2014-06-27,160.1136016845703,78.45479583740234,126.66000366210938
2014-06-30,160.03179931640625,78.51551818847656,128.0399932861328
2014-07-01,161.10296630859375,78.25880432128906,127.6999969482422
2014-07-02,161.26644897460938,77.9398422241211,127.6999969482422
2014-07-03,162.05963134765625,77.78035736083984,127.16000366210938
2014-07-07,161.49545288085938,77.9702377319336,127.0199966430664
2014-07-08,160.45700073242188,78.3271484375,127.06999969482422
2014-07-09,161.17654418945312,78.34233856201172,127.83999633789062
2014-07-10,160.53871154785156,78.5093994140625,128.5399932861328
2014-07-11,160.7595672607422,78.63848876953125,128.77999877929688
2014-07-14,161.56903076171875,78.46380615234375,125.72000122070312
2014-07-15,161.26644897460938,78.39551544189453,124.52999877929688
2014-07-16,161.86343383789062,78.5093994140625,124.97000122070312
2014-07-17,160.0236358642578,78.96505737304688,127.08999633789062
2014-07-18,161.65892028808594,78.80560302734375,126.12999725341795
2014-07-21,161.35641479492188,78.82836151123047,126.33999633789062
2014-07-22,162.05963134765625,78.92706298828125,125.73999786376952
2014-07-23,162.41940307617188,78.9195327758789,125.62000274658205
2014-07-24,162.42750549316406,78.60051727294922,124.3499984741211
2014-07-25,161.66714477539062,78.90431213378906,125.79000091552734
2014-07-28,161.7325439453125,78.81317138671875,125.58000183105467
2014-07-29,161.03756713867188,78.9195327758789,125.1999969482422
2014-07-30,161.06204223632812,78.36509704589844,124.83000183105467
2014-07-31,157.88140869140625,78.34233856201172,123.38999938964844
2014-08-01,157.3989715576172,78.80342864990234,124.37999725341795
2014-08-04,158.5354461669922,78.84906768798828,123.98999786376952
2014-08-05,156.99835205078125,78.8870849609375,123.87000274658205
2014-08-06,157.0473175048828,78.95558166503906,125.66999816894533
2014-08-07,156.19700622558594,79.31322479248047,126.18000030517578
2014-08-08,158.00404357910156,79.2447280883789,126.19000244140624
2014-08-11,158.46192932128906,79.20667266845703,125.95999908447266
2014-08-12,158.2411651611328,79.09254455566406,125.98999786376952
2014-08-13,159.31228637695312,79.35122680664062,126.1999969482422
2014-08-14,160.0645294189453,79.51104736328125,126.30999755859376
2014-08-15,160.03179931640625,79.83060455322266,125.4800033569336
2014-08-18,161.37277221679688,79.57948303222656,124.95999908447266
2014-08-19,162.21495056152344,79.49581146240234,124.68000030517578
2014-08-20,162.6483154296875,79.25992584228516,124.22000122070312
2014-08-21,163.1226043701172,79.42727661132812,122.87999725341795
2014-08-22,162.8690948486328,79.43498992919922,123.19000244140624
2014-08-25,163.6949005126953,79.49581146240234,122.73999786376952
2014-08-26,163.80126953125,79.48060607910156,123.3499984741211
2014-08-27,163.73577880859375,79.70125579833984,123.31999969482422
2014-08-28,163.64588928222656,79.80777740478516,124.0
2014-08-29,164.11195373535156,79.8154067993164,123.86000061035156
2014-09-02,164.03021240234375,79.30543518066406,121.6500015258789
2014-09-03,163.94024658203125,79.4197769165039,122.1500015258789
2014-09-04,163.7030792236328,79.1377944946289,121.4800033569336
2014-09-05,164.43899536132812,79.16065979003906,122.05999755859376
2014-09-08,164.01377868652344,79.0768051147461,120.7300033569336
2014-09-09,162.9754638671875,78.89389038085938,120.87000274658205
2014-09-10,163.5886688232422,78.69574737548828,120.26000213623048
2014-09-11,163.7766876220703,78.59662628173828,119.47000122070312
2014-09-12,162.82005310058594,78.29936981201172,118.37999725341795
2014-09-15,162.69735717773438,78.44424438476562,118.63999938964844
2014-09-16,163.9239044189453,78.42132568359375,118.83000183105467
2014-09-17,164.14462280273438,78.22313690185547,117.54000091552734
2014-09-18,165.01956176757812,78.16981506347656,117.77999877929688
2014-09-19,164.87083435058594,78.46710205078125,117.08999633789062
2014-09-22,163.59751892089844,78.63480377197266,116.8499984741211
2014-09-23,162.66107177734375,78.80242919921875,117.5999984741211
2014-09-24,163.9343719482422,78.58137512207031,117.0500030517578
2014-09-25,161.28916931152344,78.9625015258789,117.38999938964844
2014-09-26,162.5707244873047,78.7947998046875,117.05999755859376
2014-09-29,162.2749481201172,79.04634857177734,117.02999877929688
2014-09-30,161.84779357910156,78.97771453857422,116.20999908447266
2014-10-01,159.65447998046875,79.64128112792969,116.7699966430664
2014-10-02,159.67909240722656,79.40460205078125,116.73999786376952
2014-10-03,161.43707275390625,79.3817138671875,114.61000061035156
2014-10-06,161.2481231689453,79.51146697998047,116.02999877929688
2014-10-07,158.759033203125,79.9772720336914,116.36000061035156
2014-10-08,161.53562927246094,80.25981903076172,117.47000122070312
2014-10-09,158.33187866210938,80.12236022949219,117.63999938964844
2014-10-10,156.524658203125,80.43540954589844,117.58999633789062
2014-10-13,153.9534149169922,80.85537719726562,118.5199966430664
2014-10-14,154.1916046142578,81.0157470703125,118.58999633789062
2014-10-15,153.14834594726562,81.47388458251953,118.98999786376952
2014-10-16,153.0169219970703,81.25248718261719,119.22000122070312
2014-10-17,154.82420349121094,81.0157470703125,118.98999786376952
2014-10-20,156.32749938964844,81.13031005859375,119.8000030517578
2014-10-21,159.42445373535156,80.90887451171875,120.0199966430664
2014-10-22,158.2908172607422,80.88594055175781,119.33999633789062
2014-10-23,160.13092041015625,80.54993438720703,118.5199966430664
2014-10-24,161.36314392089844,80.6186752319336,118.3499984741211
2014-10-27,161.141357421875,80.70267486572266,118.05999755859376
2014-10-28,162.98968505859375,80.50413513183594,118.0999984741211
2014-10-29,162.74317932128906,80.23688507080078,116.41000366210938
2014-10-30,163.78646850585938,80.32087707519531,115.19000244140624
2014-10-31,165.65945434570312,80.19107818603516,112.66000366210938
2014-11-03,165.74989318847656,80.16123962402344,112.1500015258789
2014-11-04,165.17478942871094,80.15357971191406,112.22000122070312
2014-11-05,166.21807861328125,80.176513671875,109.79000091552734
2014-11-06,166.8834228515625,79.93179321289062,109.87999725341795
2014-11-07,167.03952026367188,80.44426727294922,112.97000122070312
2014-11-10,167.56529235839844,80.11537170410156,110.45999908447266
2014-11-11,167.72959899902344,80.12297058105469,112.04000091552734
2014-11-12,167.5488739013672,80.09233856201172,111.5
2014-11-13,167.73780822753906,80.222412109375,111.66999816894533
2014-11-14,167.7788543701172,80.39069366455078,114.47000122070312
2014-11-17,167.8856964111328,80.2989273071289,114.0500030517578
2014-11-18,168.85499572753906,80.39069366455078,115.0500030517578
2014-11-19,168.58387756347656,80.176513671875,113.68000030517578
2014-11-20,168.87966918945312,80.32183074951172,114.86000061035156
2014-11-21,169.7832794189453,80.48251342773438,115.38999938964844
2014-11-24,170.25975036621094,80.57425689697266,115.11000061035156
2014-11-25,170.136474609375,80.77316284179688,115.37999725341795
2014-11-26,170.57188415527344,80.91083526611328,115.16000366210938
2014-11-28,170.21041870117188,81.22441864013672,112.11000061035156
2014-12-01,169.02752685546875,81.0252456665039,116.58000183105467
2014-12-02,170.12005615234375,80.66509246826172,115.13999938964844
2014-12-03,170.77728271484375,80.69580078125,116.33000183105467
2014-12-04,170.58834838867188,80.97929382324219,115.87999725341795
2014-12-05,170.86767578125,80.52714538574219,114.43000030517578
2014-12-08,169.72576904296875,80.79539489746094,115.77999877929688
2014-12-09,169.61073303222656,81.09417724609375,118.19000244140624
2014-12-10,166.89170837402344,81.46195983886719,117.95999908447266
2014-12-11,167.73780822753906,81.32405853271484,117.69000244140624
2014-12-12,165.02691650390625,81.99065399169922,117.41000366210938
2014-12-15,163.8932647705078,81.6917953491211,114.38999938964844
2014-12-16,162.57891845703125,82.1055679321289,114.9499969482422
2014-12-17,165.76626586914062,81.53860473632812,114.2699966430664
2014-12-18,169.86541748046875,81.07886505126953,115.1500015258789
2014-12-19,170.5882110595703,81.37769317626953,114.7699966430664
2014-12-22,171.3728790283203,81.37769317626953,112.5500030517578
2014-12-23,171.60421752929688,80.70345306396484,112.73999786376952
2014-12-24,171.6206512451172,80.76176452636719,112.7699966430664
2014-12-26,172.17413330078125,80.86918640136719,114.83000183105467
2014-12-29,172.4054412841797,81.14543914794922,113.66999816894533
2014-12-30,171.4802703857422,81.2375259399414,115.1999969482422
2014-12-31,169.77871704101562,81.32957458496094,113.58000183105467
2015-01-02,169.6879119873047,81.74393463134766,114.08000183105467
2015-01-05,166.6233673095703,82.2426986694336,115.8000030517578
2015-01-06,165.05389404296875,82.79519653320312,117.12000274658205
2015-01-07,167.11070251464844,82.77984619140625,116.43000030517578
2015-01-08,170.07603454589844,82.44222259521484,115.94000244140624
2015-01-09,168.71316528320312,82.848876953125,117.26000213623048
2015-01-12,167.39146423339844,83.14047241210938,118.55999755859376
2015-01-13,166.92068481445312,83.21723937988281,118.16000366210938
2015-01-14,165.91294860839844,83.60089874267578,117.97000122070312
2015-01-15,164.39312744140625,84.31451416015625,120.94000244140624
2015-01-16,166.549072265625,83.69296264648438,122.5199966430664
2015-01-20,166.9042205810547,83.88478088378906,124.1999969482422
2015-01-21,167.74676513671875,83.48578643798828,124.2300033569336
2015-01-22,170.24124145507812,83.27853393554688,125.2300033569336
2015-01-23,169.30792236328125,83.82341766357422,124.2300033569336
2015-01-26,169.70436096191406,83.63153839111328,122.98999786376952
2015-01-27,167.46585083007812,83.74666595458984,124.4000015258789
2015-01-28,165.31822204589844,84.39125061035156,123.41999816894533
2015-01-29,166.8463592529297,84.0919189453125,120.76000213623048
2015-01-30,164.74832153320312,84.82861328125,123.4499969482422
2015-02-02,166.7885284423828,84.7225570678711,122.41999816894533
2015-02-03,169.20054626464844,84.00775909423828,121.0500030517578
2015-02-04,168.55621337890625,84.14610290527344,121.58000183105467
2015-02-05,170.25782775878906,83.83865356445312,121.79000091552734
2015-02-06,169.78695678710938,82.90099334716797,118.63999938964844
2015-02-09,169.0270538330078,82.8625259399414,119.16999816894533
2015-02-10,170.82772827148438,82.65501403808594,118.47000122070312
2015-02-11,170.92684936523438,82.62432098388672,117.06999969482422
2015-02-12,172.5706787109375,82.65501403808594,117.33999633789062
2015-02-13,173.28103637695312,82.37832641601562,117.9800033569336
2015-02-17,173.55361938476562,81.79421997070312,116.01000213623048
2015-02-18,173.57012939453125,82.18620300292969,116.33999633789062
2015-02-19,173.4462127685547,81.97862243652344,115.94000244140624
2015-02-20,174.48695373535156,81.93250274658203,115.27999877929688
2015-02-23,174.46221923828125,82.30915069580078,115.43000030517578
2015-02-24,174.95774841308594,82.85482025146484,115.26000213623048
2015-02-25,174.8091278076172,82.93173217773438,115.6999969482422
2015-02-26,174.6026611328125,82.43978881835938,116.06999969482422
2015-02-27,174.00794982910156,82.73188781738281,116.16000366210938
2015-03-02,175.10653686523438,82.11605834960938,115.68000030517578
2015-03-03,174.38783264160156,81.93894958496094,115.47000122070312
2015-03-04,173.6526641845703,82.00059509277344,115.11000061035156
2015-03-05,173.84271240234375,82.04674530029297,115.0
2015-03-06,171.39772033691406,81.20765686035156,111.86000061035156
2015-03-09,172.1080780029297,81.58492279052734,111.97000122070312
2015-03-10,169.31614685058594,81.93125915527344,111.41999816894533
2015-03-11,168.91964721679688,82.0775375366211,110.75
2015-03-12,171.0673065185547,82.15447998046875,110.72000122070312
2015-03-13,170.01824951171875,82.03134155273438,110.87999725341795
2015-03-16,172.28977966308594,82.3161849975586,110.80999755859376
2015-03-17,171.7776641845703,82.48551940917969,110.20999908447266
2015-03-18,173.84271240234375,83.43238067626953,112.37000274658205
2015-03-19,173.0496826171875,83.03980255126953,112.29000091552734
2015-03-20,174.5771942138672,83.37849426269531,113.56999969482422
2015-03-23,174.23699951171875,83.48633575439453,114.29000091552734
2015-03-24,173.2580108642578,83.74032592773438,114.56999969482422
2015-03-25,170.71905517578125,83.37849426269531,114.7300033569336
2015-03-26,170.3125,82.908935546875,115.4800033569336
2015-03-27,170.7025604248047,83.23226928710938,115.05999755859376
2015-03-30,172.78506469726562,83.22452545166016,113.75
2015-03-31,171.2749786376953,83.44007110595703,113.66000366210938
2015-04-01,170.66928100585938,83.83721160888672,115.5999984741211
2015-04-02,171.2832489013672,83.59815979003906,115.27999877929688
2015-04-06,172.4365997314453,83.70608520507812,116.69000244140624
2015-04-07,171.98025512695312,83.77554321289062,116.11000061035156
2015-04-08,172.56103515625,83.69847106933594,115.47000122070312
2015-04-09,173.3243408203125,83.35910034179688,114.66999816894533
2015-04-10,174.270263671875,83.33602905273438,115.97000122070312
2015-04-13,173.4820556640625,83.505615234375,115.13999938964844
2015-04-14,173.8139190673828,83.75236511230469,114.44000244140624
2015-04-15,174.5937957763672,83.79864501953125,115.43000030517578
2015-04-16,174.54403686523438,83.86036682128906,115.02999877929688
2015-04-17,172.5361328125,84.02996826171875,115.5999984741211
2015-04-20,174.11260986328125,83.87572479248047,114.72000122070312
2015-04-21,173.90516662597656,83.69847106933594,115.37999725341795
2015-04-22,174.759765625,83.2126235961914,113.83000183105467
2015-04-23,175.19944763183594,83.46710205078125,114.66000366210938
2015-04-24,175.60604858398438,83.76004791259766,113.0500030517578
2015-04-27,174.8759307861328,83.62902069091797,115.33000183105467
2015-04-28,175.4318389892578,83.2435302734375,116.33000183105467
2015-04-29,174.70999145507812,82.93507385253906,115.51000213623048
2015-04-30,172.95924377441406,82.9118881225586,113.47000122070312
2015-05-01,174.8344268798828,82.45866394042969,113.08000183105467
2015-05-04,175.33224487304688,82.28873443603516,114.0999984741211
2015-05-05,173.3243408203125,82.14973449707031,114.41999816894533
2015-05-06,172.61085510253906,81.74817657470703,114.36000061035156
2015-05-07,173.29945373535156,82.09568786621094,113.41999816894533
2015-05-08,175.58116149902344,82.41230773925781,113.97000122070312
2015-05-11,174.74317932128906,81.6014175415039,113.52999877929688
2015-05-12,174.22042846679688,81.6632308959961,114.5
2015-05-13,174.25364685058594,81.55511474609375,116.5500030517578
2015-05-14,176.0706329345703,81.83312225341797,117.18000030517578
2015-05-15,176.2615203857422,82.42005920410156,117.52999877929688
2015-05-18,176.80906677246094,81.86402130126953,117.5199966430664
2015-05-19,176.75103759765625,81.50105285644531,115.88999938964844
2015-05-20,176.62661743164062,81.67868041992188,116.08000183105467
2015-05-21,177.14097595214844,82.16519165039062,115.69000244140624
2015-05-22,176.7178955078125,81.97982788085938,115.5999984741211
2015-05-26,174.8178253173828,82.489501953125,113.91000366210938
2015-05-27,176.47718811035156,82.44319152832031,113.88999938964844
2015-05-28,176.27809143066406,82.52042388916016,114.0199966430664
2015-05-29,175.18292236328125,82.56676483154297,114.0999984741211
2015-06-01,175.53964233398438,82.20244598388672,114.0
2015-06-02,175.3654327392578,81.63008880615234,114.45999908447266
2015-06-03,175.8301239013672,80.9339828491211,113.63999938964844
2015-06-04,174.3449249267578,81.32840728759766,112.83999633789062
2015-06-05,174.0462188720703,80.7406234741211,112.23999786376952
2015-06-08,172.97589111328125,80.85665130615234,112.56999969482422
2015-06-09,172.9509735107422,80.59368896484375,112.81999969482422
2015-06-10,175.02525329589844,80.28429412841797,113.77999877929688
2015-06-11,175.5894775390625,80.91850280761719,113.26000213623048
2015-06-12,174.24534606933594,80.87203979492188,113.2300033569336
2015-06-15,173.49862670898438,81.06549835205078,113.7300033569336
2015-06-16,174.4444580078125,81.3748550415039,113.31999969482422
2015-06-17,174.72654724121094,81.4212417602539,113.8499984741211
2015-06-18,176.5435791015625,81.3593978881836,115.31999969482422
2015-06-19,175.75990295410156,81.79251098632812,115.12000274658205
2015-06-22,176.66029357910156,81.1041488647461,113.63999938964844
2015-06-23,176.785400390625,80.85665130615234,112.88999938964844
2015-06-24,175.5013885498047,81.0964126586914,112.58999633789062
2015-06-25,174.9678497314453,80.89527893066406,112.44000244140624
2015-06-26,174.93446350097656,80.50857543945312,112.55999755859376
2015-06-29,171.26602172851562,81.4444580078125,113.06999969482422
2015-06-30,171.6245880126953,81.22014617919922,112.37000274658205
2015-07-01,173.00022888183594,80.7956314086914,111.9800033569336
2015-07-02,172.84176635742188,81.08234405517578,111.76000213623048
2015-07-06,172.3499298095703,81.65552520751953,112.05999755859376
2015-07-07,173.43373107910156,81.8724136352539,110.76000213623048
2015-07-08,170.52401733398438,82.19774627685547,111.08999633789062
2015-07-09,170.8324737548828,81.62451934814453,111.36000061035156
2015-07-10,172.9835205078125,81.05899810791016,111.48999786376952
2015-07-13,174.89280700683594,80.84211730957031,110.98999786376952
2015-07-14,175.6514892578125,81.09778594970703,110.73999786376952
2015-07-15,175.59317016601562,81.40757751464844,110.16000366210938
2015-07-16,177.0021514892578,81.37662506103516,109.76000213623048
2015-07-17,177.15219116210938,81.38436126708984,108.6500015258789
2015-07-20,177.24391174316406,81.22171783447266,105.6999969482422
2015-07-21,176.5436248779297,81.44633483886719,105.37000274658205
2015-07-22,176.22677612304688,81.54705047607422,104.8000030517578
2015-07-23,175.2346649169922,81.88017272949219,104.33000183105467
2015-07-24,173.4171600341797,81.95763397216797,105.3499984741211
2015-07-27,172.4082794189453,82.2287826538086,104.86000061035156
2015-07-28,174.52598571777344,81.99634552001953,105.0199966430664
2015-07-29,175.7265167236328,81.88017272949219,105.16999816894533
2015-07-30,175.7681884765625,81.9731216430664,104.2699966430664
2015-07-31,175.5013885498047,82.45341491699219,104.93000030517578
2015-08-03,174.9095001220703,82.70474243164062,104.0999984741211
2015-08-04,174.5676727294922,82.27808380126953,104.30999755859376
2015-08-05,175.1428985595703,81.95994567871094,103.93000030517578
2015-08-06,173.7089080810547,82.24701690673828,104.38999938964844
2015-08-07,173.37539672851562,82.57284545898438,104.6500015258789
2015-08-10,175.55982971191406,82.23148345947266,105.72000122070312
2015-08-11,173.97567749023438,82.77462768554688,106.26000213623048
2015-08-12,174.18411254882812,82.74361419677734,107.75
2015-08-13,173.96731567382812,82.52632141113281,106.86000061035156
2015-08-14,174.6009979248047,82.44100189208984,106.8499984741211
2015-08-17,175.57643127441406,82.58837127685547,107.12999725341795
2015-08-18,175.06787109375,82.45651245117188,107.11000061035156
2015-08-19,173.68389892578125,82.9608383178711,108.5500030517578
2015-08-20,170.05718994140625,83.18578338623047,110.44000244140624
2015-08-21,164.93801879882812,83.5194091796875,111.12999725341795
2015-08-24,157.9929656982422,83.65904235839844,110.52999877929688
2015-08-25,156.13372802734375,83.20130920410156,109.16000366210938
2015-08-26,162.12826538085938,82.68925476074219,107.66999816894533
2015-08-27,166.13861083984375,82.6427230834961,107.7300033569336
2015-08-28,166.14691162109375,82.658203125,108.6999969482422
2015-08-31,164.8045654296875,82.5185775756836,108.81999969482422
2015-09-01,159.8855438232422,82.88926696777344,109.1999969482422
2015-09-02,162.92031860351562,82.66387176513672,108.62000274658205
2015-09-03,163.03709411621094,82.86591339111328,107.83999633789062
2015-09-04,160.5691680908203,83.12234497070312,107.48999786376952
2015-09-08,164.6045379638672,82.75712585449219,107.5199966430664
2015-09-09,162.40338134765625,82.78819274902344,106.12999725341795
2015-09-10,163.28717041015625,82.60171508789062,106.37999725341795
2015-09-11,164.02919006347656,82.81929779052734,106.16000366210938
2015-09-14,163.42054748535156,82.89698791503906,106.22000122070312
2015-09-15,165.4633026123047,82.2442398071289,105.9000015258789
2015-09-16,166.8972625732422,82.22093200683594,107.30999755859376
2015-09-17,166.5220489501953,82.90479278564453,108.41000366210938
2015-09-18,163.80084228515625,83.29328918457031,109.20999908447266
2015-09-21,164.6473388671875,82.81929779052734,108.52999877929688
2015-09-22,162.51023864746094,83.23113250732422,107.79000091552734
2015-09-23,162.25048828125,83.1379165649414,108.22000122070312
2015-09-24,161.663818359375,83.26224517822266,110.48999786376952
2015-09-25,161.62185668945312,83.04460144042969,109.80999755859376
2015-09-28,157.56564331054688,83.51866149902344,108.41999816894533
2015-09-29,157.65777587890625,83.80613708496094,107.9800033569336
2015-09-30,160.59947204589844,83.82169342041016,106.86000061035156
2015-10-01,161.01846313476562,83.88707733154297,106.7300033569336
2015-10-02,163.42372131347656,84.29175567626953,108.98999786376952
2015-10-05,166.33184814453125,83.82479858398438,108.7699966430664
2015-10-06,165.76199340820312,83.99602508544922,109.86000061035156
2015-10-07,167.11965942382812,83.7859115600586,109.6999969482422
2015-10-08,168.628173828125,83.56795501708984,109.13999938964844
2015-10-09,168.72872924804688,83.61469268798828,110.87000274658205
2015-10-12,168.88800048828125,83.89483642578125,111.30999755859376
2015-10-13,167.8236083984375,83.97271728515625,111.86000061035156
2015-10-14,167.01902770996094,84.43184661865234,113.80999755859376
2015-10-15,169.58351135253906,84.14386749267578,113.29000091552734
2015-10-16,170.35459899902344,84.07389831542969,112.48999786376952
2015-10-19,170.43836975097656,84.03497314453125,112.0199966430664
2015-10-20,170.22048950195312,83.74697875976562,112.7300033569336
2015-10-21,169.16448974609375,84.03497314453125,111.7300033569336
2015-10-22,172.02232360839844,84.12052917480469,111.69000244140624
2015-10-23,173.90797424316406,83.64584350585938,111.5
2015-10-26,173.48052978515625,83.86376190185547,111.43000030517578
2015-10-27,173.14535522460938,84.07389831542969,111.68000030517578
2015-10-28,175.1148223876953,83.63806915283203,110.77999877929688
2015-10-29,175.01426696777344,83.1243896484375,109.72000122070312
2015-10-30,174.25997924804688,83.28782653808594,109.3000030517578
2015-11-02,176.3216552734375,83.04855346679688,108.58999633789062
2015-11-03,176.8328857421875,82.83029174804688,106.9800033569336
2015-11-04,176.2965087890625,82.74453735351562,105.97000122070312
2015-11-05,176.12046813964844,82.69001007080078,105.63999938964844
2015-11-06,176.02833557128906,82.12882232666016,104.0999984741211
2015-11-09,174.38563537597656,81.98851776123047,104.4000015258789
2015-11-10,174.7880096435547,82.14436340332031,104.18000030517578
2015-11-11,174.10072326660156,82.10541534423828,103.83000183105467
2015-11-12,171.67037963867188,82.15218353271484,103.8499984741211
2015-11-13,169.74281311035156,82.46395111083984,103.55999755859376
2015-11-16,172.32408142089844,82.57306671142578,103.70999908447266
2015-11-17,172.1983184814453,82.54969024658203,102.33999633789062
2015-11-18,174.93045043945312,82.5107192993164,102.43000030517578
2015-11-19,174.77955627441406,82.69001007080078,103.55999755859376
2015-11-20,175.41653442382812,82.58084106445312,103.08999633789062
2015-11-23,175.2153778076172,82.69001007080078,102.26000213623048
2015-11-24,175.45008850097656,82.7679443359375,102.94000244140624
2015-11-25,175.42491149902344,82.81473541259766,102.45999908447266
2015-11-27,175.6260986328125,82.90046691894531,101.25
2015-11-30,174.8968963623047,82.93165588378906,101.91999816894533
2015-12-01,176.5646514892578,83.3727035522461,102.27999877929688
2015-12-02,174.7628173828125,83.1385269165039,100.69000244140624
2015-12-03,172.31565856933594,82.26416778564453,101.76000213623048
2015-12-04,175.6763458251953,82.5686264038086,104.0199966430664
2015-12-07,174.6120147705078,82.83404541015625,102.66999816894533
2015-12-08,173.4386749267578,82.88087463378906,102.83999633789062
2015-12-09,172.08937072753906,83.00582122802734,102.63999938964844
2015-12-10,172.5335235595703,82.82621765136719,102.5500030517578
2015-12-11,169.18963623046875,83.48979949951172,103.11000061035156
2015-12-14,170.04444885253906,82.87307739257812,101.79000091552734
2015-12-15,171.82962036132812,82.66230010986328,101.5199966430664
2015-12-16,174.34378051757812,82.44373321533203,102.75
2015-12-17,171.6870880126953,82.7872085571289,100.5
2015-12-18,168.6284942626953,83.0838394165039,102.04000091552734
2015-12-21,170.01951599121094,83.12287902832031,103.1500015258789
2015-12-22,171.5623779296875,82.888671875,102.61000061035156
2015-12-23,173.68685913085938,82.70133209228516,102.30999755859376
2015-12-24,173.4002227783203,82.85303497314453,103.0500030517578
2015-12-28,173.00396728515625,82.86869049072266,102.2699966430664
2015-12-29,174.8502655029297,82.43083953857422,102.1999969482422
2015-12-30,173.61099243164062,82.4621353149414,101.41999816894533
2015-12-31,171.87428283691406,82.55589294433594,101.45999908447266
2016-01-04,169.47154235839844,82.90768432617188,102.88999938964844
2016-01-05,169.75814819335938,82.88426208496094,103.18000030517578
2016-01-06,167.61683654785156,83.38465881347656,104.66999816894533
2016-01-07,163.59542846679688,83.56446838378906,106.1500015258789
2016-01-08,161.79969787597656,83.77555084228516,105.68000030517578
2016-01-11,161.95993041992188,83.50979614257812,104.73999786376952
2016-01-12,163.26666259765625,83.88504791259766,104.20999908447266
2016-01-13,159.19473266601562,84.21343231201172,104.72000122070312
2016-01-14,161.80810546875,84.04141998291016,103.0199966430664
2016-01-15,158.33474731445312,84.432373046875,104.08000183105467
2016-01-19,158.54556274414062,84.32291412353516,103.9800033569336
2016-01-20,156.51373291015625,84.73726654052734,105.37000274658205
2016-01-21,157.39056396484375,84.52613067626953,105.48999786376952
2016-01-22,160.61944580078125,84.33856201171875,105.0
2016-01-25,158.1914520263672,84.6200180053711,106.08000183105467
2016-01-26,160.3496551513672,84.68255615234375,107.29000091552734
2016-01-27,158.60458374023438,84.74513244628906,107.69000244140624
2016-01-28,159.43075561523438,84.8545913696289,106.54000091552734
2016-01-29,163.31723022460938,85.30802917480469,106.9499969482422
2016-02-01,163.25820922851562,85.11149597167969,108.0500030517578
2016-02-02,160.31593322753906,85.71440124511719,108.08999633789062
2016-02-03,161.2770233154297,85.62049102783203,109.25
2016-02-04,161.5299530029297,85.82400512695312,110.56999969482422
2016-02-05,158.4527587890625,85.93370056152344,112.31999969482422
2016-02-08,156.31983947753906,86.57568359375,113.83000183105467
2016-02-09,156.32826232910156,86.59133911132812,113.58000183105467
2016-02-10,156.19338989257812,86.84976196289062,114.45999908447266
2016-02-11,154.16160583496094,87.24905395507812,119.05999755859376
2016-02-12,157.33993530273438,86.58354949951172,118.36000061035156
2016-02-16,159.99559020996094,86.32513427734375,114.7699966430664
2016-02-17,162.60903930664062,86.11376190185547,115.4800033569336
2016-02-18,161.94305419921875,86.51304626464844,118.29000091552734
2016-02-19,161.8671417236328,86.51304626464844,117.58000183105467
2016-02-22,164.2108917236328,86.4269790649414,115.48999786376952
2016-02-23,162.13694763183594,86.59918975830078,117.22000122070312
2016-02-24,162.8788299560547,86.59918975830078,117.61000061035156
2016-02-25,164.8516082763672,86.85755920410156,117.91999816894533
2016-02-26,164.47218322753906,86.43476867675781,117.11000061035156
2016-02-29,163.18235778808594,86.57568359375,118.63999938964844
2016-03-01,167.01820373535156,85.8990249633789,117.7699966430664
2016-03-02,167.7685546875,85.75004577636719,118.68000030517578
2016-03-03,168.42616271972656,85.85199737548828,120.7300033569336
2016-03-04,168.97415161132812,85.56187438964844,120.54000091552734
2016-03-07,169.10897827148438,85.38932037353516,121.13999938964844
2016-03-08,167.2627410888672,85.88333129882812,120.58000183105467
2016-03-09,168.0889129638672,85.5461654663086,119.58000183105467
2016-03-10,168.2238006591797,85.2403793334961,121.5
2016-03-11,170.93849182128906,84.9972915649414,119.41000366210938
2016-03-14,170.7192840576172,85.06005096435547,117.87000274658205
2016-03-15,170.44110107421875,85.0443344116211,117.95999908447266
2016-03-16,171.4274139404297,85.49127960205078,120.58999633789062
2016-03-17,172.51498413085938,85.58537292480469,120.12999725341795
2016-03-18,173.19293212890625,85.73432159423828,119.8000030517578
2016-03-21,173.4386444091797,85.49127960205078,118.95999908447266
2016-03-22,173.34547424316406,85.31094360351562,119.30999755859376
2016-03-23,172.20147705078125,85.7029800415039,116.61000061035156
2016-03-24,172.1251983642578,85.61672973632812,116.33000183105467
2016-03-28,172.22686767578125,85.74222564697266,116.5999984741211
2016-03-29,173.8199920654297,86.32242584228516,118.76000213623048
2016-03-30,174.58265686035156,86.20484924316406,117.0999984741211
2016-03-31,174.15899658203125,86.51839447021484,117.63999938964844
2016-04-01,175.3453369140625,86.49330139160156,116.93000030517578
2016-04-04,174.77755737304688,86.59541320800781,116.1500015258789
2016-04-05,173.0319061279297,86.94093322753906,117.66000366210938
2016-04-06,174.92161560058594,86.75249481201172,116.94000244140624
2016-04-07,172.8285675048828,87.2000732421875,118.61000061035156
2016-04-08,173.29458618164062,87.06661987304688,118.43000030517578
2016-04-11,172.88783264160156,87.05093383789062,120.02999877929688
2016-04-12,174.49795532226562,86.70536804199219,120.0500030517578
2016-04-13,176.2605438232422,86.76817321777344,118.7699966430664
2016-04-14,176.2689971923828,86.56405639648438,117.11000061035156
2016-04-15,176.0740966796875,86.82312774658203,117.91999816894533
2016-04-18,177.31129455566406,86.73677062988281,117.73999786376952
2016-04-19,177.87062072753906,86.59541320800781,119.58000183105467
2016-04-20,178.04010009765625,86.15569305419922,118.97000122070312
2016-04-21,177.08248901367188,86.01424407958984,119.41999816894533
2016-04-22,177.08248901367188,85.92008209228516,117.88999938964844
2016-04-25,176.7774658203125,85.82584381103516,118.2300033569336
2016-04-26,177.0401153564453,85.64520263671875,118.6999969482422
2016-04-27,177.40451049804688,86.11637878417969,119.04000091552734
2016-04-28,175.79443359375,86.41481018066406,121.29000091552734
2016-04-29,174.8453369140625,86.38340759277344,123.6500015258789
2016-05-02,176.23507690429688,86.13253784179688,123.23999786376952
2016-05-03,174.70127868652344,86.64373016357422,122.95999908447266
2016-05-04,173.72679138183594,86.80103302001953,122.20999908447266
2016-05-05,173.69287109375,87.03692626953125,122.06999969482422
2016-05-06,174.32846069335938,86.83245086669922,123.18000030517578
2016-05-09,174.47250366210938,86.99764251708984,120.6500015258789
2016-05-10,176.6418914794922,86.98186492919922,120.9800033569336
2016-05-11,174.98941040039062,87.11557006835938,122.12000274658205
2016-05-12,175.04029846191406,86.87966918945312,121.16000366210938
2016-05-13,173.5149383544922,87.20999145507812,121.70999908447266
2016-05-16,175.22669982910156,86.89537048339844,121.8000030517578
2016-05-17,173.5912322998047,86.77739715576172,122.22000122070312
2016-05-18,173.64202880859375,86.07748413085938,120.0999984741211
2016-05-19,173.04037475585938,86.16397857666016,119.87000274658205
2016-05-20,174.13357543945312,86.21905517578125,119.70999908447266
2016-05-23,173.89633178710938,86.27410888671875,119.37000274658205
2016-05-24,176.15036010742188,86.13253784179688,117.3000030517578
2016-05-25,177.34518432617188,86.09318542480469,116.9800033569336
2016-05-26,177.39605712890625,86.36058807373047,116.58000183105467
2016-05-27,178.1587371826172,86.19544982910156,115.62000274658205
2016-05-31,177.8197479248047,86.29764556884766,116.05999755859376
2016-06-01,178.18411254882812,86.26849365234375,115.94000244140624
2016-06-02,178.7264404296875,86.53633117675781,115.66999816894533
2016-06-03,178.1925506591797,87.3397216796875,118.87999725341795
2016-06-06,179.09930419921875,87.11127471923828,118.91999816894533
2016-06-07,179.37901306152344,87.23731994628906,118.81999969482422
2016-06-08,179.9636688232422,87.3397216796875,120.58000183105467
2016-06-09,179.71792602539062,87.4736099243164,121.25
2016-06-10,178.01461791992188,87.78079223632812,121.73999786376952
2016-06-13,176.6418914794922,87.95404052734375,122.63999938964844
2016-06-14,176.29444885253906,87.93041229248047,122.7699966430664
2016-06-15,176.0486602783203,88.19824981689453,123.68000030517578
2016-06-16,176.5740509033203,88.29273986816406,122.37999725341795
2016-06-17,175.91648864746094,87.99342346191406,123.9499969482422
2016-06-20,177.0493621826172,87.61531829833984,123.20999908447266
2016-06-21,177.55197143554688,87.41846466064453,120.83999633789062
2016-06-22,177.26231384277344,87.59170532226562,120.9000015258789
2016-06-23,179.5707244873047,87.17424774169922,120.11000061035156
2016-06-24,173.12255859375,88.3793716430664,126.0
2016-06-27,170.02194213867188,89.14336395263672,126.68000030517578
2016-06-28,173.0885009765625,89.12755584716797,125.31999969482422
2016-06-29,176.0357208251953,88.76525115966797,125.83999633789062
2016-06-30,178.43783569335938,88.96219635009766,126.47000122070312
2016-07-01,178.81259155273438,89.19725799560547,128.41000366210938
2016-07-05,177.52639770507812,89.68628692626953,129.47000122070312
2016-07-06,178.59117126464844,89.70201873779297,130.22999572753906
2016-07-07,178.4804229736328,89.58369445800781,129.74000549316406
2016-07-08,181.1381072998047,89.75720977783203,130.52000427246094
2016-07-11,181.7769317626953,89.28399658203125,129.2899932861328
2016-07-12,183.0972900390625,88.75555419921875,127.1500015258789
2016-07-13,183.0717010498047,88.98429107666016,128.32000732421875
2016-07-14,184.09388732910156,88.61356353759766,127.33000183105467
2016-07-15,183.84689331054688,88.27442932128906,126.83999633789062
2016-07-18,184.3409423828125,88.25077819824219,127.04000091552734
2016-07-19,184.15347290039065,88.48737335205078,127.20999908447266
2016-07-20,184.920166015625,88.30597686767578,125.38999938964844
2016-07-21,184.2216796875,88.503173828125,127.3000030517578
2016-07-22,185.0478515625,88.4321517944336,126.3499984741211
2016-07-25,184.5452880859375,88.36115264892578,125.47000122070312
2016-07-26,184.63052368164065,88.41641235351562,126.0
2016-07-27,184.4345703125,88.79499816894531,128.02999877929688
2016-07-28,184.64759826660156,88.84230041503906,127.66000366210938
2016-07-29,184.94564819335935,89.18143463134766,128.97999572753906
2016-08-01,184.7924041748047,88.87187194824219,129.22000122070312
2016-08-02,183.60836791992188,88.6585693359375,130.27000427246094
2016-08-03,184.1449737548828,88.70600128173828,129.64999389648438
2016-08-04,184.3409423828125,88.91926574707031,129.8699951171875
2016-08-05,185.84861755371097,88.36638641357422,127.5500030517578
2016-08-08,185.7378692626953,88.3189697265625,127.44000244140624
2016-08-09,185.84861755371097,88.63489532470703,127.95999908447266
2016-08-10,185.38865661621097,88.87187194824219,128.55999755859375
2016-08-11,186.24899291992188,88.44538879394531,127.66999816894533
2016-08-12,186.0871124267578,88.76129150390625,127.4000015258789
2016-08-15,186.6237640380859,88.50065612792969,127.83999633789062
2016-08-16,185.66119384765625,88.35060119628906,128.47000122070312
2016-08-17,186.01046752929688,88.49270629882812,128.5
2016-08-18,186.4278106689453,88.65071105957031,129.11000061035156
2016-08-19,186.15524291992188,88.35060119628906,127.97000122070312
2016-08-22,186.1468048095703,88.54806518554688,127.77999877929688
2016-08-23,186.52149963378903,88.54010009765625,127.76000213623048
2016-08-24,185.56748962402344,88.50852966308594,126.33999633789062
2016-08-25,185.4397430419922,88.36638641357422,126.2300033569336
2016-08-26,185.09051513671875,88.02677154541016,126.0500030517578
2016-08-29,186.00193786621097,88.39004516601562,126.3000030517578
2016-08-30,185.69525146484375,88.3821029663086,125.02999877929688
2016-08-31,185.1671905517578,88.27944946289062,124.77999877929688
2016-09-01,185.1756896972656,88.41792297363281,125.29000091552734
2016-09-02,186.01046752929688,88.18851470947266,126.56999969482422
2016-09-06,186.5726623535156,88.59981536865234,128.7100067138672
2016-09-07,186.5555725097656,88.64727020263672,128.27000427246094
2016-09-08,186.1297149658203,88.21222686767578,127.58999633789062
2016-09-09,181.6747131347656,87.79307556152344,126.75
2016-09-12,184.28123474121097,87.87218475341797,126.58999633789062
2016-09-13,181.63214111328125,87.54788970947266,125.75
2016-09-14,181.5640106201172,87.74557495117188,126.18000030517578
2016-09-15,183.3783721923828,87.76933288574219,125.37000274658205
2016-09-16,182.6694793701172,87.8642578125,125.05999755859376
2016-09-19,182.7037048339844,87.71397399902344,125.31999969482422
2016-09-20,182.7123107910156,87.84842681884766,125.44000244140624
2016-09-21,184.7669219970703,87.99081420898438,127.2699966430664
2016-09-22,185.9313201904297,88.2518081665039,127.56999969482422
2016-09-23,184.9125213623047,88.2913589477539,127.6500015258789
2016-09-26,183.41433715820312,88.54443359375,127.5500030517578
2016-09-27,184.55291748046875,88.69471740722656,126.62000274658205
2016-09-28,185.468994140625,88.65519714355469,126.22000122070312
2016-09-29,183.7909698486328,88.71051025390625,126.06999969482422
2016-09-30,185.1779327392578,88.4891128540039,125.63999938964844
2016-10-03,184.7326812744141,88.28316497802734,125.31999969482422
2016-10-04,183.7909698486328,87.87926483154297,120.97000122070312
2016-10-05,184.6042938232422,87.68122100830078,120.77999877929688
2016-10-06,184.7326812744141,87.49911499023438,119.66000366210938
2016-10-07,184.0991668701172,87.62581634521484,119.73999786376952
2016-10-10,185.0580291748047,87.39613342285156,120.16000366210938
2016-10-11,182.72080993652344,87.3723373413086,119.5500030517578
2016-10-12,182.9605407714844,87.3723373413086,119.73999786376952
2016-10-13,182.3612823486328,87.55452728271484,120.02999877929688
2016-10-14,182.45542907714844,87.28524017333984,119.36000061035156
2016-10-17,181.82192993164065,87.4753189086914,119.68000030517578
2016-10-18,182.9605407714844,87.6495590209961,120.41999816894533
2016-10-19,183.44851684570312,87.68917846679688,121.11000061035156
2016-10-20,183.1061248779297,87.60999298095703,120.73999786376952
2016-10-21,183.1916656494141,87.70498657226562,120.83000183105467
2016-10-24,183.9707489013672,87.58623504638672,120.55999755859376
2016-10-25,183.35435485839844,87.57032775878906,121.47000122070312
2016-10-26,182.98622131347656,87.38030242919922,120.79000091552734
2016-10-27,182.4982452392578,87.07931518554688,121.01000213623048
2016-10-28,181.95884704589844,87.09513854980469,121.58000183105467
2016-10-31,181.9674530029297,87.16645812988281,121.94000244140624
2016-11-01,180.6490020751953,87.16964721679688,122.7300033569336
2016-11-02,179.561767578125,87.43136596679688,123.63999938964844
2016-11-03,178.73989868164062,87.37586975097656,124.3000030517578
2016-11-04,178.5430145263672,87.64549255371094,124.38999938964844
2016-11-07,182.4811553955078,87.28067016601562,122.1500015258789
2016-11-08,183.3029937744141,86.97135162353516,121.63999938964844
2016-11-09,185.2463836669922,85.6468734741211,121.55999755859376
2016-11-10,185.7086944580078,85.13134002685547,119.75
2016-11-11,185.2806854248047,84.95687103271484,117.0999984741211
2016-11-14,185.42620849609375,84.46515655517578,116.11000061035156
2016-11-15,186.8729705810547,84.46515655517578,117.12000274658205
2016-11-16,186.52198791503903,84.54449462890625,116.7699966430664
2016-11-17,187.48081970214844,84.17171478271484,116.16999816894533
2016-11-18,187.0613250732422,83.79898071289062,115.1500015258789
2016-11-21,188.4739532470703,83.8703384399414,115.58000183105467
2016-11-22,188.84210205078125,83.94963836669922,115.54000091552734
2016-11-23,188.94480895996097,83.6483154296875,113.25
2016-11-25,189.6468048095703,83.57684326171875,112.61000061035156
2016-11-28,188.75648498535156,83.95757293701172,113.8000030517578
2016-11-29,189.12457275390625,84.04483795166016,113.2699966430664
2016-11-30,188.6708526611328,83.4817123413086,111.75
2016-12-01,187.97740173339844,83.1632080078125,111.54000091552734
2016-12-02,188.0715789794922,83.53653717041016,112.13999938964844
2016-12-05,189.20159912109375,83.50472259521484,111.54000091552734
2016-12-06,189.8009490966797,83.53653717041016,111.43000030517578
2016-12-07,192.28366088867188,83.81449127197266,111.83000183105467
2016-12-08,192.7545166015625,83.4968032836914,111.56999969482422
2016-12-09,193.91883850097656,83.06792449951172,110.4000015258789
2016-12-12,193.69625854492188,83.08379364013672,110.81999969482422
2016-12-13,194.98898315429688,83.13146209716797,110.4499969482422
2016-12-14,193.3794860839844,82.44049072265625,108.83000183105467
2016-12-15,194.17567443847656,82.2101821899414,107.33999633789062
2016-12-16,193.79592895507812,82.3133773803711,108.0500030517578
2016-12-19,194.21788024902344,82.69467163085938,108.58999633789062
2016-12-20,194.9670867919922,82.51990509033203,107.79000091552734
2016-12-21,194.4245452880859,82.65492248535156,107.8499984741211
2016-12-22,194.0886688232422,82.61913299560547,107.58999633789062
2016-12-23,194.37290954589844,82.69866943359375,107.93000030517578
2016-12-27,194.85516357421875,82.57938385009766,108.55999755859376
2016-12-28,193.24473571777344,82.88164520263672,108.86000061035156
2016-12-29,193.2017059326172,83.13619232177734,110.29000091552734
2016-12-30,192.49557495117188,83.38282012939453,109.61000061035156
2017-01-03,193.9681701660156,83.34297943115234,110.47000122070312
2017-01-04,195.1221160888672,83.43843841552734,110.86000061035156
2017-01-05,194.9670867919922,83.97940826416016,112.58000183105467
2017-01-06,195.66468811035156,83.59757232666016,111.75
2017-01-09,195.01876831054688,83.91578674316406,112.66999816894533
2017-01-10,195.01876831054688,83.87596893310547,113.1500015258789
2017-01-11,195.56993103027344,83.971435546875,113.5
2017-01-12,195.0790100097656,84.01920318603516,113.91000366210938
2017-01-13,195.52685546875,83.83623504638672,114.20999908447266
2017-01-17,194.8379364013672,84.25780487060547,115.8499984741211
2017-01-18,195.2685089111328,83.66120910644531,114.87000274658205
2017-01-19,194.54510498046875,83.34297943115234,114.7699966430664
2017-01-20,195.2598876953125,83.38282012939453,115.0500030517578
2017-01-23,194.75181579589844,83.8203125,115.79000091552734
2017-01-24,196.00048828125,83.50215148925781,115.2699966430664
2017-01-25,197.6969451904297,83.08847045898438,114.31999969482422
2017-01-26,197.4903259277344,83.1998519897461,113.26000213623048
2017-01-27,197.1803436279297,83.30322265625,113.48999786376952
2017-01-30,195.9574432373047,83.27936553955078,113.97000122070312
2017-01-31,195.9402313232422,83.5657730102539,115.5500030517578
2017-02-01,196.01768493652344,83.40563201904297,115.1999969482422
2017-02-02,196.14691162109375,83.4374771118164,115.83999633789062
2017-02-03,197.4989013671875,83.501220703125,116.12999725341795
2017-02-06,197.14584350585935,83.89956665039062,117.6999969482422
2017-02-07,197.15447998046875,84.05094909667969,117.45999908447266
2017-02-08,197.4127960205078,84.39350891113281,118.19000244140624
2017-02-09,198.58396911621097,83.89160919189453,117.29000091552734
2017-02-10,199.36761474609375,83.83583068847656,117.5999984741211
2017-02-13,200.4527130126953,83.70835876464844,116.8000030517578
2017-02-14,201.25355529785156,83.40563201904297,116.93000030517578
2017-02-15,202.30419921875,83.24626922607422,117.4499969482422
2017-02-16,202.13198852539065,83.5808334350586,118.08000183105467
2017-02-17,202.4505615234375,83.803955078125,117.68000030517578
2017-02-21,203.65621948242188,83.76414489746094,117.75
2017-02-22,203.47537231445312,83.89956665039062,117.91000366210938
2017-02-23,203.61317443847656,84.12266540527344,118.94000244140624
2017-02-24,203.8715057373047,84.51297760009766,119.6999969482422
2017-02-27,204.19007873535156,84.2103042602539,119.12000274658205
2017-02-28,203.63897705078125,84.1704330444336,119.2300033569336
2017-03-01,206.4894561767578,83.58406066894531,119.05999755859376
2017-03-02,205.18910217285156,83.34471893310547,117.58000183105467
2017-03-03,205.31825256347656,83.42453002929688,117.51000213623048
2017-03-06,204.7068023681641,83.40856170654297,116.72000122070312
2017-03-07,204.0953826904297,83.28887176513672,115.77999877929688
2017-03-08,203.7165374755859,83.0096435546875,115.05999755859376
2017-03-09,203.9748077392578,82.77832794189453,114.47000122070312
2017-03-10,204.6895751953125,82.95381164550781,114.72000122070312
2017-03-13,204.79296875,82.74640655517578,114.73999786376952
2017-03-14,204.00929260253903,82.83412170410156,114.12000274658205
2017-03-15,205.774658203125,83.56011962890625,116.25
2017-03-16,205.36997985839844,83.32881164550781,116.7300033569336
2017-03-17,205.0092315673828,83.55211639404297,116.98999786376952
2017-03-20,204.7843780517578,83.75157165527344,117.51000213623048
2017-03-21,202.1550750732422,84.03082275390625,118.54000091552734
2017-03-22,202.63075256347656,84.19038391113281,118.83000183105467
2017-03-23,202.41452026367188,84.10262298583984,118.66999816894533
2017-03-24,202.26754760742188,84.15046691894531,118.86000061035156
2017-03-27,202.05992126464844,84.35787200927734,119.52999877929688
2017-03-28,203.5302734375,84.0706787109375,119.04000091552734
2017-03-29,203.72055053710935,84.31005859375,119.33000183105467
2017-03-30,204.3692321777344,84.0706787109375,118.47000122070312
2017-03-31,203.89349365234375,84.23827362060547,118.72000122070312
2017-04-03,203.5388946533203,84.65290069580078,119.3499984741211
2017-04-04,203.66864013671875,84.53308868408203,119.62000274658205
2017-04-05,203.0632171630859,84.69290924072266,119.62000274658205
2017-04-06,203.6340484619141,84.63697814941406,119.18000030517578
2017-04-07,203.426513671875,84.38130187988281,119.45999908447266
2017-04-10,203.5475921630859,84.53308868408203,119.45999908447266
2017-04-11,203.3053741455078,84.9245376586914,121.19000244140624
2017-04-12,202.41452026367188,85.18824005126953,122.0199966430664
2017-04-13,201.09988403320312,85.44393157958984,122.5999984741211
2017-04-17,202.881591796875,85.3080825805664,122.23999786376952
2017-04-18,202.27615356445312,85.79548645019531,122.81999969482422
2017-04-19,201.9042510986328,85.57173919677734,121.7300033569336
2017-04-20,203.5475921630859,85.37998962402344,121.95999908447266
2017-04-21,202.89889526367188,85.41995239257812,122.30999755859376
2017-04-24,205.1303253173828,85.24413299560547,121.4800033569336
2017-04-25,206.32391357421875,84.80477142333984,120.25
2017-04-26,206.19418334960935,85.02839660644531,120.83999633789062
2017-04-27,206.36717224121097,85.08435821533203,120.38999938964844
2017-04-28,205.9174041748047,85.17228698730469,120.7699966430664
2017-05-01,206.4363555908203,84.98822784423828,119.66999816894533
2017-05-02,206.51417541503903,85.16427612304688,119.6500015258789
2017-05-03,206.26339721679688,84.98822784423828,117.9800033569336
2017-05-04,206.50555419921875,84.79618835449219,116.79000091552734
2017-05-05,207.3185882568359,84.81218719482422,117.01000213623048
2017-05-08,207.2839508056641,84.6041488647461,116.75
2017-05-09,207.0936584472656,84.50810241699219,116.0500030517578
2017-05-10,207.46563720703125,84.47608184814453,116.04000091552734
2017-05-11,207.04180908203125,84.54013061523438,116.5
2017-05-12,206.69583129882812,84.9722671508789,116.83000183105467
2017-05-15,207.8374938964844,84.91622161865234,117.13999938964844
2017-05-16,207.64724731445312,85.0282211303711,117.6500015258789
2017-05-17,203.96273803710935,85.7083969116211,119.79000091552734
2017-05-18,204.7843780517578,85.68437957763672,118.80999755859376
2017-05-19,206.11636352539065,85.66036987304688,119.4000015258789
2017-05-22,207.1629180908203,85.56436920166016,119.9000015258789
2017-05-23,207.6212615966797,85.34032440185547,119.13999938964844
2017-05-24,208.1056671142578,85.51636505126953,119.61000061035156
2017-05-25,209.1002655029297,85.56436920166016,119.4800033569336
2017-05-26,209.0570831298828,85.62039184570312,120.54000091552734
2017-05-30,208.8754425048828,85.83641815185547,120.13999938964844
2017-05-31,208.8235015869141,85.87647247314453,120.62000274658205
2017-06-01,210.48410034179688,85.83155822753906,120.72000122070312
2017-06-02,211.1847686767578,86.20824432373047,121.61000061035156
2017-06-05,211.029052734375,86.06399536132812,121.7300033569336
2017-06-06,210.3543701171875,86.33646392822266,123.0999984741211
2017-06-07,210.74362182617188,86.17620086669922,122.4499969482422
2017-06-08,210.84738159179688,86.03992462158203,121.6500015258789
2017-06-09,210.5274200439453,85.95978546142578,120.54000091552734
2017-06-12,210.48410034179688,85.94375610351562,120.36000061035156
2017-06-13,211.513427734375,85.97581481933594,120.4800033569336
2017-06-14,211.2452850341797,86.42460632324219,119.81999969482422
2017-06-15,210.8387756347656,86.27235412597656,119.31999969482422
2017-06-16,210.88482666015625,86.3204116821289,119.33999633789062
2017-06-19,212.64047241210935,86.07997131347656,118.43000030517578
2017-06-20,211.20635986328125,86.29637145996094,118.18000030517578
2017-06-21,211.15423583984375,86.28838348388672,118.5199966430664
2017-06-22,211.0586395263672,86.36851501464844,118.91999816894533
2017-06-23,211.31069946289065,86.39257049560547,119.43000030517578
2017-06-26,211.44973754882812,86.46466827392578,118.36000061035156
2017-06-27,209.7462615966797,86.03992462158203,118.80999755859376
2017-06-28,211.6235809326172,85.95978546142578,118.9000015258789
2017-06-29,209.76364135742188,85.63922119140625,118.31999969482422
2017-06-30,210.1547393798828,85.43890380859375,118.0199966430664
2017-07-03,210.5111389160156,85.12503051757812,116.08999633789062
2017-07-05,210.9977874755859,85.18927764892578,116.5199966430664
2017-07-06,209.068359375,85.02874755859375,116.47000122070312
2017-07-07,210.4241485595703,84.89228057861328,115.27999877929688
2017-07-10,210.6501617431641,85.00468444824219,115.47000122070312
2017-07-11,210.49371337890625,85.11703491210938,115.62000274658205
2017-07-12,212.07553100585935,85.3658447265625,116.02999877929688
2017-07-13,212.431884765625,85.27753448486328,115.81999969482422
2017-07-14,213.4226226806641,85.39794921875,116.7699966430664
2017-07-17,213.3965759277344,85.50228118896484,117.29000091552734
2017-07-18,213.5095672607422,85.8153305053711,118.11000061035156
2017-07-19,214.66551208496097,85.8153305053711,118.08000183105467
2017-07-20,214.76112365722656,85.8393783569336,118.23999786376952
2017-07-21,214.5699005126953,85.99187469482422,119.26000213623048
2017-07-24,214.51776123046875,85.93569946289062,119.30999755859376
2017-07-25,215.03921508789065,85.45411682128906,118.91999816894533
2017-07-26,215.0478973388672,85.72698974609375,119.87999725341795
2017-07-27,214.8480224609375,85.590576171875,119.79000091552734
2017-07-28,214.59597778320312,85.73506164550781,120.69000244140624
2017-07-31,214.4743499755859,85.75912475585938,120.75
2017-08-01,214.9523773193359,85.97213745117188,120.6500015258789
2017-08-02,215.0565948486328,85.89176177978516,120.4000015258789
2017-08-03,214.63943481445312,86.1891860961914,120.58999633789062
2017-08-04,215.0305328369141,85.95608520507812,119.6500015258789
2017-08-07,215.4303741455078,86.00430297851562,119.51000213623048
2017-08-08,214.9001922607422,85.93193817138672,119.86000061035156
2017-08-09,214.89146423339844,86.03644561767578,121.30999755859376
2017-08-10,211.85821533203125,86.35798645019531,122.20999908447266
2017-08-11,212.1711273193359,86.4544906616211,122.79000091552734
2017-08-14,214.27438354492188,86.24547576904297,121.91999816894533
2017-08-15,214.2483367919922,85.98821258544922,120.9800033569336
2017-08-16,214.6220245361328,86.14897155761719,121.87000274658205
2017-08-17,211.27589416503903,86.4544906616211,122.48999786376952
2017-08-18,210.94564819335935,86.47052764892578,122.3000030517578
2017-08-21,211.1107635498047,86.52677154541016,122.76000213623048
2017-08-22,213.318359375,86.35798645019531,122.20999908447266
2017-08-23,212.55352783203125,86.65544891357422,122.66999816894533
2017-08-24,212.0581512451172,86.51873779296875,122.29000091552734
2017-08-25,212.55352783203125,86.6634750366211,122.73999786376952
2017-08-28,212.5622406005859,86.74381256103516,124.69000244140624
2017-08-29,212.8055877685547,86.94479370117188,124.41999816894533
2017-08-30,213.8137664794922,86.87247467041016,124.36000061035156
2017-08-31,215.10009765625,87.00907135009766,125.81999969482422
2017-09-01,215.4042205810547,86.7530746459961,126.05999755859376
2017-09-05,213.857177734375,87.35694122314453,127.45999908447266
2017-09-06,214.5873260498047,87.1475830078125,126.80999755859376
2017-09-07,214.56118774414065,87.52597045898438,128.1300048828125
2017-09-08,214.30914306640625,87.46154022216797,127.97000122070312
2017-09-11,216.59500122070312,86.96239471435547,126.19000244140624
2017-09-12,217.32505798339844,86.7530746459961,126.55999755859376
2017-09-13,217.4293670654297,86.57595825195312,125.61000061035156
2017-09-14,217.3598175048828,86.59207153320312,126.16000366210938
2017-09-15,217.65240478515625,86.69676971435547,125.52999877929688
2017-09-18,218.11534118652344,86.35861206054688,124.36000061035156
2017-09-19,218.3336944580078,86.26200103759766,124.62000274658205
2017-09-20,218.4122772216797,86.09297180175781,123.62000274658205
2017-09-21,217.82711791992188,85.98023986816406,122.68000030517578
2017-09-22,217.8708343505859,86.13321685791016,123.23999786376952
2017-09-25,217.42535400390625,86.39078521728516,124.52999877929688
2017-09-26,217.5563507080078,86.318359375,123.13999938964844
2017-09-27,218.403564453125,85.87553405761719,121.9800033569336
2017-09-28,218.6656036376953,85.85945129394531,122.20999908447266
2017-09-29,219.43421936035156,85.75485229492188,121.58000183105467
2017-10-02,220.38626098632812,85.6572265625,120.7699966430664
2017-10-03,220.85794067382812,85.77825927734375,120.83000183105467
2017-10-04,221.1199951171875,85.75403594970703,121.16999816894533
2017-10-05,222.4301300048828,85.66531372070312,120.5199966430664
2017-10-06,222.1768493652344,85.56050872802734,121.08999633789062
2017-10-09,221.8099822998047,85.6572265625,122.08000183105467
2017-10-10,222.3951873779297,85.68953704833984,122.4000015258789
2017-10-11,222.74456787109375,85.78626251220703,122.79000091552734
2017-10-12,222.41265869140625,85.86692810058594,122.88999938964844
2017-10-13,222.68341064453125,86.15714263916016,123.81999969482422
2017-10-16,222.98036193847656,86.01201629638672,122.97000122070312
2017-10-17,223.1376190185547,85.97978973388672,122.12999725341795
2017-10-18,223.3560028076172,85.76209259033203,121.66999816894533
2017-10-19,223.41709899902344,85.85076141357422,122.38999938964844
2017-10-20,224.5700225830078,85.49601745605469,121.61000061035156
2017-10-23,223.69662475585935,85.5766830444336,121.8000030517578
2017-10-24,224.08963012695312,85.31865692138672,121.33000183105467
2017-10-25,222.98036193847656,85.18157958984375,121.3499984741211
2017-10-26,223.26861572265625,85.0687255859375,120.33000183105467
2017-10-27,225.0940704345703,85.34283447265625,120.9000015258789
2017-10-30,224.2555999755859,85.64915466308594,121.12999725341795
2017-10-31,224.60496520996097,85.5927963256836,120.66999816894533
2017-11-01,224.90191650390625,85.6444320678711,121.11000061035156
2017-11-02,224.98928833007812,85.75752258300781,121.19000244140624
2017-11-03,225.7404632568359,85.89478302001953,120.62000274658205
2017-11-06,226.08985900878903,85.99977111816406,121.6500015258789
2017-11-07,225.9326629638672,86.03208923339844,121.20999908447266
2017-11-08,226.31690979003903,85.92709350585938,121.62999725341795
2017-11-09,225.49591064453125,85.89478302001953,122.12999725341795
2017-11-10,225.4260406494141,85.45873260498047,121.12999725341795
2017-11-13,225.63568115234375,85.41834259033203,121.30999755859376
2017-11-14,225.111572265625,85.53950500488281,121.55999755859376
2017-11-15,223.98492431640625,85.84632873535156,121.41000366210938
2017-11-16,225.88894653320312,85.62832641601562,121.4000015258789
2017-11-17,225.22511291503903,85.74138641357422,122.86000061035156
2017-11-20,225.60940551757812,85.60407257080078,121.30999755859376
2017-11-21,227.0855255126953,85.6202163696289,121.51000213623048
2017-11-22,226.8846740722656,85.89478302001953,122.62999725341795
2017-11-24,227.40872192382812,85.82210540771484,122.31999969482422
2017-11-27,227.2952117919922,85.87862396240234,122.83000183105467
2017-11-28,229.60110473632812,85.89478302001953,122.80999755859376
2017-11-29,229.46128845214844,85.6202163696289,122.04000091552734
2017-11-30,231.47023010253903,85.35375213623047,121.0999984741211
2017-12-01,230.9898681640625,85.66918182373047,121.58999633789062
2017-12-04,230.71034240722656,85.62871551513672,121.18000030517578
2017-12-05,229.88058471679688,85.69342041015625,120.31999969482422
2017-12-06,229.9242401123047,85.87136840820312,120.06999969482422
2017-12-07,230.6492156982422,85.7176513671875,118.48999786376952
2017-12-08,231.90692138671875,85.65298461914062,118.4800033569336
2017-12-11,232.6057281494141,85.59639739990234,118.01000213623048
2017-12-12,233.0162048339844,85.5235595703125,118.1500015258789
2017-12-13,232.99005126953125,85.87136840820312,119.16999816894533
2017-12-14,232.03794860839844,85.83900451660156,118.93000030517578
2017-12-15,233.97024536132812,85.82278442382812,119.18000030517578
2017-12-18,235.45388793945312,85.62871551513672,119.7300033569336
2017-12-19,234.5496826171875,85.24052429199219,119.81999969482422
2017-12-20,234.4267578125,84.9898452758789,120.13999938964844
2017-12-21,234.9095916748047,85.04975891113281,120.30999755859376
2017-12-22,234.84815979003903,85.0821304321289,120.94000244140624
2017-12-26,234.56716918945312,85.11456298828125,121.7699966430664
2017-12-27,234.6813201904297,85.4790267944336,122.2300033569336
2017-12-28,235.16421508789065,85.37377166748047,122.8499984741211
2017-12-29,234.2775115966797,85.51148986816406,123.6500015258789
2018-01-02,235.95425415039065,85.22797393798828,125.1500015258789
2018-01-03,237.44671630859375,85.31703186035156,124.81999969482422
2018-01-04,238.4474639892578,85.27655792236328,125.45999908447266
2018-01-05,240.03662109375,85.17125701904297,125.33000183105467
2018-01-08,240.47547912597656,85.1307601928711,125.30999755859376
2018-01-09,241.019775390625,84.72576141357422,124.7300033569336
2018-01-10,240.6510772705078,84.70146942138672,125.02999877929688
2018-01-11,242.40684509277344,84.75812530517578,125.44000244140624
2018-01-12,243.987060546875,84.70146942138672,126.95999908447266
2018-01-16,243.1530609130859,84.74193572998047,127.16999816894533
2018-01-17,245.4706573486328,84.55565643310547,126.13999938964844
2018-01-18,245.0581970214844,84.2883529663086,125.86000061035156
2018-01-19,246.17312622070312,84.06970977783203,126.41999816894533
2018-01-22,248.17474365234375,84.03726196289062,126.6500015258789
2018-01-23,248.70144653320312,84.28026580810547,127.27999877929688
2018-01-24,248.6049041748047,84.11825561523438,128.8300018310547
2018-01-25,248.71017456054688,84.30457305908203,127.97000122070312
2018-01-26,251.5897216796875,84.05342864990234,128.07000732421875
2018-01-29,249.92173767089844,83.84284973144531,127.3499984741211
2018-01-30,247.3582305908203,83.64844512939453,126.8000030517578
2018-01-31,247.48123168945312,83.6727523803711,127.6500015258789
2018-02-01,247.20018005371097,83.24114990234375,128.07000732421875
2018-02-02,241.81871032714844,82.93285369873047,126.38999938964844
2018-02-05,231.70523071289065,83.61431121826172,126.70999908447266
2018-02-06,236.2703857421875,83.24923706054688,125.37999725341795
2018-02-07,234.9886016845703,83.00582885742188,124.79000091552734
2018-02-08,226.1744384765625,83.07882690429688,124.9800033569336
2018-02-09,229.57191467285156,82.93285369873047,124.7699966430664
2018-02-12,232.9430999755859,82.90848541259766,125.37000274658205
2018-02-13,233.5225067138672,83.04643249511719,126.08000183105467
2018-02-14,236.67420959472656,82.54337310791016,128.22999572753906
2018-02-15,239.6941375732422,82.56771850585938,128.3800048828125
2018-02-16,239.7643890380859,82.76245880126953,127.95999908447266
2018-02-20,238.2631072998047,82.67321014404297,126.23999786376952
2018-02-21,237.07797241210935,82.4298324584961,125.66000366210938
2018-02-22,237.3853302001953,82.54337310791016,126.3000030517578
2018-02-23,241.1690673828125,82.85980987548828,126.13999938964844
2018-02-26,243.9695281982422,82.9571533203125,126.4499969482422
2018-02-27,240.92327880859375,82.69758605957031,125.12999725341795
2018-02-28,238.4826507568359,82.89227294921875,125.0
2018-03-01,235.01495361328125,83.24898529052734,124.72000122070312
2018-03-02,236.2263946533203,82.94023132324219,125.38999938964844
2018-03-05,238.95668029785156,82.83458709716797,125.18000030517578
2018-03-06,239.5625,82.82647705078125,126.52999877929688
2018-03-07,239.47467041015625,82.82647705078125,125.72000122070312
2018-03-08,240.63351440429688,82.99708557128906,125.41999816894533
2018-03-09,244.8210601806641,82.81832885742188,125.54000091552734
2018-03-12,244.51382446289065,83.01334381103516,125.54000091552734
2018-03-13,242.93362426757812,83.15147399902344,125.77999877929688
2018-03-14,241.6869354248047,83.3139877319336,125.6999969482422
2018-03-15,241.42361450195312,83.28148651123047,124.9000015258789
2018-03-16,241.68540954589844,83.18397521972656,124.5999984741211
2018-03-19,238.4154357910156,83.10272979736328,124.87000274658205
2018-03-20,238.82081604003903,82.94023132324219,124.30999755859376
2018-03-21,238.36251831054688,82.99708557128906,126.4800033569336
2018-03-22,232.4040679931641,83.33838653564453,125.9800033569336
2018-03-23,227.45050048828125,83.4521255493164,127.61000061035156
2018-03-26,233.67335510253903,83.22461700439453,128.27999877929688
2018-03-27,229.6981201171875,83.6958999633789,127.48999786376952
2018-03-28,229.01939392089844,83.67965698242188,125.7300033569336
2018-03-29,231.9457550048828,83.85029602050781,125.79000091552734
2018-04-02,226.93927001953125,83.93574523925781,127.26000213623048
2018-04-03,229.84796142578125,83.66715240478516,126.3000030517578
2018-04-04,232.30712890625,83.61832427978516,126.4499969482422
2018-04-05,234.14048767089844,83.40665435791016,125.8000030517578
2018-04-06,228.9224395751953,83.77297973632812,126.38999938964844
2018-04-09,230.0506134033203,83.78926849365234,126.81999969482422
2018-04-10,233.7085418701172,83.64278411865234,127.12000274658205
2018-04-11,232.48342895507812,83.7241439819336,128.11000061035156
2018-04-12,234.3960723876953,83.42295837402344,126.62000274658205
2018-04-13,233.7085418701172,83.49623107910156,127.4499969482422
2018-04-16,235.62998962402344,83.45555114746094,127.62999725341795
2018-04-17,238.15093994140625,83.50435638427734,127.75
2018-04-18,238.32720947265625,83.17877197265625,127.8499984741211
2018-04-19,237.00509643554688,82.95087432861328,127.5999984741211
2018-04-20,234.99539184570312,82.67407989501953,126.62999725341795
2018-04-23,234.9601898193359,82.59270477294922,125.62000274658205
2018-04-24,231.79586791992188,82.49506378173828,126.2300033569336
2018-04-25,232.36875915527344,82.31600952148438,125.41000366210938
2018-04-26,234.73106384277344,82.55205535888672,124.97000122070312
2018-04-27,234.9514007568359,82.69043731689453,125.5
2018-04-30,233.14450073242188,82.77993774414062,124.58999633789062
2018-05-01,233.55870056152344,82.65026092529297,123.70999908447266
2018-05-02,231.9898223876953,82.66658782958984,123.6500015258789
2018-05-03,231.4785614013672,82.87858581542969,124.27999877929688
2018-05-04,234.4753875732422,82.88676452636719,124.54000091552734
2018-05-07,235.26869201660156,82.84603118896484,124.56999969482422
2018-05-08,235.26869201660156,82.70736694335938,124.58999633789062
2018-05-09,237.5427398681641,82.51976013183594,124.33000183105467
2018-05-10,239.7638702392578,82.69105529785156,125.18000030517578
2018-05-11,240.4954833984375,82.69917297363281,125.0
2018-05-14,240.61013793945312,82.51976013183594,124.48999786376952
2018-05-15,238.95301818847656,82.06309509277344,122.4800033569336
2018-05-16,239.95785522460935,81.89187622070312,122.29000091552734
2018-05-17,239.75506591796875,81.84296417236328,122.36000061035156
2018-05-18,239.15573120117188,82.16099548339844,122.41000366210938
2018-05-21,240.95382690429688,82.21808624267578,122.4800033569336
2018-05-22,240.2839508056641,82.18544006347656,122.41000366210938
2018-05-23,240.9450531005859,82.5605239868164,122.54000091552734
2018-05-24,240.4514617919922,82.77261352539062,123.58999633789062
2018-05-25,239.87857055664065,83.09881591796875,123.20999908447266
2018-05-29,237.11961364746097,83.99584197998047,123.19000244140624
2018-05-30,240.2839508056641,83.63700866699219,123.37000274658205
2018-05-31,238.81198120117188,83.59626007080078,123.0999984741211
2018-06-01,241.15658569335935,83.28741455078125,122.48999786376952
2018-06-04,242.30245971679688,82.9931869506836,122.37000274658205
2018-06-05,242.47866821289065,83.2056655883789,122.8499984741211
2018-06-06,244.5059356689453,82.87065124511719,122.91999816894533
2018-06-07,244.47950744628903,83.22201538085938,122.86000061035156
2018-06-08,245.2022705078125,83.10762023925781,123.01000213623048
2018-06-11,245.52847290039065,83.02591705322266,123.2300033569336
2018-06-12,245.84573364257812,82.9769058227539,122.81999969482422
2018-06-13,245.0612640380859,82.87882232666016,123.19000244140624
2018-06-14,245.6782684326172,83.14028930664062,123.37999725341795
2018-06-15,245.3648376464844,83.2056655883789,121.33999633789062
2018-06-18,244.86016845703125,83.24653625488281,121.11000061035156
2018-06-19,243.9217071533203,83.46714782714844,120.8000030517578
2018-06-20,244.3377990722656,83.19749450683594,120.26000213623048
2018-06-21,242.8060607910156,83.41812896728516,120.0500030517578
2018-06-22,243.24874877929688,83.4344711303711,120.33999633789062
2018-06-25,239.93743896484375,83.54881286621094,119.88999938964844
2018-06-26,240.4687042236328,83.58970642089844,119.26000213623048
2018-06-27,238.47659301757812,83.9084243774414,118.58000183105467
2018-06-28,239.84017944335935,83.82665252685547,118.22000122070312
2018-06-29,240.1854248046875,83.76131439208984,118.6500015258789
2018-07-02,240.6988525390625,83.7039794921875,117.45999908447266
2018-07-03,239.84896850585935,83.91685485839844,118.6500015258789
2018-07-05,241.8056182861328,83.92504119873047,119.0500030517578
2018-07-06,243.850830078125,83.99870300292969,118.86000061035156
2018-07-09,246.0465850830078,83.785888671875,119.1500015258789
2018-07-10,246.9319610595703,83.72034454345703,118.93000030517578
2018-07-11,245.125732421875,83.8923110961914,117.63999938964844
2018-07-12,247.3480987548828,83.85954284667969,118.12999725341795
2018-07-13,247.54281616210935,83.99870300292969,117.61000061035156
2018-07-16,247.3214111328125,83.85954284667969,117.5500030517578
2018-07-17,248.32205200195312,83.81039428710938,116.27999877929688
2018-07-18,248.84434509277344,83.74494171142578,116.30999755859376
2018-07-19,247.9058380126953,83.9741439819336,115.80999755859376
2018-07-20,247.6224670410156,83.679443359375,116.55999755859376
2018-07-23,248.08299255371097,83.27010345458984,116.0
2018-07-24,249.3313446044922,83.32743072509766,116.04000091552734
2018-07-25,251.4562835693359,83.27010345458984,116.68000030517578
2018-07-26,250.863037109375,83.18009185791016,115.7699966430664
2018-07-27,249.1631774902344,83.31108856201172,115.83000183105467
2018-07-30,247.861572265625,83.2046127319336,115.6500015258789
2018-07-31,249.0833282470703,83.31925201416016,115.98999786376952
2018-08-01,248.66732788085935,83.12236785888672,115.13999938964844
2018-08-02,250.02197265625,83.2208480834961,114.5199966430664
2018-08-03,251.09327697753903,83.43406677246094,114.91999816894533
2018-08-06,252.01400756835935,83.47512817382812,114.33000183105467
2018-08-07,252.8462677001953,83.30281066894531,114.58999633789062
2018-08-08,252.73995971679688,83.3766860961914,114.91000366210938
2018-08-09,252.3946990966797,83.60629272460938,114.73999786376952
2018-08-10,250.70372009277344,83.9672622680664,114.69000244140624
2018-08-13,249.76515197753903,83.94264221191406,112.95999908447266
2018-08-14,251.3587951660156,83.860595703125,113.06999969482422
2018-08-15,249.48182678222656,84.06564331054688,111.19000244140624
2018-08-16,251.5005798339844,84.04105377197266,111.0999984741211
2018-08-17,252.3859100341797,84.07386016845703,112.12999725341795
2018-08-20,252.92599487304688,84.33634185791016,112.69000244140624
2018-08-21,253.5191650390625,84.22149658203125,113.0199966430664
2018-08-22,253.36866760253903,84.37736511230469,113.2699966430664
2018-08-23,253.0322265625,84.36915588378906,112.1999969482422
2018-08-24,254.55499267578125,84.39371490478516,114.16000366210938
2018-08-27,256.5649108886719,84.20506286621094,114.58999633789062
2018-08-28,256.688720703125,84.01647186279297,113.68000030517578
2018-08-29,258.070068359375,83.99183654785156,114.1999969482422
2018-08-30,257.0251159667969,84.14774322509766,113.63999938964844
2018-08-31,257.0340270996094,84.1640853881836,113.51000213623048
2018-09-04,256.5914001464844,83.9717788696289,112.93000030517578
2018-09-05,255.9007873535156,83.96356201171875,113.31999969482422
2018-09-06,255.1304931640625,84.13617706298828,113.54000091552734
2018-09-07,254.63473510742188,83.75808715820312,113.2300033569336
2018-09-10,255.0774383544922,83.80738830566406,113.1500015258789
2018-09-11,255.91859436035156,83.5032730102539,113.22000122070312
2018-09-12,255.98060607910156,83.6019287109375,114.16999816894533
2018-09-13,257.4945068359375,83.59371185302734,113.76000213623048
2018-09-14,257.538818359375,83.43753051757812,113.0199966430664
2018-09-17,256.17535400390625,83.45401000976562,113.61000061035156
2018-09-18,257.5653076171875,83.10879516601562,113.44000244140624
2018-09-19,257.8398132324219,82.96904754638672,113.87999725341795
2018-09-20,259.9292907714844,82.97732543945312,114.2699966430664
2018-09-21,259.6917724609375,83.01014709472656,113.48999786376952
2018-09-24,258.82916259765625,82.91974639892578,113.47000122070312
2018-09-25,258.58905029296875,82.8375244140625,113.6500015258789
2018-09-26,257.815185546875,83.10879516601562,113.0500030517578
2018-09-27,258.53564453125,83.10879516601562,112.0500030517578
2018-09-28,258.562255859375,83.14988708496094,112.76000213623048
2018-10-01,259.4606018066406,82.9390640258789,112.56999969482422
2018-10-02,259.3094177246094,83.15319061279297,113.87000274658205
2018-10-03,259.4516906738281,82.5355224609375,113.41999816894533
2018-10-04,257.42388916015625,82.3213882446289,113.4800033569336
2018-10-05,255.9830322265625,82.1237564086914,113.8000030517578
2018-10-08,255.9830322265625,82.15666961669922,112.54000091552734
2018-10-09,255.6095733642578,82.31317901611328,112.5999984741211
2018-10-10,247.5161895751953,82.35432434082031,112.87999725341795
2018-10-11,242.0641632080078,82.69195556640625,115.77999877929688
2018-10-12,245.42608642578125,82.59317779541016,115.2300033569336
2018-10-15,244.0475616455078,82.64259338378906,116.0
2018-10-16,249.38375854492188,82.63429260253906,115.8000030517578
2018-10-17,249.42837524414065,82.39553833007812,115.79000091552734
2018-10-18,245.82627868652344,82.54373931884766,115.91999816894533
2018-10-19,245.69285583496097,82.44491577148438,116.01000213623048
2018-10-22,244.5900421142578,82.46135711669922,115.70999908447266
2018-10-23,243.34494018554688,82.67552185058594,116.38999938964844
2018-10-24,235.97189331054688,83.12024688720703,116.66000366210938
2018-10-25,240.2053985595703,82.9225845336914,116.4000015258789
2018-10-26,235.98077392578125,83.29319763183594,116.7699966430664
2018-10-29,234.67335510253903,83.28496551513672,116.30999755859376
2018-10-30,238.15087890625,83.1037826538086,115.8000030517578
2018-10-31,240.6945648193359,82.89789581298828,115.1500015258789
2018-11-01,243.2559814453125,82.96886444091797,116.62999725341795
2018-11-02,241.8151702880859,82.50672149658203,116.6500015258789
2018-11-05,243.14927673339844,82.55619049072266,116.37000274658205
2018-11-06,244.6879119873047,82.46539306640625,116.04000091552734
2018-11-07,249.92637634277344,82.46539306640625,116.02999877929688
2018-11-08,249.4727478027344,82.34988403320312,115.77999877929688
2018-11-09,247.03598022460935,82.6717529296875,114.4800033569336
2018-11-12,242.41995239257812,82.9193344116211,113.66000366210938
2018-11-13,241.96644592285156,82.98539733886719,113.6999969482422
2018-11-14,240.3121795654297,83.15869903564453,114.63999938964844
2018-11-15,242.82015991210935,83.21643829345703,114.7699966430664
2018-11-16,243.45169067382812,83.47233581542969,115.62000274658205
2018-11-19,239.33377075195312,83.59608459472656,115.66999816894533
2018-11-20,234.90467834472656,83.57960510253906,115.66999816894533
2018-11-21,235.7051544189453,83.56307220458984,115.86000061035156
2018-11-23,234.13082885742188,83.61260986328125,115.7699966430664
2018-11-26,237.9108123779297,83.54658508300781,115.63999938964844
2018-11-27,238.71115112304688,83.62911224365234,114.9499969482422
2018-11-28,244.20762634277344,83.62084197998047,115.37999725341795
2018-11-29,243.67398071289065,83.83545684814453,115.73999786376952
2018-11-30,245.15924072265625,84.00047302246094,115.54000091552734
2018-12-03,248.405517578125,84.18409729003906,116.41000366210938
2018-12-04,240.35662841796875,84.57282257080078,117.12000274658205
2018-12-06,239.9919281005859,84.78787994384766,117.13999938964844
2018-12-07,234.41554260253903,85.0359115600586,118.08999633789062
2018-12-10,234.86019897460935,85.08560180664062,117.68000030517578
2018-12-11,234.91351318359375,84.87055206298828,117.54000091552734
2018-12-12,236.096435546875,84.63898468017578,117.79000091552734
2018-12-13,236.016357421875,84.68856811523438,117.52999877929688
2018-12-14,231.65835571289065,84.82091522216797,117.05999755859376
2018-12-17,227.1136016845703,85.06903839111328,117.87000274658205
2018-12-18,226.8645782470703,85.27871704101562,118.1500015258789
2018-12-19,223.4671173095703,85.57706451416016,117.43000030517578
2018-12-20,219.82960510253903,85.46930694580078,119.23999786376952
2018-12-21,215.3253173828125,85.54393768310547,118.72000122070312
2018-12-24,209.63577270507812,85.75936126708984,120.0199966430664
2018-12-26,220.22764587402344,85.35331726074219,119.66000366210938
2018-12-27,221.9184112548828,85.56876373291016,120.56999969482422
2018-12-28,221.6321258544922,86.03292083740234,121.05999755859376
2018-12-31,223.57337951660156,86.35608673095703,121.25
2019-01-02,223.80593872070312,86.53844451904297,121.33000183105467
2019-01-03,218.46531677246097,87.22628784179688,122.43000030517578
2019-01-04,225.782958984375,86.52184295654297,121.44000244140624
2019-01-07,227.5631866455078,86.28147888183594,121.86000061035156
2019-01-08,229.7012634277344,86.0660171508789,121.52999877929688
2019-01-09,230.7747802734375,86.1157455444336,122.30999755859376
2019-01-10,231.5888214111328,86.0743408203125,121.58999633789062
2019-01-11,231.6782684326172,86.33123016357422,121.8000030517578
2019-01-14,230.26483154296875,86.28147888183594,122.08999633789062
2019-01-15,232.90383911132812,86.19863891601562,121.87999725341795
2019-01-16,233.4674530029297,86.14891052246094,122.2699966430664
2019-01-17,235.23866271972656,85.99143981933594,122.11000061035156
2019-01-18,238.3697052001953,85.71793365478516,121.0199966430664
2019-01-22,235.149169921875,86.01631164550781,121.4499969482422
2019-01-23,235.64125061035156,85.97486114501953,121.27999877929688
2019-01-24,235.76649475097656,86.2483901977539,121.08999633789062
2019-01-25,237.7614288330078,86.0494155883789,122.86000061035156
2019-01-28,235.95437622070312,86.0743408203125,123.29000091552734
2019-01-29,235.64125061035156,86.32292938232422,123.9800033569336
2019-01-30,239.3716583251953,86.52184295654297,124.69000244140624
2019-01-31,241.4739227294922,86.91960144042969,124.75
2019-02-01,241.5902862548828,86.45455932617188,124.5
2019-02-04,243.2898406982422,86.26354217529297,123.95999908447266
2019-02-05,244.30970764160156,86.41304016113281,124.27999877929688
2019-02-06,243.98768615722656,86.47949981689453,123.44000244140624
2019-02-07,241.66177368164065,86.76182556152344,123.73999786376952
2019-02-08,241.9569091796875,86.87813568115234,124.20999908447266
2019-02-11,242.09120178222656,86.7452621459961,123.5999984741211
2019-02-12,245.2042999267578,86.62895202636719,123.86000061035156
2019-02-13,246.00042724609375,86.41304016113281,123.37000274658205
2019-02-14,245.45474243164065,86.81999969482422,124.05999755859376
2019-02-15,248.12960815429688,86.73696899414062,124.8000030517578
2019-02-19,248.5589904785156,86.88642883300781,126.6999969482422
2019-02-20,249.0599822998047,86.86980438232422,126.4800033569336
2019-02-21,248.17431640625,86.61236572265625,125.0500030517578
2019-02-22,249.7130126953125,86.86980438232422,125.5
2019-02-25,250.0528564453125,86.73696899414062,125.37000274658205
2019-02-26,249.87396240234375,86.99439239501953,125.58000183105467
2019-02-27,249.76663208007812,86.68709564208984,124.69000244140624
2019-02-28,249.30140686035156,86.46284484863281,123.98999786376952
2019-03-01,250.8581085205078,86.17914581298828,121.87999725341795
2019-03-04,249.94558715820312,86.44538879394531,121.55999755859376
2019-03-05,249.6056671142578,86.49530029296875,121.72000122070312
2019-03-06,248.0937957763672,86.73662567138672,121.61000061035156
2019-03-07,246.01837158203125,87.02784729003906,121.51000213623048
2019-03-08,245.52638244628903,87.15267944335938,122.83999633789062
2019-03-11,249.08685302734375,87.08609008789062,122.23999786376952
2019-03-12,250.0260772705078,87.32742309570312,122.9800033569336
2019-03-13,251.68096923828125,87.29413604736328,123.83999633789062
2019-03-14,251.5200653076172,87.16931915283203,122.41000366210938
2019-03-15,252.76268005371097,87.44392395019531,122.97000122070312
2019-03-18,253.67906188964844,87.32742309570312,123.04000091552734
2019-03-19,253.74200439453125,87.26917266845703,123.37999725341795
2019-03-20,252.9783477783203,87.87654113769531,124.18000030517578
2019-03-21,255.83558654785156,87.83497619628906,123.68000030517578
2019-03-22,250.9117126464844,88.48399353027344,123.97000122070312
2019-03-25,250.72314453125,88.70867919921875,124.91999816894533
2019-03-26,252.59201049804688,88.63378143310547,124.3000030517578
2019-03-27,251.27113342285156,88.89173889160156,123.6500015258789
2019-03-28,252.2235565185547,88.9000473022461,121.9000015258789
2019-03-29,253.81396484375,88.75859069824219,122.01000213623048
2019-04-01,256.8240051269531,88.14828491210938,121.52999877929688
2019-04-02,256.9498596191406,88.29834747314453,121.9800033569336
2019-04-03,257.3541564941406,88.02318572998047,121.8000030517578
2019-04-04,258.0370178222656,88.11485290527344,122.11000061035156
2019-04-05,259.285888671875,88.15660858154297,121.9800033569336
2019-04-08,259.4836120605469,88.01484680175781,122.51000213623048
2019-04-09,258.1537780761719,88.17327880859375,123.1500015258789
2019-04-10,259.03436279296875,88.3817138671875,123.52999877929688
2019-04-11,258.9625244140625,88.181640625,121.9499969482422
2019-04-12,260.7146301269531,87.77307891845703,121.83000183105467
2019-04-15,260.5438537597656,87.8897933959961,121.5999984741211
2019-04-16,260.7146301269531,87.58961486816406,120.51000213623048
2019-04-17,260.07666015625,87.60625457763672,120.27999877929688
2019-04-18,260.5887145996094,87.81475830078125,120.37000274658205
2019-04-22,260.81341552734375,87.68965911865234,120.37000274658205
2019-04-23,263.15850830078125,87.84809875488281,120.12000274658205
2019-04-24,262.5745544433594,88.181640625,120.47000122070312
2019-04-25,262.412841796875,88.07320404052734,120.56999969482422
2019-04-26,263.634765625,88.30667877197266,121.37000274658205
2019-04-29,264.0481262207031,88.12324523925781,120.83000183105467
2019-04-30,264.1828918457031,88.29834747314453,121.1999969482422
2019-05-01,262.1971435546875,88.25823974609375,120.4000015258789
2019-05-02,261.6309814453125,88.00763702392578,119.94000244140624
2019-05-03,264.1918640136719,88.12458038330078,120.6500015258789
2019-05-06,263.10467529296875,88.35014343261719,120.80999755859376
2019-05-07,258.71087646484375,88.6509017944336,121.20999908447266
2019-05-08,258.3514404296875,88.48382568359375,120.91000366210938
2019-05-09,257.5697937011719,88.7177505493164,121.1999969482422
2019-05-10,258.8636474609375,88.65925598144531,121.43000030517578
2019-05-13,252.3583526611328,89.10205841064453,122.66999816894533
2019-05-14,254.6405792236328,89.01854705810547,122.45999908447266
2019-05-15,256.1321716308594,89.30254364013672,122.38999938964844
2019-05-16,258.5042419433594,89.12715148925781,121.51000213623048
2019-05-17,256.8330078125,89.16890716552734,120.6500015258789
2019-05-20,255.1348571777344,89.01854705810547,120.63999938964844
2019-05-21,257.4350891113281,88.91824340820312,120.36000061035156
2019-05-22,256.644287109375,89.18561553955078,120.23999786376952
2019-05-23,253.5084686279297,89.72867584228516,121.16999816894533
2019-05-24,254.08355712890625,89.70358276367188,121.3000030517578
2019-05-28,251.7204742431641,90.09620666503906,120.83000183105467
2019-05-29,250.0311737060547,90.0628433227539,120.87000274658205
2019-05-30,250.71401977539065,90.38868713378906,121.69000244140624
2019-05-31,247.33560180664065,90.9902114868164,123.33000183105467
2019-06-03,246.70664978027344,91.42803192138672,125.11000061035156
2019-06-04,252.0618133544922,91.09312438964844,125.1500015258789
2019-06-05,254.2451934814453,91.09312438964844,125.47000122070312
2019-06-06,255.89854431152344,91.076416015625,125.87999725341795
2019-06-07,258.45928955078125,91.4363784790039,126.58999633789062
2019-06-10,259.6453552246094,90.98434448242188,125.33000183105467
2019-06-11,259.5824890136719,90.98434448242188,125.18000030517578
2019-06-12,259.1242370605469,91.2187042236328,125.83000183105467
2019-06-13,260.1935119628906,91.44475555419922,126.5999984741211
2019-06-14,259.9058837890625,91.51173400878906,126.55999755859376
2019-06-17,260.0047912597656,91.49492645263672,126.4800033569336
2019-06-18,262.7273254394531,91.67073822021484,127.12000274658205
2019-06-19,263.3202819824219,91.92191314697266,127.88999938964844
2019-06-20,265.836181640625,92.07257843017578,131.11000061035156
2019-06-21,265.4497375488281,91.69586944580078,131.97999572753906
2019-06-24,265.1246337890625,92.01395416259766,133.94000244140625
2019-06-25,262.52447509765625,92.15625762939452,134.1999969482422
2019-06-26,262.2626037597656,91.77957916259766,132.97000122070312
2019-06-27,263.1925048828125,92.0558090209961,132.83999633789062
2019-06-28,264.54681396484375,92.09767150878906,133.1999969482422
2019-07-01,266.948486328125,91.9819793701172,130.6199951171875
2019-07-02,267.6437072753906,92.30899810791016,133.41000366210938
2019-07-03,269.7836608886719,92.48509979248048,133.6300048828125
2019-07-05,269.4765625,91.89811706542967,132.13999938964844
2019-07-08,267.9959411621094,91.80587768554688,131.2899932861328
2019-07-09,268.3299865722656,91.74715423583984,131.75
2019-07-10,269.6120300292969,91.7975082397461,133.8300018310547
2019-07-11,270.24407958984375,91.34465026855467,132.6999969482422
2019-07-12,271.4539489746094,91.44527435302734,133.52999877929688
2019-07-15,271.5442199707031,91.6381378173828,133.52999877929688
2019-07-16,270.66839599609375,91.43687438964844,132.39999389648438
2019-07-17,268.8265686035156,91.8646240234375,134.5800018310547
2019-07-18,269.8106689453125,92.09098815917967,136.47999572753906
2019-07-19,268.3118591308594,91.92327880859376,134.47000122070312
2019-07-22,268.9710388183594,91.96517181396484,134.4499969482422
2019-07-23,270.8941650390625,91.81426239013672,133.69000244140625
2019-07-24,272.1672668457031,91.94841766357422,134.3699951171875
2019-07-25,270.86712646484375,91.7891082763672,133.4199981689453
2019-07-26,272.68182373046875,91.7723159790039,133.63999938964844
2019-07-29,272.1852722167969,91.85619354248048,134.52999877929688
2019-07-30,271.5171813964844,91.89811706542967,134.97999572753906
2019-07-31,268.5466003417969,92.13288879394533,133.2100067138672
2019-08-01,266.20806884765625,93.17792510986328,136.41000366210938
2019-08-02,264.20367431640625,93.37117004394533,135.88999938964844
2019-08-05,256.2582702636719,94.17756652832033,137.7899932861328
2019-08-06,259.8518371582031,94.32877349853516,138.91000366210938
2019-08-07,260.0052795410156,94.32877349853516,141.02000427246094
2019-08-08,265.10662841796875,94.33717346191406,141.72999572753906
2019-08-09,263.3008117675781,94.19439697265624,141.25999450683594
2019-08-12,260.0955505371094,94.79080963134766,142.6300048828125
2019-08-13,264.1405029296875,94.45478057861328,141.77999877929688
2019-08-14,256.3304443359375,95.0848159790039,142.75
2019-08-15,257.0076599121094,95.68968963623048,143.6999969482422
2019-08-16,260.7998962402344,95.43762969970705,142.77999877929688
2019-08-19,263.94189453125,94.98403930664062,141.11000061035156
2019-08-20,261.91937255859375,95.4040298461914,142.2100067138672
2019-08-21,264.05029296875,95.15203094482422,141.75999450683594
2019-08-22,263.9689025878906,94.9420394897461,141.39999389648438
2019-08-23,257.188232421875,95.58045196533205,144.1699981689453
2019-08-26,260.03240966796875,95.4880599975586,144.19000244140625
2019-08-27,259.0120544433594,95.89967346191406,145.57000732421875
2019-08-28,260.8359375,95.93325805664062,145.16000366210938
2019-08-29,264.167724609375,95.74844360351562,144.1199951171875
2019-08-30,264.05029296875,95.77364349365234,143.75
2019-09-03,262.5062561035156,95.98401641845705,145.75
2019-09-04,265.48583984375,96.135498046875,146.66000366210938
2019-09-05,268.8987731933594,95.36134338378906,143.13999938964844
2019-09-06,269.1064453125,95.42025756835938,141.9199981689453
2019-09-09,269.24188232421875,94.83123779296876,141.38999938964844
2019-09-10,269.1785583496094,94.14126586914062,140.17999267578125
2019-09-11,271.0928649902344,94.04869842529295,141.02999877929688
2019-09-12,272.03179931640625,93.8383331298828,141.32000732421875
2019-09-13,271.8511657714844,92.98006439208984,140.14999389648438
2019-09-16,271.0115966796875,93.38394927978516,141.32000732421875
2019-09-17,271.6977844238281,93.62798309326172,141.60000610351562
2019-09-18,271.86016845703125,93.66161346435548,140.7100067138672
2019-09-19,271.84210205078125,93.70370483398438,141.27999877929688
2019-09-20,270.5578308105469,94.24221801757812,142.9499969482422
2019-09-23,270.4942932128906,94.37689208984376,143.75
2019-09-24,268.3717346191406,94.84806823730467,144.50999450683594
2019-09-25,269.95904541015625,94.22541809082033,141.8300018310547
2019-09-26,269.39678955078125,94.42736053466795,141.7899932861328
2019-09-27,267.94537353515625,94.56194305419922,141.05999755859375
2019-09-30,269.1881103515625,94.6376953125,138.8699951171875
2019-10-01,265.9861755371094,94.8998031616211,139.6300048828125
2019-10-02,261.28765869140625,95.22847747802734,141.25999450683594
2019-10-03,263.4283142089844,95.72567749023438,141.89999389648438
2019-10-04,266.9930419921875,95.91107940673828,141.89999389648438
2019-10-07,265.841064453125,95.59085083007812,140.69000244140625
2019-10-08,261.7139587402344,95.79309844970705,141.9199981689453
2019-10-09,264.1993713378906,95.54869079589844,142.0500030517578
2019-10-10,265.9861755371094,94.95037078857422,140.80999755859375
2019-10-11,268.74365234375,94.30148315429688,140.02999877929688
2019-10-14,268.44427490234375,94.5626983642578,140.58999633789062
2019-10-15,271.1020812988281,94.10760498046876,139.61000061035156
2019-10-16,270.6666564941406,94.29302978515624,140.41000366210938
2019-10-17,271.46478271484375,94.25933837890624,140.61000061035156
2019-10-18,270.2765808105469,94.34357452392578,140.4600067138672
2019-10-21,272.10888671875,93.99810791015624,139.7899932861328
2019-10-22,271.219970703125,94.21717834472656,140.1999969482422
2019-10-23,272.00909423828125,94.25088500976562,140.52999877929688
2019-10-24,272.4534606933594,94.2339859008789,141.52999877929688
2019-10-25,273.56927490234375,94.03176879882812,141.86000061035156
2019-10-28,275.1111755371094,93.6778793334961,140.63999938964844
2019-10-29,275.0295104980469,93.76210021972656,140.25
2019-10-30,275.8731384277344,94.21717834472656,141.02000427246094
2019-10-31,275.13836669921875,94.8155288696289,142.42999267578125
2019-11-01,277.6873779296875,94.6366195678711,142.55999755859375
2019-11-04,278.80291748046875,94.1555404663086,142.14999389648438
2019-11-05,278.4945983886719,93.64910125732422,139.85000610351562
2019-11-06,278.55804443359375,93.91927337646484,140.4499969482422
2019-11-07,279.5376892089844,93.16804504394533,138.27000427246094
2019-11-08,280.22711181640625,93.04145050048828,137.38999938964844
2019-11-11,279.69183349609375,93.14275360107422,137.05999755859375
2019-11-12,280.2815246582031,93.18496704101562,137.42999267578125
2019-11-13,280.37213134765625,93.43814849853516,137.97999572753906
2019-11-14,280.7803955078125,93.91075897216795,138.55999755859375
2019-11-15,282.8122253417969,93.8348159790039,138.2100067138672
2019-11-18,283.02081298828125,93.99517059326172,138.6199951171875
2019-11-19,282.9390869140625,94.17243957519533,138.69000244140625
2019-11-20,281.8869323730469,94.5184555053711,138.75999450683594
2019-11-21,281.4333801269531,94.28211975097656,138.0
2019-11-22,282.0592956542969,94.2652587890625,137.74000549316406
2019-11-25,284.2453308105469,94.30746459960938,137.0800018310547
2019-11-26,284.8893127441406,94.48467254638672,137.74000549316406
2019-11-27,286.15924072265625,94.23995208740234,137.00999450683594
2019-11-29,285.0979309082031,94.1639633178711,137.86000061035156
2019-12-02,282.6761169433594,93.8259048461914,137.7899932861328
2019-12-03,280.7803955078125,94.66265106201172,139.11000061035156
2019-12-04,282.512939453125,94.2991943359375,138.9199981689453
2019-12-05,283.02081298828125,94.07946014404295,139.0
2019-12-06,285.60595703125,93.79206085205078,137.6199951171875
2019-12-09,284.70794677734375,93.86812591552734,137.5800018310547
2019-12-10,284.39044189453125,93.75828552246094,137.97000122070312
2019-12-11,285.19775390625,94.1470947265625,138.9199981689453
2019-12-12,287.6558837890625,93.40330505371094,138.42999267578125
2019-12-13,287.8282165527344,93.95269012451172,139.0500030517578
2019-12-16,289.80560302734375,93.5131607055664,139.0399932861328
2019-12-17,289.8691101074219,93.52159881591795,139.00999450683594
2019-12-18,289.88720703125,93.26806640625,139.02000427246094
2019-12-19,291.0754699707031,93.3408203125,139.3800048828125
2019-12-20,292.3515625,93.3408203125,139.52000427246094
2019-12-23,292.7982482910156,93.2562484741211,139.9499969482422
2019-12-24,292.80743408203125,93.4170379638672,141.27000427246094
2019-12-26,294.36602783203125,93.5524673461914,142.3800048828125
2019-12-27,294.29315185546875,93.6878662109375,142.3300018310547
2019-12-30,292.6706848144531,93.62862396240234,142.6300048828125
2019-12-31,293.3815612792969,93.2900619506836,142.89999389648438
2020-01-02,296.1253356933594,93.7217254638672,143.9499969482422
2020-01-03,293.88299560546875,94.34803771972656,145.86000061035156
2020-01-06,295.004150390625,94.24647521972656,147.38999938964844
2020-01-07,294.1747131347656,94.1110610961914,147.97000122070312
2020-01-08,295.7424621582031,93.89102172851562,146.86000061035156
2020-01-09,297.74786376953125,93.95872497558594,146.02999877929688
2020-01-10,296.8909606933594,94.161865234375,146.91000366210938
2020-01-13,298.93280029296875,94.05181121826172,145.82000732421875
2020-01-14,298.4770202636719,94.23802947998048,145.69000244140625
2020-01-15,299.15155029296875,94.4749984741211,146.5399932861328
2020-01-16,301.6399841308594,94.28034973144533,146.30999755859375
2020-01-17,302.5787658691406,94.20416259765624,146.5800018310547
2020-01-21,301.986328125,94.57660675048828,146.74000549316406
2020-01-22,302.02276611328125,94.59351348876952,146.7899932861328
2020-01-23,302.3692932128906,94.8305435180664,147.1199951171875
2020-01-24,299.6802062988281,95.16905212402344,147.97999572753906
2020-01-27,294.8764953613281,95.81233978271484,148.99000549316406
2020-01-28,297.966552734375,95.49070739746094,147.66000366210938
2020-01-29,297.7204284667969,95.94775390625,148.4600067138672
2020-01-30,298.6866455078125,96.04085540771484,148.47000122070312
2020-01-31,293.2630615234375,96.52330780029295,149.3300018310547
2020-02-03,295.4416809082031,96.44109344482422,148.36000061035156
2020-02-04,299.9445495605469,95.88172912597656,146.42999267578125
2020-02-05,303.4082946777344,95.46643829345705,146.61000061035156
2020-02-06,304.42919921875,95.53424072265624,147.39999389648438
2020-02-07,302.806640625,95.99188995361328,147.7899932861328
2020-02-10,305.0672912597656,96.17833709716795,148.1699981689453
2020-02-11,305.59600830078125,95.94957733154295,147.66000366210938
2020-02-12,307.5648193359375,95.70376586914062,147.5399932861328
2020-02-13,307.2366638183594,95.78849792480467,148.3800048828125
2020-02-14,307.7289123535156,96.02582550048828,149.0
2020-02-18,306.9359436035156,96.17833709716795,150.91000366210938
2020-02-19,308.4034118652344,96.16140747070312,151.7899932861328
2020-02-20,307.1365051269531,96.44109344482422,152.41000366210938
2020-02-21,303.97344970703125,96.83098602294922,154.6999969482422
2020-02-24,293.89215087890625,97.58531951904295,156.08999633789062
2020-02-25,284.9864501953125,97.85647583007812,153.3000030517578
2020-02-26,283.938232421875,97.80562591552734,153.97000122070312
2020-02-27,271.18603515625,98.28024291992188,154.0
2020-02-28,270.0467529296875,99.38204956054688,148.3800048828125
2020-03-02,281.7414855957031,99.31417083740234,149.1999969482422
2020-03-03,273.67462158203125,100.46815490722656,153.88999938964844
2020-03-04,285.1779479980469,100.24755859375,154.16000366210938
2020-03-05,275.6981506347656,101.13853454589844,157.49000549316406
2020-03-06,271.1405334472656,102.16527557373048,157.5500030517578
2020-03-09,249.96595764160156,103.0817413330078,157.80999755859375
2020-03-10,262.9004211425781,101.1894760131836,154.47999572753906
2020-03-11,250.08444213867188,100.1796646118164,153.92999267578125
2020-03-12,226.15707397460935,100.23058319091795,147.7899932861328
2020-03-13,245.4904327392578,99.57722473144533,143.27999877929688
2020-03-16,218.62791442871097,102.20768737792967,141.63999938964844
2020-03-17,230.43206787109375,99.64512634277344,143.55999755859375
2020-03-18,218.76466369628903,98.26197814941406,140.6999969482422
2020-03-19,219.22952270507812,98.5844497680664,138.0399932861328
2020-03-20,209.7819671630859,101.09613800048828,140.11000061035156
2020-03-23,204.418212890625,102.29255676269533,146.3000030517578
2020-03-24,222.9392242431641,101.59675598144533,153.39999389648438
2020-03-25,226.276611328125,101.65618896484376,151.3000030517578
2020-03-26,239.4888916015625,101.9022445678711,153.24000549316406
2020-03-27,232.3555908203125,102.65740966796876,152.25
2020-03-30,239.9014892578125,102.8950424194336,152.9199981689453
2020-03-31,236.3255920410156,103.0817413330078,148.0500030517578
2020-04-01,225.68983459472656,103.5014190673828,149.4499969482422
2020-04-02,230.89773559570312,103.51837158203124,151.89999389648438
2020-04-03,227.5602874755859,103.59486389160156,152.64999389648438
2020-04-06,242.8446502685547,103.1275634765625,156.8800048828125
2020-04-07,243.0922393798828,102.6688461303711,156.0399932861328
2020-04-08,251.25250244140625,102.54141235351562,154.64999389648438
2020-04-09,255.0759429931641,102.76229858398438,158.69000244140625
2020-04-13,252.7469787597656,102.54141235351562,161.41000366210938
2020-04-14,260.2012939453125,102.67731475830078,162.67999267578125
2020-04-15,254.67247009277344,103.59486389160156,161.85000610351562
2020-04-16,255.90106201171875,103.70528411865234,161.7100067138672
2020-04-17,262.8143005371094,103.43348693847656,158.57000732421875
2020-04-20,258.1839904785156,103.70528411865234,159.6999969482422
2020-04-21,250.3448181152344,103.99414825439452,158.61000061035156
2020-04-22,255.90106201171875,103.67133331298828,161.72999572753906
2020-04-23,255.88259887695312,103.73926544189452,163.33999633789062
2020-04-24,259.4493713378906,103.76476287841795,162.63999938964844
2020-04-27,263.190185546875,103.21257781982422,161.55999755859375
2020-04-28,261.97991943359375,103.66278076171876,160.83999633789062
2020-04-29,268.83819580078125,103.6118621826172,161.72999572753906
2020-04-30,266.33514404296875,103.36544036865234,158.8000030517578
2020-05-01,259.2843322753906,103.50833129882812,159.77999877929688
2020-05-04,259.99951171875,103.52536010742188,160.33999633789062
2020-05-05,262.4017333984375,103.44882202148438,161.02000427246094
2020-05-06,260.6229248046875,103.0661392211914,158.9499969482422
2020-05-07,263.76788330078125,103.6954345703125,161.38999938964844
2020-05-08,268.13214111328125,103.35529327392578,160.4199981689453
2020-05-11,268.1871337890625,103.0661392211914,159.4199981689453
2020-05-12,262.8418273925781,103.40631866455078,160.0399932861328
2020-05-13,258.193115234375,103.61891174316406,161.5800018310547
2020-05-14,261.2830810546875,103.78050231933594,163.00999450683594
2020-05-15,262.4842834472656,103.71244049072266,163.92999267578125
2020-05-18,270.4793395996094,103.07459259033205,162.69000244140625
2020-05-19,267.7012023925781,103.36376190185548,164.25999450683594
2020-05-20,272.2489929199219,103.38929748535156,164.64999389648438
2020-05-21,270.369384765625,103.45733642578124,162.25
2020-05-22,270.8828125,103.65291595458984,163.2100067138672
2020-05-26,274.2203063964844,103.38079071044922,160.88999938964844
2020-05-27,278.3003845214844,103.46583557128906,161.17999267578125
2020-05-28,277.7869567871094,103.37226104736328,161.72000122070312
2020-05-29,279.02471923828125,103.70394897460938,162.91000366210938
2020-06-01,280.15252685546875,103.6630401611328,163.66000366210938
2020-06-02,282.47210693359375,103.4928207397461,162.60000610351562
2020-06-03,286.2313537597656,102.8798828125,159.60000610351562
2020-06-04,285.47955322265625,102.47126770019533,161.27999877929688
2020-06-05,292.7962341308594,101.96046447753906,158.00999450683594
2020-06-08,296.33544921875,102.07115936279295,159.72000122070312
2020-06-09,294.1257019042969,102.4372100830078,161.25999450683594
2020-06-10,292.4845275878906,103.20335388183594,163.57000732421875
2020-06-11,275.62310791015625,103.5694351196289,162.38999938964844
2020-06-12,278.923828125,103.33954620361328,162.6199951171875
2020-06-15,281.52789306640625,103.25443267822266,162.3300018310547
2020-06-16,286.946533203125,103.04163360595705,162.25
2020-06-17,285.7546081542969,103.20335388183594,162.55999755859375
2020-06-18,285.8645935058594,103.43324279785156,162.24000549316406
2020-06-19,284.2309265136719,103.46726989746094,164.02999877929688
2020-06-22,286.0543518066406,103.37364196777344,165.08999633789062
2020-06-23,287.3712158203125,103.33954620361328,166.47999572753906
2020-06-24,280.04083251953125,103.53538513183594,165.89999389648438
2020-06-25,283.04296875,103.55242919921876,165.8000030517578
2020-06-26,276.32025146484375,103.83335876464844,166.5399932861328
2020-06-29,280.3814392089844,103.93549346923828,166.6300048828125
2020-06-30,283.9730529785156,103.74820709228516,167.3699951171875
2020-07-01,285.9622497558594,103.58631896972656,166.6199951171875
2020-07-02,287.5369873046875,103.7141342163086,166.97999572753906
2020-07-06,291.9757995605469,103.56075286865234,167.97999572753906
2020-07-07,288.9645080566406,103.89306640625,169.0399932861328
2020-07-08,291.1745300292969,103.7311553955078,170.08999633789062
2020-07-09,289.5169372558594,104.06348419189452,169.6300048828125
2020-07-10,292.47308349609375,103.85901641845705,169.19000244140625
2020-07-13,289.94061279296875,103.9697723388672,169.39999389648438
2020-07-14,293.69793701171875,103.96123504638672,170.19000244140625
2020-07-15,296.3962707519531,103.92715454101562,170.33999633789062
2020-07-16,295.4200439453125,104.0038604736328,168.72999572753906
2020-07-17,296.27642822265625,103.97826385498048,170.1199951171875
2020-07-20,298.6708984375,104.0464096069336,170.94000244140625
2020-07-21,299.30633544921875,104.15718841552734,173.0
2020-07-22,301.0099182128906,104.1912841796875,175.6300048828125
2020-07-23,297.4183349609375,104.29354858398438,177.17999267578125
2020-07-24,295.50286865234375,104.24241638183594,178.6999969482422
2020-07-27,297.6578674316406,104.0805435180664,182.22999572753903
2020-07-28,295.77008056640625,104.32762908935548,183.75
2020-07-29,299.40765380859375,104.46395874023438,185.1300048828125
2020-07-30,298.33935546875,104.60880279541016,183.7599945068359
2020-07-31,300.6968994140625,104.63436126708984,185.42999267578125
2020-08-03,302.78741455078125,104.58322143554688,185.63999938964844
2020-08-04,303.9569091796875,104.94133758544922,189.58999633789065
2020-08-05,305.8448181152344,104.59172821044922,191.3500061035156
2020-08-06,307.8891296386719,104.71112060546876,193.88999938964844
2020-08-07,308.1102600097656,104.48938751220705,190.80999755859375
2020-08-10,309.0312194824219,104.37853240966795,190.1499938964844
2020-08-11,306.4801940917969,104.02034759521484,179.94000244140625
2020-08-12,310.7532653808594,103.71337890625,179.10000610351562
2020-08-13,310.1914367675781,103.50018310546876,183.3300018310547
2020-08-14,310.2007141113281,103.55133056640624,182.5399932861328
2020-08-17,311.1860656738281,103.72190856933594,186.5
2020-08-18,311.8583679199219,103.90098571777344,188.17999267578125
2020-08-19,310.55987548828125,103.76454162597656,182.2400054931641
2020-08-20,311.52685546875,104.06298065185548,183.5
2020-08-21,312.63189697265625,104.13978576660156,182.02999877929688
2020-08-24,315.7998962402344,103.99480438232422,181.0
2020-08-25,316.9049377441406,103.74752807617188,181.22000122070312
2020-08-26,320.08209228515625,103.7048797607422,183.36000061035156
2020-08-27,320.781982421875,103.33816528320312,181.2400054931641
2020-08-28,322.8540344238281,103.50870513916016,184.38999938964844
2020-08-31,321.6845397949219,103.61959838867188,184.8300018310547
2020-09-01,324.71429443359375,103.959228515625,185.0500030517578
2020-09-02,329.4110107421875,104.10426330566406,182.6199951171875
2020-09-03,318.0745544433594,104.2408447265625,181.13999938964844
2020-09-04,315.4775390625,103.66053009033205,181.63999938964844
2020-09-08,306.85784912109375,103.88241577148438,181.2899932861328
2020-09-09,312.9173889160156,103.8311996459961,183.0500030517578
2020-09-10,307.4841003417969,103.959228515625,182.4600067138672
2020-09-11,307.6405334472656,104.1213836669922,182.4499969482422
2020-09-14,311.692626953125,104.02752685546876,183.88999938964844
2020-09-15,313.26739501953125,103.9762725830078,183.4499969482422
2020-09-16,312.024169921875,103.91653442382812,183.97000122070312
2020-09-17,309.2798156738281,103.95066833496094,182.9600067138672
2020-09-18,305.7190856933594,103.8568344116211,183.1999969482422
2020-09-21,302.31658935546875,104.04454803466795,179.52000427246094
2020-09-22,305.39556884765625,104.04454803466795,178.64999389648438
2020-09-23,298.3130798339844,104.04454803466795,174.7899932861328
2020-09-24,299.10821533203125,104.09574127197266,175.44000244140625
2020-09-25,303.94390869140625,104.18108367919922,174.94000244140625
2020-09-28,308.9921875,104.1640396118164,176.6999969482422
2020-09-29,307.3094482421875,104.2408447265625,178.19000244140625
2020-09-30,309.63946533203125,103.959228515625,177.1199951171875
2020-10-01,311.62738037109375,104.01813507080078,178.6999969482422
2020-10-02,308.6686706542969,103.9156494140625,178.5399932861328
2020-10-05,314.142333984375,103.25813293457033,179.41000366210938
2020-10-06,309.6763610839844,103.49724578857422,177.3000030517578
2020-10-07,315.0669860839844,103.19837188720705,177.22000122070312
2020-10-08,317.8591613769531,103.38619995117188,177.85000610351562
2020-10-09,320.69769287109375,103.33501434326172,181.0800018310547
2020-10-12,325.85699462890625,103.44599151611328,180.55999755859375
2020-10-13,323.7304382324219,103.67654418945312,177.72000122070312
2020-10-14,321.6962585449219,103.71072387695312,178.27000427246094
2020-10-15,321.2987060546875,103.59972381591795,178.9199981689453
2020-10-16,321.1045227050781,103.53993225097656,178.3000030517578
2020-10-19,316.2225341796875,103.36917114257812,178.38999938964844
2020-10-20,317.4892883300781,103.14714813232422,179.25
2020-10-21,316.8883056640625,103.01050567626952,180.6000061035156
2020-10-22,318.62664794921875,102.65186309814452,178.8300018310547
2020-10-23,319.7083740234375,102.79701232910156,178.63999938964844
2020-10-26,313.80029296875,103.07027435302734,178.5500030517578
2020-10-27,312.71844482421875,103.30079650878906,179.02000427246094
2020-10-28,302.0300598144531,103.29231262207033,176.1300048828125
2020-10-29,305.0997314453125,102.85676574707033,175.39999389648438
2020-10-30,301.9190979003906,102.52374267578124,176.1999969482422
2020-11-02,305.3031311035156,102.69978332519533,177.91000366210938
2020-11-03,310.69354248046875,102.46907043457033,178.9199981689453
2020-11-04,317.6372375488281,103.33206939697266,178.82000732421875
2020-11-05,323.8321533203125,103.31500244140624,182.92999267578125
2020-11-06,323.75811767578125,102.96466064453124,183.19000244140625
2020-11-09,327.8262634277344,102.20418548583984,175.0800018310547
2020-11-10,327.3455505371094,101.91364288330078,175.66000366210938
2020-11-11,329.77728271484375,102.07596588134766,174.89999389648438
2020-11-12,326.578125,102.65705871582033,175.9600067138672
2020-11-13,331.0994873046875,102.52032470703124,177.16000366210938
2020-11-16,335.232421875,102.44344329833984,177.14999389648438
2020-11-17,333.429443359375,102.70832061767578,176.5
2020-11-18,329.41668701171875,102.67414855957033,175.49000549316406
2020-11-19,330.8035888671875,102.7852020263672,175.16000366210938
2020-11-20,328.5382995605469,102.96466064453124,175.69000244140625
2020-11-23,330.5077209472656,102.75955200195312,172.22999572753906
2020-11-24,335.83343505859375,102.59722900390624,169.58999633789062
2020-11-25,335.31561279296875,102.63141632080078,169.50999450683594
2020-11-27,336.2493896484375,102.93903350830078,167.7899932861328
2020-11-30,334.7608642578125,102.87064361572266,166.6699981689453
2020-12-01,338.42230224609375,102.32344818115234,170.17999267578125
2020-12-02,339.1342468261719,102.15242004394533,171.4600067138672
2020-12-03,339.04180908203125,102.4260482788086,172.80999755859375
2020-12-04,341.9634704589844,102.02417755126952,172.32000732421875
2020-12-07,341.2607421875,102.34053802490234,174.88999938964844
2020-12-08,342.2593994140625,102.44314575195312,175.5
2020-12-09,339.18975830078125,102.29779052734376,172.5
2020-12-10,339.0787353515625,102.5286636352539,172.1699981689453
2020-12-11,338.6812438964844,102.7338409423828,172.49000549316406
2020-12-14,337.16485595703125,102.6740264892578,171.5399932861328
2020-12-15,341.7230529785156,102.57135772705078,173.94000244140625
2020-12-16,342.2593994140625,102.48587036132812,174.89999389648438
2020-12-17,344.1733093261719,102.41146850585938,176.74000549316406
2020-12-18,342.799072265625,102.32592010498048,176.44000244140625
2020-12-21,341.5733947753906,102.39432525634766,175.8800048828125
2020-12-22,340.9976806640625,102.56550598144533,174.49000549316406
2020-12-23,341.30413818359375,102.35155487060548,175.64999389648438
2020-12-24,342.63189697265625,102.49705505371094,176.35000610351562
2020-12-28,345.5754089355469,102.50555419921876,175.7100067138672
2020-12-29,344.9161071777344,102.48847198486328,176.35000610351562
2020-12-30,345.4083251953125,102.55692291259766,177.6999969482422
2020-12-31,347.1632080078125,102.62532043457033,178.36000061035156
2021-01-04,342.4369812011719,102.65101623535156,182.3300018310547
2021-01-05,344.79547119140625,102.41146850585938,182.8699951171875
2021-01-06,346.856689453125,101.81256866455078,179.89999389648438
2021-01-07,352.0102233886719,101.4532470703125,179.47999572753906
2021-01-08,354.0157775878906,101.162353515625,173.33999633789062
2021-01-11,351.6294860839844,100.96556854248048,173.0
2021-01-12,351.7038269042969,100.9484405517578,174.1199951171875
2021-01-13,352.6510009765625,101.29924011230467,173.3699951171875
2021-01-14,351.41595458984375,101.06822967529295,173.27999877929688
2021-01-15,348.8531494140625,101.3420181274414,171.1300048828125
2021-01-19,351.59234619140625,101.4019012451172,172.5800018310547
2021-01-20,356.45794677734375,101.44467163085938,175.38999938964844
2021-01-21,356.7828674316406,101.29924011230467,175.27999877929688
2021-01-22,355.5200500488281,101.4532470703125,173.89999389648438
2021-01-25,356.92218017578125,101.86389923095705,174.0500030517578
2021-01-26,356.3651123046875,101.82969665527344,173.6199951171875
2021-01-27,347.65533447265625,101.949462890625,172.52000427246094
2021-01-28,350.6452941894531,101.6842269897461,172.67999267578125
2021-01-29,343.6254577636719,101.5045928955078,172.61000061035156
2021-02-01,349.3453063964844,101.63130950927734,174.22999572753906
2021-02-02,354.28515625,101.37443542480467,172.11000061035156
2021-02-03,354.5636901855469,101.1261215209961,171.85000610351562
2021-02-04,358.5935974121094,101.09191131591795,168.14999389648438
2021-02-05,360.0049133300781,100.87783813476562,169.80999755859375
2021-02-08,362.6048583984375,100.9206771850586,171.52000427246094
2021-02-09,362.3634643554687,100.99773406982422,172.0800018310547
2021-02-10,362.20562744140625,101.2545394897461,172.7100067138672
2021-02-11,362.79052734375,101.1775131225586,171.2100067138672
2021-02-12,364.5827026367187,100.8436279296875,170.69000244140625
2021-02-16,364.2669372558594,100.11595916748048,168.24000549316406
2021-02-17,364.35052490234375,100.18441772460938,166.3300018310547
2021-02-18,362.79986572265625,100.17584228515624,166.32000732421875
2021-02-19,362.15911865234375,99.7734603881836,167.00999450683594
2021-02-22,359.37347412109375,99.61080169677734,169.50999450683594
2021-02-23,359.80987548828125,99.68785858154295,169.1199951171875
2021-02-24,363.7748718261719,99.55085754394533,169.0
2021-02-25,355.0093688964844,98.22386932373048,165.82000732421875
2021-02-26,353.1801452636719,99.10568237304688,161.80999755859375
2021-03-01,361.74127197265625,98.99431610107422,161.52999877929688
2021-03-02,358.9185791015625,99.1742172241211,162.41000366210938
2021-03-03,354.16448974609375,98.64308166503906,160.6199951171875
2021-03-04,349.78173828125,98.1548080444336,159.0399932861328
2021-03-05,356.2164611816406,98.01771545410156,159.13999938964844
2021-03-08,354.4429626464844,97.63223266601562,157.49000549316406
2021-03-09,359.50360107421875,98.09485626220705,160.83999633789062
2021-03-10,361.74127197265625,98.3004150390625,161.66000366210938
2021-03-11,365.4089965820313,98.26618194580078,161.52000427246094
2021-03-12,365.9012145996094,97.55517578125,161.49000549316406
2021-03-15,368.0832824707031,97.6750946044922,162.1999969482422
2021-03-16,367.6189575195313,97.65796661376952,162.35000610351562
2021-03-17,368.87255859375,97.49517059326172,163.50999450683594
2021-03-18,363.5055236816406,96.88694763183594,162.55999755859375
2021-03-19,362.8329772949219,96.82698059082033,163.24000549316406
2021-03-22,365.7301940917969,97.14395904541016,163.0
2021-03-23,362.8515319824219,97.62366485595705,161.80999755859375
2021-03-24,361.0070495605469,97.7521743774414,162.3699951171875
2021-03-25,363.0379028320313,97.62366485595705,161.77999877929688
2021-03-26,368.88818359375,97.2981414794922,162.24000549316406
2021-03-29,368.7019348144531,96.96405029296876,160.30999755859375
2021-03-30,367.7238159179687,96.8783950805664,157.57000732421875
2021-03-31,369.2142639160156,96.74132537841795,159.9600067138672
2021-04-01,373.2013549804687,97.16993713378906,161.97999572753906
2021-04-05,378.55804443359375,96.89564514160156,161.9199981689453
2021-04-06,378.3344421386719,97.36703491210938,163.22000122070312
2021-04-07,378.7723693847656,97.30705261230467,162.75999450683594
2021-04-08,380.5703125,97.6413803100586,164.50999450683594
2021-04-09,383.3370361328125,97.38422393798828,163.27000427246094
2021-04-12,383.4768371582031,97.32422637939452,162.27999877929688
2021-04-13,384.61334228515625,97.72708129882812,163.42999267578125
2021-04-14,383.2998046875,97.60708618164062,162.72000122070312
2021-04-15,387.41741943359375,98.23280334472656,165.35000610351562
2021-04-16,388.7122497558594,97.96709442138672,166.35000610351562
2021-04-19,386.8025207519531,97.86425018310548,165.88999938964844
2021-04-20,383.9705200195313,98.15570068359376,166.47999572753906
2021-04-21,387.6036987304687,98.20709228515624,168.1300048828125
2021-04-22,384.063720703125,98.2842788696289,167.0399932861328
2021-04-23,388.2279052734375,98.15570068359376,166.39999389648438
2021-04-26,389.0382690429687,98.05281066894533,166.83999633789062
2021-04-27,388.9544982910156,97.66708374023438,166.4199981689453
2021-04-28,388.8427734375,97.79566192626952,166.91000366210938
2021-04-29,391.3207702636719,97.62425231933594,166.22000122070312
2021-04-30,388.74957275390625,97.7099609375,165.66000366210938
2021-05-03,389.5880737304687,97.8763427734375,167.80999755859375
2021-05-04,387.1845397949219,98.0050277709961,166.5800018310547
2021-05-05,387.3056335449219,98.12506866455078,167.27000427246094
2021-05-06,390.3985595703125,98.1679458618164,170.05999755859375
2021-05-07,393.2398376464844,98.20228576660156,171.58999633789062
2021-05-10,389.3457336425781,98.0050277709961,172.11000061035156
2021-05-11,385.87103271484375,97.84203338623048,172.13999938964844
2021-05-12,377.6730651855469,97.37027740478516,170.42999267578125
2021-05-13,382.2098388671875,97.69621276855467,171.1300048828125
2021-05-14,388.0788269042969,97.9106674194336,172.69000244140625
2021-05-17,387.0913391113281,97.81629180908205,174.6999969482422
2021-05-18,383.7563171386719,97.81629180908205,175.0399932861328
2021-05-19,382.7501831054687,97.5246810913086,175.16000366210938
2021-05-20,386.8677978515625,97.92781066894533,175.9600067138672
2021-05-21,386.5510864257813,97.9621124267578,176.0399932861328
2021-05-24,390.4916076660156,98.05648040771484,176.35000610351562
2021-05-25,389.6252746582031,98.41669464111328,177.9499969482422
2021-05-26,390.3985595703125,98.30522918701172,177.63999938964844
2021-05-27,390.6034240722656,98.13367462158205,177.7100067138672
2021-05-28,391.3021545410156,98.12506866455078,178.3800048828125
2021-06-01,390.95745849609375,98.10704040527344,177.89999389648438
2021-06-02,391.572265625,98.21863555908205,178.77000427246094
2021-06-03,390.1189575195313,97.96974182128906,175.27000427246094
2021-06-04,393.6870422363281,98.5104751586914,177.16000366210938
2021-06-07,393.3050231933594,98.43323516845705,177.8699951171875
2021-06-08,393.3888549804687,98.71644592285156,177.32000732421875
2021-06-09,392.8019409179687,99.02548217773438,176.97999572753906
2021-06-10,394.62786865234375,99.37737274169922,177.74000549316406
2021-06-11,395.2799987792969,99.2314682006836,175.74000549316406
2021-06-14,396.1650390625,98.9224853515625,174.7100067138672
2021-06-15,395.4383544921875,98.93962860107422,174.0500030517578
2021-06-16,393.2304992675781,98.26155853271484,171.11000061035156
2021-06-17,393.10009765625,98.61348724365234,165.85000610351562
2021-06-18,387.7970275878906,99.17138671875,164.92999267578125
2021-06-21,393.3486328125,98.8538055419922,166.9499969482422
2021-06-22,395.4515686035156,99.03402709960938,166.25
2021-06-23,394.97503662109375,98.83663940429688,166.13999938964844
2021-06-24,397.3115539550781,98.81947326660156,166.0399932861328
2021-06-25,398.7228088378906,98.61348724365234,166.58999633789062
2021-06-28,399.5265808105469,98.9224853515625,166.5800018310547
2021-06-29,399.7415771484375,98.97398376464844,164.8300018310547
2021-06-30,400.0780029296875,99.1284408569336,165.6300048828125
2021-07-01,402.2931213378906,99.05716705322266,166.1999969482422
2021-07-02,405.3680725097656,99.41793823242188,167.2899932861328
2021-07-06,404.6296691894531,99.94186401367188,168.1199951171875
2021-07-07,406.0596618652344,100.23390197753906,168.75999450683594
2021-07-08,402.7511291503906,100.49154663085938,168.64999389648438
2021-07-09,407.0503845214844,99.98480987548828,169.2100067138672
2021-07-12,408.5084228515625,99.93328094482422,169.0
2021-07-13,407.11578369140625,99.62405395507812,169.22000122070312
2021-07-14,407.7232666015625,100.05350494384766,171.0399932861328
2021-07-15,406.3307800292969,100.47435760498048,171.07000732421875
2021-07-16,403.1435852050781,100.4571762084961,169.41000366210938
2021-07-19,397.1900634765625,101.31608581542967,169.61000061035156
2021-07-20,402.8818359375,101.18729400634766,169.38999938964844
2021-07-21,406.1437683105469,100.60324096679688,168.75999450683594
2021-07-22,406.9942626953125,100.83511352539062,169.08999633789062
2021-07-23,411.1814575195313,100.68053436279295,168.55999755859375
2021-07-26,412.1907958984375,100.6117935180664,168.16000366210938
2021-07-27,410.3122253417969,101.04125213623048,168.44000244140625
2021-07-28,410.1440124511719,101.12713623046876,169.2899932861328
2021-07-29,411.8450622558594,100.81795501708984,171.1699981689453
2021-07-30,409.8448791503906,101.10139465332033,169.82000732421875
2021-08-02,408.9850769042969,101.54483032226562,169.61000061035156
2021-08-03,412.3123168945313,101.57061767578124,169.49000549316406
2021-08-04,410.2842102050781,101.54483032226562,169.52999877929688
2021-08-05,412.8825378417969,101.17530822753906,168.86000061035156
2021-08-06,413.5647583007813,100.58226013183594,164.63999938964844
2021-08-09,413.2283325195313,100.3674087524414,161.72000122070312
2021-08-10,413.7423706054687,100.1783447265625,161.77000427246094
2021-08-11,414.7704162597656,100.29004669189452,164.0
2021-08-12,416.013427734375,100.18692016601562,164.0399932861328
2021-08-13,416.7705383300781,100.76273345947266,166.38999938964844
2021-08-16,417.75189208984375,100.9862289428711,167.22000122070312
2021-08-17,415.013427734375,100.93463897705078,166.97000122070312
2021-08-18,410.4710998535156,100.8830795288086,167.10000610351562
2021-08-19,411.1065979003906,101.10655212402344,166.61000061035156
2021-08-20,414.3778076171875,101.01199340820312,166.6999969482422
2021-08-23,418.02301025390625,101.0377960205078,168.72999572753906
2021-08-24,418.6865234375,100.76273345947266,168.64999389648438
2021-08-25,419.5650939941406,100.3674087524414,167.47999572753906
2021-08-26,417.0882568359375,100.3674087524414,167.6699981689453
2021-08-27,420.8175048828125,100.69396209716795,170.19000244140625
2021-08-30,422.6680908203125,100.89163208007812,169.35000610351562
2021-08-31,422.0418701171875,100.70259857177734,169.69000244140625
2021-09-01,422.26617431640625,100.7455825805664,169.6999969482422
2021-09-02,423.5652770996094,100.86598205566406,169.25
2021-09-03,423.4625244140625,100.62516784667967,171.05999755859375
2021-09-07,421.9483947753906,100.22955322265624,167.7100067138672
2021-09-08,421.4343566894531,100.50476837158205,167.2899932861328
2021-09-09,419.6305236816406,100.78857421875,168.02999877929688
2021-09-10,416.3219299316406,100.47036743164062,167.17999267578125
2021-09-13,417.3873901367187,100.59078216552734,167.74000549316406
2021-09-14,415.1349487304687,100.96920776367188,168.82000732421875
2021-09-15,418.6024169921875,100.7972183227539,167.8300018310547
2021-09-16,417.93890380859375,100.47896575927734,164.02999877929688
2021-09-17,413.8677062988281,100.18655395507812,163.77000427246094
2021-09-20,406.966796875,100.69395446777344,164.94000244140625
2021-09-21,406.5823364257813,100.6337890625,166.0399932861328
2021-09-22,410.5484619140625,100.72837829589844,165.4199981689453
2021-09-23,415.5365905761719,99.81674194335938,163.50999450683594
2021-09-24,416.2211608886719,99.5157241821289,163.3000030517578
2021-09-27,415.0303039550781,99.24913024902344,163.63999938964844
2021-09-28,406.6666870117187,98.87068176269533,162.0500030517578
2021-09-29,407.3511962890625,98.9738998413086,161.32000732421875
2021-09-30,402.372314453125,99.09432983398438,164.22000122070312
2021-10-01,407.1542663574219,99.49881744384766,164.58999633789062
2021-10-04,401.9036254882813,99.37828826904295,165.36000061035156
2021-10-05,406.0853576660156,99.06849670410156,164.58999633789062
2021-10-06,407.7731018066406,99.0943374633789,165.02999877929688
2021-10-07,411.2985534667969,98.69840240478516,164.16000366210938
2021-10-08,410.5484619140625,98.48326873779295,164.22999572753906
2021-10-11,407.576171875,98.24227142333984,163.9199981689453
2021-10-12,406.572998046875,98.68978881835938,164.66000366210938
2021-10-13,408.0356140136719,98.8791275024414,167.58999633789062
2021-10-14,414.8990478515625,99.11151123046876,168.0
2021-10-15,418.058837890625,98.62095642089844,165.3300018310547
2021-10-18,419.2965393066406,98.48326873779295,164.9199981689453
2021-10-19,422.53131103515625,98.13036346435548,165.4499969482422
2021-10-20,424.19091796875,98.08736419677734,166.89999389648438
2021-10-21,425.29736328125,97.82910919189452,166.75
2021-10-22,424.8566284179687,98.07872009277344,167.77000427246094
2021-10-25,427.1350708007813,98.19920349121094,168.92999267578125
2021-10-26,427.5195007324219,98.31975555419922,167.67999267578125
2021-10-27,425.62548828125,98.87052154541016,168.1199951171875
2021-10-28,429.7322387695313,98.61231231689452,168.0800018310547
2021-10-29,430.6042175292969,98.6553726196289,166.64999389648438
2021-11-01,431.3450012207031,98.64762115478516,167.52000427246094
2021-11-02,433.0890197753906,98.88877868652344,167.16000366210938
2021-11-03,435.7331237792969,98.57872772216795,165.77000427246094
2021-11-04,437.7864990234375,99.11272430419922,167.64999389648438
2021-11-05,439.3053894042969,99.65528869628906,169.83999633789062
2021-11-08,439.6804504394531,99.2246551513672,170.4499969482422
2021-11-09,438.2272033691406,99.68112182617188,171.2899932861328
2021-11-10,434.7016296386719,98.82849884033205,173.14999389648438
2021-11-11,434.8423767089844,98.50983428955078,174.1199951171875
2021-11-12,438.1240539550781,98.7165298461914,174.4499969482422
2021-11-15,438.2741394042969,98.32896423339844,174.17999267578125
2021-11-16,440.0086669921875,98.24282836914062,172.9199981689453
2021-11-17,438.9397888183594,98.59595489501952,174.5
2021-11-18,440.4305419921875,98.65623474121094,173.94000244140625
2021-11-19,439.64300537109375,98.92322540283205,172.61000061035156
2021-11-22,438.4053039550781,98.19974517822266,168.74000549316406
2021-11-23,438.9866333007813,97.79500579833984,167.27999877929688
2021-11-24,440.15869140625,98.0964126586914,167.1199951171875
2021-11-26,430.3417663574219,99.36246490478516,166.85000610351562
2021-11-29,435.62054443359375,99.13854217529295,166.6199951171875
2021-11-30,427.1444396972656,99.7328109741211,165.5
2021-12-01,422.4000854492187,99.9207000732422,166.16000366210938
2021-12-02,428.8696594238281,99.7052001953125,165.24000549316406
2021-12-03,425.1379089355469,100.29131317138672,166.6300048828125
2021-12-06,430.1730346679687,99.79141235351562,166.22000122070312
2021-12-07,439.0709838867187,99.4121551513672,166.80999755859375
2021-12-08,440.233642578125,99.09324645996094,166.89999389648438
2021-12-09,437.2614440917969,99.34323120117188,165.8800048828125
2021-12-10,441.3775634765625,99.4121551513672,166.5800018310547
2021-12-13,437.46771240234375,99.8862533569336,167.0
2021-12-14,434.4578552246094,99.7138214111328,165.44000244140625
2021-12-15,441.2463073730469,99.5672836303711,166.14999389648438
2021-12-16,437.355224609375,99.85718536376952,168.16000366210938
2021-12-17,432.7004699707031,100.08148193359376,167.8000030517578
2021-12-20,428.0994262695313,99.99520874023438,167.08999633789062
2021-12-21,435.7020568847656,99.5983657836914,167.02000427246094
2021-12-22,440.0584411621094,99.69325256347656,168.58999633789062
2021-12-23,442.7965087890625,99.4862289428711,168.97000122070312
2021-12-27,449.0630187988281,99.52074432373048,169.3699951171875
2021-12-28,448.6960754394531,99.50347900390624,168.63999938964844
2021-12-29,449.2700500488281,98.99451446533205,168.58999633789062
2021-12-30,448.0281677246094,99.3222885131836,169.8000030517578
2021-12-31,446.89892578125,99.2101593017578,170.9600067138672
2022-01-03,449.4864501953125,98.28704071044922,168.3300018310547
2022-01-04,449.3359680175781,98.23533630371094,169.57000732421875
2022-01-05,440.7076721191406,97.82121276855467,169.05999755859375
2022-01-06,440.2936401367187,97.57967376708984,166.99000549316406
2022-01-07,438.5529174804687,97.26046752929688,167.75
2022-01-10,438.0072326660156,97.23460388183594,168.25999450683594
2022-01-11,441.9967651367187,97.467529296875,170.2899932861328
2022-01-12,443.1916198730469,97.48478698730467,170.74000549316406
2022-01-13,437.0852355957031,97.79533386230467,170.16000366210938
2022-01-14,437.2639465332031,97.1224594116211,169.6699981689453
2022-01-18,429.5201721191406,96.3891372680664,169.38999938964844
2022-01-19,425.0602416992187,96.6220703125,172.0800018310547
2022-01-20,420.3556518554687,96.82913970947266,171.64999389648438
2022-01-21,412.1038208007813,97.38986206054688,171.08999633789062
2022-01-24,413.8538818359375,97.3036117553711,172.02999877929688
2022-01-25,408.8011474609375,97.17417907714844,172.5800018310547
2022-01-26,407.7755432128906,96.4840316772461,169.7899932861328
2022-01-27,405.7619934082031,96.8895034790039,167.60000610351562
2022-01-28,415.8392028808594,97.11380767822266,167.10000610351562
2022-01-31,423.3288879394531,97.11380767822266,168.08999633789062
2022-02-01,426.1892700195313,96.98255157470705,168.22999572753906
2022-02-02,430.3292846679687,97.18115997314452,168.83999633789062
2022-02-03,420.2144775390625,96.76663970947266,168.60000610351562
2022-02-04,422.1904602050781,96.02405548095705,168.86000061035156
2022-02-07,420.8354797363281,96.04995727539062,170.11000061035156
2022-02-08,424.2980651855469,95.73906707763672,170.6300048828125
2022-02-09,430.5080871582031,95.86856079101562,171.2100067138672
2022-02-10,422.7737731933594,94.98780822753906,170.55999755859375
2022-02-11,414.437255859375,95.97223663330078,173.80999755859375
2022-02-14,413.082275390625,95.30730438232422,174.74000549316406
2022-02-15,419.7439575195313,95.02235412597656,173.0800018310547
2022-02-16,420.2144775390625,95.22093963623048,174.86000061035156
2022-02-17,411.2380981445313,95.73046112060548,177.25
2022-02-18,408.5753173828125,96.04129028320312,177.1199951171875
2022-02-22,404.190673828125,96.0326919555664,177.49000549316406
2022-02-23,397.0208129882813,95.53186798095705,178.2899932861328
2022-02-24,402.99566650390625,95.75635528564452,177.13999938964844
2022-02-25,411.88726806640625,95.73046112060548,176.5500030517578
2022-02-28,410.8334655761719,96.81846618652344,178.3800048828125
2022-03-01,404.576416015625,97.7614517211914,181.6199951171875
2022-03-02,412.0191345214844,96.2921142578125,179.72999572753906
2022-03-03,409.9678649902344,96.70697784423828,180.8000030517578
2022-03-04,406.6370239257813,97.66637420654295,183.67999267578125
2022-03-07,394.6496887207031,97.25149536132812,186.41000366210935
2022-03-08,391.6575012207031,96.62056732177734,191.5099945068359
2022-03-09,402.15826416015625,96.02417755126952,185.82000732421875
2022-03-10,400.3422546386719,95.58338928222656,186.3999938964844
2022-03-11,395.25189208984375,95.55745697021484,185.08999633789065
2022-03-14,392.36328125,94.34745025634766,182.3000030517578
2022-03-15,400.9915161132813,94.30419921875,178.88999938964844
2022-03-16,409.8832092285156,94.174560546875,180.00999450683594
2022-03-17,415.0111389160156,93.99308776855467,180.88999938964844
2022-03-18,419.55670166015625,94.26962280273438,179.3000030517578
2022-03-21,419.43402099609375,93.04235076904295,180.6699981689453
2022-03-22,424.3420104980469,92.53240966796876,179.36000061035156
2022-03-23,418.8771667480469,93.15469360351562,181.80999755859375
2022-03-24,425.1914978027344,92.6361312866211,183.1300048828125
2022-03-25,427.2678833007813,91.68537902832033,182.3800048828125
2022-03-28,430.30706787109375,91.892822265625,179.05999755859375
2022-03-29,435.6303405761719,92.35089874267578,179.13999938964844
2022-03-30,432.9403991699219,92.7139129638672,180.5800018310547
2022-03-31,426.2769470214844,92.88674926757812,180.6499938964844
2022-04-01,427.4850463867187,92.28190612792967,179.5
2022-04-04,431.1470642089844,92.22135925292967,180.3699951171875
2022-04-05,425.70111083984375,91.12244415283205,179.24000549316406
2022-04-06,421.4443664550781,90.80230712890624,179.66000366210938
2022-04-07,423.5680541992187,90.57733154296876,180.33999633789065
2022-04-08,422.43548583984375,90.11875915527344,181.47000122070312
2022-04-11,415.2150573730469,89.68611145019531,182.3699951171875
2022-04-12,413.6765747070313,90.11875915527344,183.77000427246097
2022-04-13,418.41461181640625,90.3177490234375,184.6499938964844
2022-04-14,413.20465087890625,89.50440216064453,184.0399932861328
2022-04-18,413.3746032714844,89.24481964111328,184.61000061035156
2022-04-19,420.0475158691406,88.65643310546875,181.82000732421875
2022-04-20,419.7359924316406,89.3486328125,182.7100067138672
2022-04-21,413.4595031738281,88.85542297363281,182.05999755859375
2022-04-22,402.1145629882813,88.8987045288086,180.2899932861328
2022-04-25,404.44580078125,89.46978759765625,177.0500030517578
2022-04-26,392.7328186035156,90.06681823730469,177.32000732421875
2022-04-27,393.8370056152344,89.56494140625,175.97999572753906
2022-04-28,403.78515625,89.43517303466797,176.92999267578125
2022-04-29,388.863037109375,88.95926666259766,176.91000366210938
2022-05-02,391.20367431640625,88.29652404785156,173.6300048828125
2022-05-03,392.9970397949219,88.4004898071289,174.08999633789062
2022-05-04,404.96490478515625,88.97225952148438,175.8000030517578
2022-05-05,390.5713195800781,88.07994079589844,175.1300048828125
2022-05-06,388.2400512695313,87.57747650146484,175.4199981689453
2022-05-09,375.8097229003906,88.22720336914062,172.8800048828125
2022-05-10,376.6780090332031,88.52175903320312,171.4199981689453
2022-05-11,370.6940612792969,89.06755828857422,172.82000732421875
2022-05-12,370.3069763183594,89.36207580566406,170.1699981689453
2022-05-13,379.1602783203125,88.89427185058594,168.7899932861328
2022-05-16,377.6218872070313,89.26681518554688,170.39999389648438
2022-05-17,385.3896789550781,88.59107208251953,169.3300018310547
2022-05-18,369.85400390625,89.22347259521484,169.4199981689453
2022-05-19,367.5887451171875,89.54403686523438,171.91000366210938
2022-05-20,367.7492370605469,89.9598617553711,172.02999877929688
2022-05-23,374.6298828125,89.41407012939453,172.8300018310547
2022-05-24,371.7699890136719,90.18509674072266,174.1300048828125
2022-05-25,375.0546569824219,90.36705780029295,173.0800018310547
2022-05-26,382.5486450195313,90.3237075805664,172.75999450683594
2022-05-27,391.93988037109375,90.45370483398438,172.85000610351562
2022-05-31,389.74078369140625,89.50938415527344,171.13999938964844
2022-06-01,386.58831787109375,89.00543212890625,172.22999572753906
2022-06-02,393.9502868652344,89.13550567626953,174.35000610351562
2022-06-03,387.4848937988281,88.96202850341797,172.5800018310547
2022-06-06,388.6647338867187,88.29413604736328,171.82000732421875
2022-06-07,392.3929443359375,88.64976501464844,172.94000244140625
2022-06-08,388.1267700195313,88.32013702392578,172.77999877929688
2022-06-09,378.89593505859375,88.24209594726562,172.22999572753906
2022-06-10,367.90972900390625,87.37468719482422,174.5399932861328
2022-06-13,353.9407958984375,85.82200622558594,169.92999267578125
2022-06-14,352.8742370605469,85.13675689697266,168.57000732421875
2022-06-15,357.90496826171875,86.3250961303711,170.77000427246094
2022-06-16,346.0597229003906,86.88894653320312,172.69000244140625
2022-06-17,346.80572509765625,86.9149398803711,171.27000427246094
2022-06-21,355.5361022949219,86.46388244628906,170.6300048828125
2022-06-22,354.8914794921875,87.55683898925781,171.30999755859375
2022-06-23,358.3704528808594,88.05126190185547,170.25999450683594
2022-06-24,369.764404296875,87.73899841308594,170.08999633789062
2022-06-27,368.35198974609375,87.24454498291016,169.89999389648438
2022-06-28,360.825439453125,87.3573226928711,169.6199951171875
2022-06-29,360.5316467285156,88.05990600585938,169.49000549316406
2022-06-30,357.60260009765625,88.73650360107422,168.4600067138672
2022-07-01,361.384765625,89.6877670288086,168.32000732421875
2022-07-05,362.0672607421875,90.01789093017578,164.75
2022-07-06,363.2900390625,89.25342559814453,162.13999938964844
2022-07-07,368.7311401367187,88.70609283447266,162.22999572753906
2022-07-08,368.4278259277344,88.1675033569336,162.3000030517578
2022-07-11,364.218994140625,88.86248779296875,161.42999267578125
2022-07-12,360.99609375,89.07096099853516,160.8300018310547
2022-07-13,359.1002502441406,89.45320892333984,161.60000610351562
2022-07-14,358.2281799316406,88.95804595947266,159.3300018310547
2022-07-15,365.0721435546875,89.2620849609375,159.00999450683594
2022-07-18,362.0577392578125,89.00147247314453,159.16000366210938
2022-07-19,371.8402404785156,88.5931625366211,159.5399932861328
2022-07-20,374.2100524902344,88.50629425048828,158.0399932861328
2022-07-21,378.0207214355469,89.51399993896484,160.27000427246094
2022-07-22,374.5134582519531,90.53913879394533,160.6699981689453
2022-07-25,374.9683532714844,90.21766662597656,160.22999572753906
2022-07-26,370.5321960449219,90.25243377685548,160.0399932861328
2022-07-27,380.1535949707031,90.43487548828124,161.6699981689453
2022-07-28,384.9216003417969,91.32967376708984,163.63999938964844
2022-07-29,390.5332946777344,91.36441040039062,164.10000610351562
2022-08-01,389.3768005371094,91.89873504638672,165.02999877929688
2022-08-02,386.8080139160156,90.628173828125,164.0500030517578
2022-08-03,392.86517333984375,91.00236511230467,164.4499969482422
2022-08-04,392.59967041015625,91.463623046875,167.1699981689453
2022-08-05,391.9361877441406,90.14083862304688,165.2899932861328
2022-08-08,391.4811401367187,90.67170715332033,166.69000244140625
2022-08-09,389.9266052246094,90.40193176269533,167.1999969482422
2022-08-10,398.11669921875,90.45413970947266,166.77999877929688
2022-08-11,398.11669921875,89.8536376953125,166.33999633789062
2022-08-12,404.8563537597656,90.21046447753906,167.8699951171875
2022-08-15,406.524658203125,90.4976577758789,165.7100067138672
2022-08-16,407.3209533691406,90.39323425292967,165.4199981689453
2022-08-17,404.4297790527344,89.78404998779297,164.35000610351562
2022-08-18,405.6051940917969,89.95812225341797,163.9199981689453
2022-08-19,400.1546630859375,89.18359375,162.72000122070312
2022-08-22,391.8224487304687,88.7919692993164,161.63999938964844
2022-08-23,390.8745422363281,88.57438659667969,162.77000427246094
2022-08-24,392.1258239746094,88.27852630615234,163.25
2022-08-25,397.66162109375,88.84416961669922,163.75
2022-08-26,384.201171875,88.73975372314453,161.75999450683594
2022-08-29,381.6607666015625,88.23497772216797,161.86000061035156
2022-08-30,377.470947265625,88.2088851928711,160.50999450683594
2022-08-31,374.5987243652344,87.8433837890625,159.27000427246094
2022-09-01,375.7741394042969,87.14508056640625,157.8699951171875
2022-09-02,371.8118591308594,87.6332778930664,159.25999450683594
2022-09-06,370.408935546875,86.6568603515625,158.3300018310547
2022-09-07,377.0633544921875,87.22351837158203,159.94000244140625
2022-09-08,379.52789306640625,86.90095520019531,158.97999572753906
2022-09-09,385.4240112304687,86.90968322753906,159.82000732421875
2022-09-12,389.56640625,86.70046997070312,160.6300048828125
2022-09-13,372.62701416015625,86.21223449707031,158.5399932861328
2022-09-14,374.0489807128906,86.25584411621094,157.92999267578125
2022-09-15,369.8022766113281,85.95941162109375,154.97999572753906
2022-09-16,366.9810791015625,86.02915954589844,155.83999633789062
2022-09-19,369.8269958496094,85.78506469726562,155.9600067138672
2022-09-20,365.5818481445313,85.2532730102539,155.07000732421875
2022-09-21,359.2048034667969,85.59327697753906,155.7899932861328
2022-09-22,356.18756103515625,84.30299377441406,155.6999969482422
2022-09-23,350.2197265625,84.40763092041016,153.00999450683594
2022-09-26,346.7550354003906,83.00404357910156,151.22999572753906
2022-09-27,345.86993408203125,82.43736267089844,151.5399932861328
2022-09-28,352.67529296875,84.29426574707031,154.69000244140625
2022-09-29,345.308349609375,83.90196990966797,154.66000366210938
2022-09-30,339.96868896484375,83.68400573730469,154.6699981689453
2022-10-03,348.94415283203125,84.67720794677734,158.42999267578125
2022-10-04,359.75689697265625,84.8519058227539,160.6999969482422
2022-10-05,358.91925048828125,84.04827880859375,159.80999755859375
2022-10-06,355.2167053222656,83.58534240722656,159.6300048828125
2022-10-07,345.308349609375,83.17475891113281,157.8800048828125
2022-10-10,342.6717529296875,82.68562316894531,155.47999572753906
2022-10-11,340.50164794921875,82.89525604248047,155.16000366210938
2022-10-12,339.3784484863281,83.16604614257812,155.99000549316406
2022-10-13,348.33514404296875,82.816650390625,154.91000366210938
2022-10-14,340.3970031738281,82.35366821289062,152.97999572753906
2022-10-17,349.1441955566406,82.44102478027344,153.4199981689453
2022-10-18,353.24639892578125,82.6506576538086,153.75
2022-10-19,350.7431335449219,81.7859115600586,151.69000244140625
2022-10-20,347.80206298828125,81.17446899414062,151.4499969482422
2022-10-21,356.254150390625,81.35786437988281,154.14999389648438
2022-10-24,360.6134338378906,81.2530746459961,153.64999389648438
2022-10-25,366.3719482421875,82.26632690429688,154.0
2022-10-26,363.6116638183594,82.68562316894531,154.97999572753906
2022-10-27,361.6700134277344,83.27084350585938,154.74000549316406
2022-10-28,370.27435302734375,82.8428726196289,153.16000366210938
2022-10-31,367.5997314453125,82.46723175048828,151.91000366210938
2022-11-01,365.99114990234375,82.45234680175781,153.4600067138672
2022-11-02,356.8061828613281,82.31228637695312,152.38999938964844
2022-11-03,353.1322326660156,81.9533920288086,151.80999755859375
2022-11-04,358.2148742675781,81.77828216552734,156.47000122070312
2022-11-07,361.6414184570313,81.48942565917969,155.85000610351562
2022-11-08,363.5926818847656,82.03215789794922,159.4499969482422
2022-11-09,356.1019287109375,82.31228637695312,158.64999389648438
2022-11-10,375.6710815429687,84.15934753417969,163.47999572753906
2022-11-11,379.3070983886719,83.9842758178711,164.55999755859375
2022-11-14,376.0804138183594,83.7829818725586,164.9199981689453
2022-11-15,379.2879943847656,84.40444946289062,165.5
2022-11-16,376.3945617675781,85.02598571777344,165.1199951171875
2022-11-17,375.2428588867187,84.44823455810547,163.9199981689453
2022-11-18,376.9466247558594,84.1506118774414,162.7899932861328
2022-11-21,375.575927734375,84.09805297851562,161.8800048828125
2022-11-22,380.6300964355469,84.57952117919922,162.07000732421875
2022-11-23,383.0286865234375,85.03469848632812,163.0800018310547
2022-11-25,382.9429626464844,85.00849151611328,163.22000122070312
2022-11-28,376.8323669433594,85.0434799194336,161.92999267578125
2022-11-29,376.18511962890625,84.68460845947266,162.72999572753906
2022-11-30,388.03515625,85.4461441040039,164.80999755859375
2022-12-01,387.7496643066406,86.37942504882812,167.83999633789062
2022-12-02,387.30230712890625,86.55485534667969,167.25999450683594
2022-12-05,380.3350524902344,85.67772674560547,164.38999938964844
2022-12-06,374.8525390625,86.20398712158203,164.83999633789062
2022-12-07,374.2148742675781,86.95832824707031,166.3300018310547
2022-12-08,377.1463928222656,86.4671401977539,166.47000122070312
2022-12-09,374.3291320800781,85.82681274414062,167.05999755859375
2022-12-12,379.7259216308594,85.70403289794922,165.67999267578125
2022-12-13,382.6003112792969,86.47589874267578,168.50999450683594
2022-12-14,380.15423583984375,86.71272277832031,168.10000610351562
2022-12-15,370.8549499511719,86.88146209716797,165.35000610351562
2022-12-16,366.4765930175781,86.6617660522461,166.7899932861328
2022-12-19,363.3690490722656,85.9587173461914,166.32000732421875
2022-12-20,363.8662109375,85.33473205566406,169.0800018310547
2022-12-21,369.306884765625,85.440185546875,168.8000030517578
2022-12-22,364.0383605957031,85.41387176513672,166.75999450683594
2022-12-23,366.1324157714844,85.02713775634766,167.25999450683594
2022-12-27,364.6885986328125,84.31527709960938,168.6699981689453
2022-12-28,360.1562194824219,84.11318969726562,167.91000366210938
2022-12-29,366.6391906738281,84.52621459960938,168.85000610351562
2022-12-30,365.6734313964844,84.17464447021484,169.63999938964844
2023-01-03,364.134033203125,84.83379364013672,171.05999755859375
2023-01-04,366.9451599121094,85.48410034179688,172.6699981689453
2023-01-05,362.7571105957031,85.36109161376953,170.52000427246094
2023-01-06,371.0758361816406,86.4596176147461,173.7100067138672
2023-01-09,370.8655090332031,86.67933654785156,174.10000610351562
2023-01-10,373.46630859375,86.13448333740234,174.74000549316406
2023-01-11,378.1898498535156,86.68814086914062,174.6199951171875
2023-01-12,379.5668029785156,87.46149444580078,176.63999938964844
2023-01-13,381.0392761230469,86.9957046508789,178.75999450683594
2023-01-17,380.3412780761719,86.7232894897461,177.58999633789062
2023-01-18,374.33642578125,87.90092468261719,177.0800018310547
2023-01-19,371.6112976074219,87.73397064208984,179.88999938964844
2023-01-20,378.53411865234375,87.15389251708984,179.2899932861328
2023-01-23,383.0759582519531,86.87271118164062,179.6300048828125
2023-01-24,382.664794921875,87.37364196777344,180.27999877929688
2023-01-25,382.8082580566406,87.47029876708984,181.11000061035156
2023-01-26,387.0154724121094,87.15389251708984,179.47000122070312
2023-01-27,387.9046630859375,87.02208709716797,179.22000122070312
2023-01-30,383.0377197265625,86.74964904785156,178.75999450683594
2023-01-31,388.6695861816406,87.18903350830078,179.41000366210938
2023-02-01,392.80035400390625,87.81615447998047,181.6699981689453
2023-02-02,398.518310546875,87.78089904785156,177.89999389648438
2023-02-03,394.2824401855469,86.83853149414062,173.4600067138672
2023-02-06,391.8728332519531,86.08992004394531,173.82000732421875
2023-02-07,396.99798583984375,85.8785629272461,173.97999572753906
2023-02-08,392.6568908691406,86.19564056396484,174.41000366210938
2023-02-09,389.2529296875,85.80807495117188,173.02999877929688
2023-02-10,390.1612854003906,85.39414978027344,173.36000061035156
2023-02-13,394.7414245605469,85.59675598144531,172.47999572753906
2023-02-14,394.5597229003906,85.20922088623047,172.61000061035156
2023-02-15,395.8410034179687,84.95378875732422,170.88999938964844
2023-02-16,390.3908081054687,84.6719970703125,170.75
2023-02-17,389.4154968261719,84.90977478027344,171.25999450683594
2023-02-21,381.60345458984375,83.98502349853516,170.6199951171875
2023-02-22,381.07757568359375,84.13475799560547,169.66000366210938
2023-02-23,383.1046447753906,84.4605941772461,169.57000732421875
2023-02-24,379.01220703125,83.94979095458984,168.35000610351562
2023-02-27,380.3030090332031,84.20520782470703,169.00999450683594
2023-02-28,378.8974304199219,84.33731842041016,169.77999877929688
2023-03-01,377.4440002441406,83.66310119628906,170.75999450683594
2023-03-02,380.3795166015625,83.31886291503906,170.66000366210938
2023-03-03,386.47998046875,83.98957061767578,172.49000549316406
2023-03-06,386.7477416992187,83.8395767211914,171.6199951171875
2023-03-07,380.81939697265625,83.84838104248047,168.6199951171875
2023-03-08,381.4408874511719,83.82190704345703,168.5399932861328
2023-03-09,374.4034118652344,84.34262084960938,170.1999969482422
2023-03-10,369.0008850097656,85.89584350585938,173.8699951171875
2023-03-13,368.4750671386719,86.93721771240234,177.86000061035156
2023-03-14,374.5659484863281,86.1164779663086,176.8300018310547
2023-03-15,372.2232971191406,87.36083221435547,178.2100067138672
2023-03-16,378.7539978027344,86.57539367675781,178.57000732421875
2023-03-17,374.3252868652344,87.59910583496094,183.77000427246097
2023-03-20,377.9246826171875,87.24610137939453,183.83999633789065
2023-03-21,382.8870239257813,86.48715209960938,180.3699951171875
2023-03-22,376.3601379394531,87.62559509277344,183.44000244140625
2023-03-23,377.3775939941406,88.12861633300781,185.7400054931641
2023-03-24,379.85400390625,88.15510559082031,183.6499938964844
2023-03-27,380.5643005371094,87.069580078125,181.9499969482422
2023-03-28,379.71002197265625,87.01664733886719,183.44000244140625
2023-03-29,385.2290954589844,86.86661529541016,182.52999877929688
2023-03-30,387.4846801757813,86.99897003173828,184.17999267578125
2023-03-31,392.9461364746094,87.4755630493164,183.22000122070312
2023-04-03,394.4434509277344,87.88760375976562,184.5399932861328
2023-04-04,392.2550048828125,88.45354461669922,187.97999572753903
2023-04-05,391.2280578613281,88.82493591308594,187.8300018310547
2023-04-06,392.754150390625,88.85149383544922,186.4900054931641
2023-04-10,393.1572265625,87.97603607177734,185.11000061035156
2023-04-11,393.2628784179687,87.94068908691406,186.27999877929688
2023-04-12,391.659912109375,88.19712829589844,187.19000244140625
2023-04-13,396.8622131347656,87.90532684326172,189.72000122070312
2023-04-14,395.8927917480469,87.47201538085938,186.36000061035156
2023-04-17,397.3133239746094,86.91492462158203,185.52999877929688
2023-04-18,397.572509765625,87.05642700195312,186.25
2023-04-19,397.50537109375,86.87071990966797,185.36000061035156
2023-04-20,395.3361511230469,87.37472534179688,186.08999633789065
2023-04-21,395.6432800292969,87.16252899169922,184.25
2023-04-24,396.055908203125,87.58698272705078,184.80999755859375
2023-04-25,389.76910400390625,88.45354461669922,185.75
2023-04-26,388.1181335449219,88.10870361328125,184.7400054931641
2023-04-27,395.8448181152344,87.5339126586914,184.75
2023-04-28,399.2234191894531,88.18827819824219,184.8000030517578
2023-05-01,398.8203430175781,87.15030670166016,183.97000122070312
2023-05-02,394.3378601074219,88.2848892211914,187.52000427246097
2023-05-03,391.6311645507813,88.8610610961914,189.11000061035156
2023-05-04,388.857177734375,88.84333038330078,190.44000244140625
2023-05-05,396.055908203125,88.36465454101562,187.4600067138672
2023-05-08,396.1615295410156,87.82395935058594,187.69000244140625
2023-05-09,394.4241943359375,87.71759796142578,189.02000427246097
2023-05-10,396.2671813964844,88.37353515625,188.75
2023-05-11,395.5760803222656,88.70150756835938,187.1300048828125
2023-05-12,395.0577392578125,88.16967010498047,186.80999755859375
2023-05-15,396.4207153320313,87.97464752197266,187.2100067138672
2023-05-16,393.7715759277344,87.69100952148438,184.8699951171875
2023-05-17,398.5515441894531,87.40736389160156,184.22999572753903
2023-05-18,402.3908081054687,86.86666107177734,181.83999633789065
2023-05-19,401.805419921875,86.53870391845703,183.63999938964844
2023-05-22,401.9685363769531,86.379150390625,183.2100067138672
2023-05-23,397.4572448730469,86.52096557617188,183.42999267578125
2023-05-24,394.5778503417969,86.29935455322266,181.9499969482422
2023-05-25,397.9948425292969,85.7586669921875,180.1999969482422
2023-05-26,403.149169921875,85.91822052001953,180.9199981689453
2023-05-30,403.3027648925781,86.59185028076172,182.0399932861328
2023-05-31,401.06634521484375,86.91983795166016,182.32000732421875
2023-06-01,404.8768310546875,87.16150665283203,183.7599945068359
2023-06-02,410.7318115234375,86.46849822998047,181.0500030517578
2023-06-05,409.9447937011719,86.44184875488281,182.13999938964844
2023-06-06,410.83740234375,86.4951400756836,182.33999633789065
2023-06-07,409.4168701171875,85.86430358886719,180.1499938964844
2023-06-08,411.8932495117187,86.44184875488281,182.52999877929688
2023-06-09,412.63226318359375,86.13086700439453,182.0399932861328
2023-06-12,416.3757019042969,86.27303314208984,181.8800048828125
2023-06-13,419.1208190917969,85.65997314453125,180.5399932861328
2023-06-14,419.619873046875,85.77547454833984,180.63999938964844
2023-06-15,424.8221435546875,86.44184875488281,181.91000366210935
2023-06-16,423.3751220703125,86.06867218017578,181.6300048828125
2023-06-20,421.1785583496094,86.32632446289062,179.75
2023-06-21,419.02056884765625,86.40629577636719,179.49000549316406
2023-06-22,420.5331115722656,85.9176025390625,177.7100067138672
2023-06-23,417.3539123535156,86.27303314208984,178.1999969482422
2023-06-26,415.6487121582031,86.48626708984375,178.50999450683594
2023-06-27,420.2055969238281,86.18417358398438,177.69000244140625
2023-06-28,420.41754150390625,86.53067779541016,177.27999877929688
2023-06-29,422.0744934082031,85.64218139648438,177.08999633789062
2023-06-30,427.0553283691406,85.82877349853516,178.27000427246094
2023-07-03,427.5466613769531,85.45650482177734,178.47000122070312
2023-07-05,426.9108581542969,85.04680633544922,177.83999633789062
2023-07-06,423.5678405761719,84.35208892822266,177.30999755859375
2023-07-07,422.4984436035156,84.24524688720703,178.63999938964844
2023-07-10,423.5678405761719,84.68162536621094,178.77999877929688
2023-07-11,426.2653198242187,84.8597640991211,179.4499969482422
2023-07-12,429.6950378417969,85.68803405761719,181.8800048828125
2023-07-13,433.10552978515625,86.40056610107422,182.0099945068359
2023-07-14,432.8357543945313,85.9730453491211,181.42999267578125
2023-07-17,434.3386535644531,86.11557006835938,181.55999755859375
2023-07-18,437.5660095214844,86.21353149414062,183.63999938964844
2023-07-19,438.5390625,86.50743865966797,183.6699981689453
2023-07-20,435.6295776367187,85.82166290283203,182.7400054931641
2023-07-21,435.6295776367187,85.8929214477539,182.17999267578125
2023-07-24,437.5756530761719,85.68803405761719,181.3999938964844
2023-07-25,438.7702331542969,85.52772521972656,182.41000366210935
2023-07-26,438.8376770019531,85.82166290283203,183.3000030517578
2023-07-27,435.92828369140625,84.88648986816406,180.4199981689453
2023-07-28,440.1961059570313,85.16255187988281,181.86000061035156
2023-07-31,441.0342712402344,85.26947021484375,182.3500061035156
2023-08-01,439.7722473144531,84.77120971679688,180.4600067138672
2023-08-02,433.6546325683594,84.60157012939453,179.60000610351562
2023-08-03,432.4118041992187,83.9765396118164,179.5399932861328
2023-08-04,430.4562072753906,84.86943054199219,180.19000244140625
2023-08-07,434.21337890625,84.6640625,179.77999877929688
2023-08-08,432.3251647949219,85.0926513671875,178.63999938964844
2023-08-09,429.4349060058594,85.146240234375,177.7899932861328
2023-08-10,429.589111328125,84.49441528320312,177.60000610351562
2023-08-11,429.3385314941406,84.0479736328125,177.60000610351562
2023-08-14,431.70849609375,83.91404724121094,177.05999755859375
2023-08-15,426.67962646484375,83.7533187866211,176.58999633789062
2023-08-16,423.5486145019531,83.43187713623047,175.57000732421875
2023-08-17,420.32122802734375,83.32472229003906,175.3000030517578
2023-08-18,420.52349853515625,83.57474517822266,175.3300018310547
2023-08-21,423.259521484375,83.0568618774414,175.80999755859375
2023-08-22,422.1130981445313,83.09259033203125,176.10000610351562
2023-08-23,426.814453125,83.9944076538086,177.88999938964844
2023-08-24,420.8992309570313,83.6818618774414,177.85000610351562
2023-08-25,423.866455078125,83.65511322021484,177.6199951171875
2023-08-28,426.5543823242187,83.88725280761719,178.1300048828125
2023-08-29,432.7201232910156,84.48550415039062,179.8699951171875
2023-08-30,434.50244140625,84.4765625,180.32000732421875
2023-08-31,433.8665466308594,84.64620971679688,180.02000427246094
2023-09-01,434.6758117675781,84.12879180908203,180.11000061035156
2023-09-05,432.7971801757813,83.61857604980469,178.63999938964844
2023-09-06,429.8877258300781,83.4037094116211,177.8300018310547
2023-09-07,428.56787109375,83.69013977050781,178.02000427246094
2023-09-08,429.2133483886719,83.70806884765625,178.0800018310547
2023-09-11,432.0361328125,83.5648422241211,178.41000366210938
2023-09-12,429.66607666015625,83.68122863769531,177.49000549316406
2023-09-13,430.1671142578125,83.77969360351562,177.0800018310547
2023-09-14,433.8761596679687,83.59170532226562,177.1699981689453
2023-09-15,428.648681640625,83.33211517333984,178.33999633789062
2023-09-18,428.9001159667969,83.41264343261719,179.38999938964844
2023-09-19,428.0106506347656,83.10829162597656,179.22000122070312
2023-09-20,424.0758056640625,83.04562377929688,179.35000610351562
2023-09-21,417.06646728515625,82.42794799804688,178.0500030517578
2023-09-22,416.1287231445313,82.75023651123047,178.6199951171875
2023-09-25,417.8786010742187,82.14152526855469,177.6999969482422
2023-09-26,411.7394409179687,82.11463928222656,176.27999877929688
2023-09-27,411.90380859375,81.74761199951172,174.10000610351562
2023-09-28,414.2917785644531,81.9714126586914,173.22999572753906
2023-09-29,413.2862854003906,81.98931884765625,171.4499969482422
2023-10-02,413.1219787597656,81.32427978515625,169.64999389648438
2023-10-03,407.5918273925781,80.651123046875,169.16000366210938
2023-10-04,410.5599365234375,81.1627197265625,169.13999938964844
2023-10-05,410.4052429199219,81.31529235839844,168.8300018310547
2023-10-06,415.27789306640625,80.83959197998047,169.6999969482422
2023-10-09,417.9366149902344,81.87174987792969,172.82000732421875
2023-10-10,420.11187744140625,81.71018981933594,172.52999877929688
2023-10-11,421.8327941894531,82.1589584350586,173.7899932861328
2023-10-12,419.2611389160156,81.36915588378906,173.25999450683594
2023-10-13,417.1728210449219,81.88970184326172,178.8300018310547
2023-10-16,421.5621032714844,81.4050521850586,177.9600067138672
2023-10-17,421.5427551269531,80.60626220703125,178.2899932861328
2023-10-18,415.9256286621094,80.22929382324219,180.8699951171875
2023-10-19,412.2712097167969,79.83438873291016,183.08999633789065
2023-10-20,407.20513916015625,80.30110168457031,183.58999633789065
2023-10-23,406.4993896484375,80.67806243896484,182.97000122070312
2023-10-24,409.5641479492187,80.8216552734375,182.9499969482422
2023-10-25,403.68603515625,80.11258697509766,183.72000122070312
2023-10-26,398.85205078125,80.7229232788086,184.0099945068359
2023-10-27,397.0440979003906,80.84857940673828,186.1499938964844
2023-10-30,401.7911071777344,80.57931518554688,185.1000061035156
2023-10-31,404.31439208984375,80.40878295898438,184.08999633789065
2023-11-01,408.6263122558594,81.33490753173828,183.5099945068359
2023-11-02,416.4574279785156,81.83890533447266,184.1199951171875
2023-11-03,420.2569580078125,82.46894073486328,184.7899932861328
2023-11-06,421.22369384765625,81.9919204711914,183.3500061035156
2023-11-07,422.4224853515625,82.45995330810547,182.58999633789065
2023-11-08,422.7319030761719,82.79293823242188,180.77000427246097
2023-11-09,419.4351501464844,81.97391510009766,181.4900054931641
2023-11-10,425.9803161621094,82.06394958496094,179.50999450683594
2023-11-13,425.5742492675781,82.01892852783203,180.5099945068359
2023-11-14,433.8307800292969,83.25196838378906,182.1199951171875
2023-11-15,434.7492370605469,82.60392761230469,181.63999938964844
2023-11-16,435.2809143066406,83.22494506835938,183.69000244140625
2023-11-17,435.8223876953125,83.27896118164062,183.6699981689453
2023-11-20,439.1771240234375,83.3959732055664,183.3699951171875
2023-11-21,438.2200012207031,83.50396728515625,185.3500061035156
2023-11-22,439.911865234375,83.47696685791016,184.55999755859375
2023-11-24,440.1825866699219,83.0449447631836,185.52000427246097
2023-11-27,439.3898620605469,83.67495727539062,186.77000427246097
2023-11-28,439.8248596191406,84.04398345947266,189.2599945068359
2023-11-29,439.5154724121094,84.4850082397461,189.5399932861328
2023-11-30,441.2460632324219,84.07099914550781,188.75
2023-12-01,443.85638427734375,84.86420440673828,192.0099945068359
2023-12-04,441.5264587402344,84.51226043701172,187.86000061035156
2023-12-05,441.439453125,85.10786437988281,187.1499938964844
2023-12-06,439.6604919433594,85.45980834960938,187.83999633789065
2023-12-07,443.0153503417969,85.3334732055664,188.1499938964844
2023-12-08,444.919921875,84.7829818725586,185.63999938964844
2023-12-11,446.65045166015625,84.7920150756836,183.58999633789065
2023-12-12,448.6904296875,84.97248840332031,183.4900054931641
2023-12-13,454.8778991699219,86.23588562011719,187.6300048828125
2023-12-14,456.33782958984375,86.9527359008789,188.72999572753903
2023-12-15,455.5863342285156,86.88033294677734,187.0
2023-12-18,458.149169921875,86.69026947021484,187.8500061035156
2023-12-19,460.9350280761719,86.8531723022461,189.1300048828125
2023-12-20,454.5477600097656,87.27855682373047,188.1000061035156
2023-12-21,458.8578186035156,87.14279174804688,189.42999267578125
2023-12-22,459.7799682617187,87.06134033203125,190.27000427246097
2023-12-26,461.7213439941406,87.11565399169922,191.72000122070312
2023-12-27,462.55615234375,87.79447174072266,192.58999633789065
2023-12-28,462.73089599609375,87.4595947265625,191.47000122070312
2023-12-29,461.3913269042969,87.24237060546875,191.1699981689453
2024-01-02,458.8092346191406,86.91654205322266,190.72000122070312
2024-01-03,455.0622863769531,87.12469482421875,189.1300048828125
2024-01-04,453.5964660644531,86.59976196289062,189.32000732421875
2024-01-05,454.2177429199219,86.28294372558594,189.3500061035156
2024-01-08,460.7021179199219,86.57257843017578,187.8699951171875
2024-01-09,460.0032348632813,86.53640747070312,187.92999267578125
2024-01-10,462.6047058105469,86.400634765625,187.5
2024-01-11,462.40087890625,86.86222076416016,187.8699951171875
2024-01-12,462.72119140625,87.09757232666016,189.7100067138672
2024-01-16,461.02239990234375,86.39156341552734,187.91000366210935
2024-01-17,458.4597473144531,86.11097717285156,185.83999633789065
2024-01-18,462.5367126464844,85.9209213256836,187.3699951171875
2024-01-19,468.30279541015625,85.92999267578125,187.92999267578125
2024-01-22,469.29296875,86.19242095947266,187.22000122070312
2024-01-23,470.6616516113281,85.97522735595703,187.9499969482422
2024-01-24,471.1761169433594,85.73084259033203,186.3999938964844
2024-01-25,473.73883056640625,86.1019287109375,187.13999938964844
2024-01-26,473.1370239257813,85.94805145263672,187.0099945068359
2024-01-29,476.8839721679687,86.4639892578125,188.3300018310547
2024-01-30,476.5151062011719,86.58163452148438,188.58999633789065
2024-01-31,468.73968505859375,87.30571746826172,188.4499969482422
2024-02-01,474.87457275390625,87.84647369384766,190.41000366210935
2024-02-02,479.8737487792969,86.70326232910156,188.61000061035156
2024-02-05,478.1264343261719,85.85945129394531,187.57000732421875
2024-02-06,479.5146179199219,86.32218933105469,188.5500030517578
2024-02-07,483.5139770507813,86.16793823242188,188.5
2024-02-08,483.7275390625,85.88668823242188,188.3300018310547
2024-02-09,486.523193359375,85.73242950439453,187.6000061035156
2024-02-12,486.30963134765625,85.81409454345703,187.11000061035156
2024-02-13,479.6116943359375,84.87049102783203,184.52999877929688
2024-02-14,483.9702453613281,85.18804168701172,184.4199981689453
2024-02-15,487.30950927734375,85.42393493652344,185.66000366210935
2024-02-16,484.8826904296875,85.05194091796875,186.33999633789065
2024-02-20,482.2131652832031,85.1971206665039,187.47000122070312
2024-02-21,482.6499938964844,84.92493438720703,187.47999572753903
2024-02-22,492.63873291015625,84.93399047851562,187.55999755859375
2024-02-23,492.97845458984375,85.32413482666016,188.6199951171875
2024-02-26,491.1729431152344,85.1971206665039,188.1999969482422
2024-02-27,492.0853576660156,85.00657653808594,188.0
2024-02-28,491.4349670410156,85.31504821777344,188.33999633789065
2024-02-29,493.2016906738281,85.48744201660156,189.30999755859375
2024-03-01,497.83197021484375,85.87773132324219,192.88999938964844
2024-03-04,497.298095703125,85.68669128417969,196.0099945068359
2024-03-05,492.32806396484375,86.21431732177734,197.19000244140625
2024-03-06,494.8227844238281,86.42355346679688,198.80999755859375
2024-03-07,499.734619140625,86.5691146850586,199.94000244140625
2024-03-08,496.735107421875,86.63280487060547,201.6300048828125
2024-03-11,496.3079528808594,86.52363586425781,202.0
2024-03-12,501.6470031738281,86.1688461303711,199.7899932861328
2024-03-13,500.8606872558594,85.97779846191406,201.19000244140625
2024-03-14,499.8705139160156,85.34098815917969,200.3500061035156
2024-03-15,496.4381713867187,85.19542694091797,199.7100067138672
2024-03-18,499.3884887695313,85.09536743164062,200.02999877929688
2024-03-19,502.16363525390625,85.34098815917969,199.8000030517578
2024-03-20,506.8083801269531,85.54112243652344,202.17999267578125
2024-03-21,508.4831848144531,85.55020904541016,201.97000122070312
2024-03-22,507.5193176269531,85.96868896484375,200.3500061035156
2024-03-25,506.1170349121094,85.74127960205078,200.9900054931641
2024-03-26,505.18218994140625,85.86862182617188,201.63999938964844
2024-03-27,509.42767333984375,86.19612884521484,203.1000061035156
2024-03-28,509.3302917480469,86.1142578125,205.72000122070312
2024-04-01,508.4442138671875,85.33506774902344,207.82000732421875
2024-04-02,505.2115173339844,85.15259552001953,210.88999938964844
2024-04-03,505.7664184570313,85.25296020507812,212.7400054931641
2024-04-04,499.5929870605469,85.54490661621094,211.52000427246097
2024-04-05,504.8121948242187,84.97923278808594,215.13999938964844
2024-04-08,505.0945739746094,84.78764343261719,216.47999572753903
2024-04-09,505.6788024902344,85.125244140625,217.6699981689453
2024-04-10,500.6153869628906,83.99388122558594,215.61000061035156
2024-04-11,504.39349365234375,83.87525177001953,219.8000030517578
2024-04-12,497.431396484375,84.22197723388672,216.88999938964844
2024-04-15,491.1994323730469,83.68368530273438,220.9499969482422
2024-04-16,490.30364990234375,83.35519409179688,221.22000122070312
2024-04-17,487.40185546875,83.8843765258789,219.58999633789065
2024-04-18,486.39892578125,83.59244537353516,220.33999633789065
2024-04-19,482.1535034179687,83.701904296875,221.02999877929688
2024-04-22,486.5937194824219,83.71102905273438,215.57000732421875
2024-04-23,492.3679504394531,83.82051849365234,215.0399932861328
2024-04-24,492.13421630859375,83.5650405883789,214.63999938964844
2024-04-25,490.2646484375,83.2457046508789,215.9199981689453
2024-04-26,494.9093933105469,83.47380828857422,216.6199951171875
2024-04-29,496.662109375,83.81140899658203,216.17999267578125
2024-04-30,488.79437255859375,83.41905975341797,211.8699951171875
2024-05-01,487.2071838378906,83.74942016601562,213.7899932861328
2024-05-02,491.76422119140625,84.14290618896484,213.1300048828125
2024-05-03,497.8597412109375,84.60960388183594,212.9600067138672
2024-05-06,503.0010986328125,84.68283081054688,215.1999969482422
2024-05-07,503.55615234375,84.90242004394531,214.2100067138672
2024-05-08,503.6047668457031,84.66451263427734,213.5800018310547
2024-05-09,506.5064392089844,84.92074584960938,216.9499969482422
2024-05-10,507.1589965820313,84.64620971679688,218.7100067138672
2024-05-13,507.22698974609375,84.74689483642578,216.2599945068359
2024-05-14,509.5543823242187,84.99395751953125,218.08999633789065
2024-05-15,515.8641967773438,85.63452911376953,220.88999938964844
2024-05-16,514.802734375,85.46979522705078,220.02999877929688
2024-05-17,515.5427856445312,85.20441436767578,223.66000366210935
2024-05-20,516.13671875,85.07630157470703,224.55999755859375
2024-05-21,517.402587890625,85.29592895507812,224.22999572753903
2024-05-22,515.9127807617188,85.18610382080078,220.11000061035156
2024-05-23,512.1444702148438,84.88416290283203,215.72000122070312
2024-05-24,515.5330200195312,84.99395751953125,215.9199981689453
2024-05-28,515.8932495117188,84.51809692382812,218.19000244140625
2024-05-29,512.2808227539062,84.10631561279297,216.16000366210935
2024-05-30,508.8824768066406,84.52725219726562,216.57000732421875
2024-05-31,513.5173950195312,84.92074584960938,215.3000030517578
2024-06-03,513.9362182617188,85.47694396972656,217.22000122070312
2024-06-04,514.5106201171875,85.94503021240234,215.27000427246097
2024-06-05,520.6256103515625,86.25709533691406,217.82000732421875
2024-06-06,520.6158447265625,86.22039031982422,219.42999267578125
2024-06-07,519.9829711914062,85.3117446899414,211.6000061035156
2024-06-10,521.589599609375,85.12816619873047,213.5399932861328
2024-06-11,522.8457641601562,85.57791137695312,214.1499938964844
2024-06-12,527.1399536132812,86.05519104003906,214.72000122070312
2024-06-13,528.2012939453125,86.62423706054688,212.97000122070312
2024-06-14,528.522705078125,86.82615661621094,215.72999572753903
2024-06-17,532.7291870117188,86.42230987548828,214.61000061035156
2024-06-18,534.0825805664062,86.79861450195312,215.47000122070312
2024-06-20,532.6318359375,86.57835388183594,218.16000366210935
2024-06-21,531.9176635742188,86.59669494628906,214.77999877929688
2024-06-24,530.1885986328125,86.67010498046875,215.6300048828125
2024-06-25,532.2302856445312,86.74353790283203,214.55999755859375
2024-06-26,532.8945922851562,86.22039031982422,212.5800018310547
2024-06-27,533.734619140625,86.41313171386719,214.9900054931641
2024-06-28,531.6343383789062,85.95423889160156,215.0099945068359
2024-07-01,532.728515625,85.31437683105469,215.57000732421875
2024-07-02,536.3135986328125,85.6365966796875,215.55999755859375
2024-07-03,538.7069702148438,86.20738220214844,217.9900054931641
2024-07-05,541.8134155273438,86.68610382080078,220.92999267578125
2024-07-08,542.438720703125,86.7137222290039,218.19000244140625
2024-07-09,542.9661254882812,86.59405517578125,218.55999755859375
2024-07-10,548.3389282226562,86.67688751220703,219.36000061035156
2024-07-11,543.6109008789062,87.22928619384766,223.25
2024-07-12,547.0396118164062,87.41341400146484,223.11000061035156
2024-07-15,548.5440673828125,87.13722229003906,223.8300018310547
2024-07-16,551.7970581054688,87.52385711669922,228.2899932861328
2024-07-17,544.0601806640625,87.59751892089844,227.22999572753903
2024-07-18,539.8792114257812,87.34894561767578,225.77999877929688
2024-07-19,536.2940063476562,87.07276916503906,221.72999572753903
2024-07-22,541.8232421875,86.98992919921875,221.8000030517578
2024-07-23,540.9733276367188,87.05436706542969,222.5800018310547
2024-07-24,528.7135620117188,86.86102294921875,221.8000030517578
2024-07-25,525.9588012695312,87.05436706542969,218.3300018310547
2024-07-26,531.8492431640625,87.46863555908203,220.6300048828125
2024-07-29,532.1619262695312,87.61593627929688,220.32000732421875
2024-07-30,529.4658203125,87.80006408691406,222.52000427246097
2024-07-31,538.072021484375,88.44450378417969,226.5500030517578
2024-08-01,530.4523315429688,88.82217407226562,225.77000427246097
2024-08-02,520.5761108398438,90.19805908203124,225.33999633789065
2024-08-05,505.41510009765625,90.29039001464844,222.47999572753903
2024-08-06,510.0747985839844,89.48703002929688,220.6999969482422
2024-08-07,506.66546630859375,89.1638412475586,220.5500030517578
2024-08-08,518.3782348632812,88.89604949951172,224.0099945068359
2024-08-09,520.6640625,89.25617218017578,224.55999755859375
2024-08-12,520.9376220703125,89.5055160522461,228.41000366210935
2024-08-13,529.5048828125,89.9025650024414,228.05999755859375
2024-08-14,531.1752319335938,90.02259063720703,226.1999969482422
2024-08-15,540.2797241210938,89.45930480957031,226.91000366210935
2024-08-16,541.4911499023438,89.63478088378906,231.9900054931641
2024-08-19,546.6683959960938,89.75483703613281,231.61000061035156
2024-08-20,545.7794799804688,90.11493682861328,232.4600067138672
2024-08-21,547.6551513671875,90.29961395263672,232.1499938964844
2024-08-22,543.3568725585938,89.88407897949219,229.3699951171875
2024-08-23,549.1302490234375,90.29961395263672,232.02000427246097
2024-08-26,547.8211059570312,90.1888198852539,232.7599945068359
2024-08-27,548.5734252929688,90.15187072753906,233.38999938964844
2024-08-28,545.3887939453125,90.10570526123048,231.75
2024-08-29,545.4375610351562,89.94872283935547,232.9499969482422
2024-08-30,550.6443481445312,89.63478088378906,231.2899932861328
2024-09-03,539.3126831054688,90.22564697265624,230.2899932861328
2024-09-04,538.2088012695312,90.7535629272461,230.42999267578125
2024-09-05,536.8997802734375,90.96658325195312,232.3500061035156
2024-09-06,527.8635864257812,91.09624481201172,230.6300048828125
2024-09-09,533.773681640625,91.22589111328124,231.6000061035156
2024-09-10,536.0987548828125,91.6148910522461,232.6199951171875
2024-09-11,541.5985717773438,91.55005645751952,232.25
2024-09-12,546.1605834960938,91.40187072753906,236.3300018310547
2024-09-13,549.0130004882812,91.5778350830078,238.67999267578125
2024-09-16,549.82373046875,91.81865692138672,238.66000366210935
2024-09-17,550.0484619140625,91.65191650390624,237.33999633789065
2024-09-18,548.4171142578125,91.2536849975586,235.5099945068359
2024-09-19,557.7755126953125,91.17960357666016,239.1699981689453
2024-09-20,556.8113403320312,91.15181732177734,242.2100067138672
2024-09-23,558.2028198242188,91.09624481201172,242.67999267578125
2024-09-24,559.7998657226562,91.19810485839844,246.07000732421875
2024-09-25,558.5653076171875,90.82767486572266,245.72999572753903
2024-09-26,560.77978515625,90.76282501220705,246.97999572753903
2024-09-27,559.9664306640625,91.1240234375,245.02000427246097
2024-09-30,562.21044921875,90.87397003173828,243.05999755859375
2024-10-01,557.173828125,91.20464324951172,245.61000061035156
2024-10-02,557.4091186523438,90.94457244873048,245.66000366210935
2024-10-03,556.3900146484375,90.48014831542967,245.4900054931641
2024-10-04,561.4461669921875,89.60699462890625,245.0
2024-10-07,556.370361328125,89.28190612792969,244.1699981689453
2024-10-08,561.63232421875,89.3562240600586,242.3699951171875
2024-10-09,565.5223999023438,89.02181243896484,241.0500030517578
2024-10-10,564.53271484375,89.01251983642578,242.82000732421875
2024-10-11,567.9132690429688,89.04041290283203,245.47000122070312
2024-10-14,572.5579223632812,88.88249969482422,245.07000732421875
2024-10-15,568.1091918945312,89.3376235961914,245.9199981689453
2024-10-16,570.5785522460938,89.47696685791016,247.1499938964844
2024-10-17,570.6275024414062,89.01251983642578,248.6300048828125
2024-10-18,572.8224487304688,89.1147232055664,251.27000427246097
2024-10-21,571.8817749023438,88.42733764648438,251.22000122070312
2024-10-22,571.5779418945312,88.34376525878906,253.92999267578125
2024-10-23,566.3552856445312,88.13939666748047,250.8699951171875
2024-10-24,567.5802001953125,88.33448028564453,252.8000030517578
2024-10-25,567.3840942382812,88.13939666748047,253.32000732421875
2024-10-28,569.1381225585938,87.93502807617188,253.3300018310547
2024-10-29,570.0592651367188,87.97222900390625,256.0899963378906
2024-10-30,568.3346557617188,87.84220123291016,257.5
2024-10-31,557.1935424804688,87.79570770263672,253.5099945068359
2024-11-01,559.5451049804688,87.27580261230469,252.47000122070312
2024-11-04,558.33984375,87.74166870117188,252.8300018310547
2024-11-05,565.0913696289062,87.78828430175781,253.3999938964844
2024-11-06,579.1426391601562,86.8844985961914,245.6999969482422
2024-11-07,583.6205444335938,87.58329772949219,249.6499938964844
2024-11-08,586.148681640625,87.7696304321289,247.9600067138672
2024-11-11,586.707275390625,87.52740478515625,242.13999938964844
2024-11-12,584.8847045898438,86.97767639160156,240.0500030517578
2024-11-13,585.1687622070312,86.92173767089844,237.6300048828125
2024-11-14,581.4061279296875,86.91244506835938,237.0099945068359
2024-11-15,573.9591064453125,86.94969177246094,236.58999633789065
2024-11-18,576.3107299804688,87.14537811279297,241.08999633789065
2024-11-19,578.4175415039062,87.33174133300781,243.25
2024-11-20,578.613525390625,87.20127868652344,244.6199951171875
2024-11-21,581.7196044921875,87.15470123291016,246.66000366210935
2024-11-22,583.5226440429688,87.21060180664062,249.83999633789065
2024-11-25,585.501953125,88.15165710449219,242.47999572753903
2024-11-26,588.5591430664062,87.96531677246094,242.9499969482422
2024-11-27,586.7758178710938,88.31936645507812,243.4900054931641
2024-11-29,590.4208374023438,88.69205474853516,245.58999633789065
2024-12-02,591.4791870117188,88.6845703125,243.44000244140625
2024-12-03,591.7534790039062,88.43224334716797,243.92999267578125
2024-12-04,595.427978515625,88.76871490478516,244.6699981689453
2024-12-05,594.4481201171875,88.75936126708984,242.86000061035156
2024-12-06,595.5750732421875,89.03971099853516,242.9499969482422
2024-12-09,592.508056640625,88.7313232421875,245.36000061035156
2024-12-10,590.6658325195312,88.57242584228516,248.58999633789065
2024-12-11,595.2320556640625,88.31073760986328,250.9600067138672
2024-12-12,592.1651000976562,87.97428131103516,247.27999877929688
2024-12-13,592.0474853515625,87.56305694580078,244.2899932861328
2024-12-16,594.5755004882812,87.59110260009766,244.8800048828125
2024-12-17,592.1257934570312,87.59110260009766,243.94000244140625
2024-12-18,574.4783325195312,86.91407012939453,239.2599945068359
2024-12-19,574.3019409179688,86.520263671875,239.6000061035156
2024-12-20,581.199951171875,86.8390884399414,242.1000061035156
2024-12-23,584.6803588867188,86.45462799072266,240.9600067138672
2024-12-24,591.1790771484375,86.50148010253906,241.44000244140625
2024-12-26,591.2183837890625,86.567138671875,243.07000732421875
2024-12-27,584.9950561523438,86.34211730957031,241.3999938964844
2024-12-30,578.3192138671875,86.84845733642578,240.6300048828125
2024-12-31,576.2152709960938,86.68903350830078,242.1300048828125
2025-01-02,574.7994995117188,86.73593139648438,245.4199981689453
2025-01-03,581.9864501953125,86.59526062011719,243.4900054931641
2025-01-06,585.3389892578125,86.5108871459961,243.19000244140625
2025-01-07,578.7223510742188,86.1170425415039,244.55999755859375
2025-01-08,579.5678100585938,86.26707458496094,245.86000061035156
2025-01-10,570.7193603515625,85.63885498046875,248.2100067138672
2025-01-13,571.604248046875,85.48880004882812,245.7400054931641
2025-01-14,572.3907470703125,85.51692962646484,247.02999877929688
2025-01-15,582.8025512695312,86.4171142578125,248.8800048828125
2025-01-16,581.6817016601562,86.62339782714844,250.6000061035156
2025-01-17,587.521728515625,86.68903350830078,249.27000427246097
2025-01-21,592.899658203125,86.9797134399414,253.1300048828125
2025-01-22,596.232666015625,86.75468444824219,254.42999267578125
2025-01-23,599.4868774414062,86.52965545654297,254.07000732421875
2025-01-24,597.7368774414062,86.70781707763672,255.6499938964844
2025-01-27,589.281494140625,87.27041625976562,252.9900054931641
2025-01-28,594.3449096679688,87.2797622680664,255.17999267578125
2025-01-29,591.6804809570312,87.17664337158203,254.1999969482422
2025-01-30,594.8561401367188,87.36418151855469,258.04998779296875
2025-01-31,591.6903076171875,87.22351837158203,258.55999755859375
2025-02-03,587.7085571289062,87.28562927246094,259.94000244140625
2025-02-04,591.6510620117188,87.50196838378906,262.5
2025-02-05,594.0498657226562,88.00993347167969,264.1300048828125
2025-02-06,596.1145629882812,87.90644836425781,263.42999267578125
2025-02-07,590.6580200195312,87.61483764648438,263.8999938964844
2025-02-10,594.6693725585938,87.5960464477539,268.3699951171875
2025-02-11,595.1216430664062,87.37026977539062,267.3900146484375
2025-02-12,593.204345703125,86.76823425292969,267.6700134277344
2025-02-13,599.4672241210938,87.41728973388672,270.30999755859375
2025-02-14,599.4376831054688,87.7841567993164,266.2900085449219
2025-02-18,601.1975708007812,87.3138198852539,270.70001220703125
2025-02-19,602.6134033203125,87.45492553710938,270.8500061035156
2025-02-20,600.1063232421875,87.63365936279297,270.989990234375
2025-02-21,589.842041015625,88.1510238647461,270.739990234375
2025-02-24,587.1580200195312,88.33915710449219,272.2099914550781
2025-02-25,584.2378540039062,89.0352554321289,268.6199951171875
2025-02-26,584.5328979492188,89.27985382080078,269.0299987792969
2025-02-27,575.2025756835938,89.1763916015625,264.92999267578125
2025-02-28,584.1788940429688,89.66553497314453,263.2699890136719
2025-03-03,573.9441528320312,89.99101257324219,266.739990234375
2025-03-04,567.1504516601562,89.7079849243164,269.05999755859375
2025-03-05,573.24609375,89.20797729492188,269.6199951171875
2025-03-06,563.0703735351562,89.16081237792969,268.25
2025-03-07,566.2262573242188,89.047607421875,268.3900146484375
2025-03-10,551.1444702148438,89.67024230957031,266.0400085449219
2025-03-11,546.5628662109375,89.34947204589844,269.1600036621094
2025-03-12,549.4633178710938,89.08534240722656,270.3299865722656
2025-03-13,542.1386108398438,89.4438247680664,275.1300048828125
2025-03-14,553.3369750976562,89.13249969482422,275.239990234375
2025-03-17,557.6039428710938,89.20797729492188,276.7300109863281
2025-03-18,551.5770874023438,89.311767578125,279.9599914550781
2025-03-19,557.5842895507812,89.58533477783203,281.1099853515625
2025-03-20,555.9718017578125,89.71742248535156,280.75
2025-03-21,556.1552734375,89.64193725585938,278.489990234375
2025-03-24,566.115234375,89.1230697631836,277.25
2025-03-25,567.47607421875,89.27401733398438,278.4700012207031
2025-03-26,560.7013549804688,89.06647491455078,278.239990234375
2025-03-27,559.2122802734375,88.99101257324219,281.9700012207031
2025-03-28,547.95068359375,89.7079849243164,284.05999755859375
2025-03-31,551.62890625,89.97213745117188,288.1400146484375
2025-04-01,553.18701171875,90.28823852539062,287.57000732421875
2025-04-02,556.6878051757812,90.20307159423828,288.1600036621094
2025-04-03,529.2537231445312,91.13053894042967,286.4200134277344
2025-04-04,498.2696838378906,91.3860855102539,279.7200012207031
2025-04-07,497.3821411132813,90.29768371582033,273.7099914550781
2025-04-08,489.591796875,89.84342193603516,275.20001220703125
2025-04-09,541.0083618164062,89.55950164794922,285.3800048828125
2025-04-10,517.3019409179688,89.00109100341797,292.3500061035156
2025-04-11,526.5321044921875,88.49950408935547,297.92999267578125
2025-04-14,531.6402587890625,89.2093276977539,296.2300109863281
2025-04-15,530.151123046875,89.47429656982422,297.7799987792969
2025-04-16,518.3668823242188,89.86235046386719,307.4700012207031
2025-04-17,519.1064453125,89.6068344116211,306.1199951171875
2025-04-21,506.7503662109375,89.12413787841797,315.5899963378906
2025-04-22,519.934814453125,89.19039154052734,311.1099853515625
2025-04-23,527.9915161132812,89.2850341796875,303.6499938964844
2025-04-24,539.1051635742188,89.76769256591797,308.07000732421875
2025-04-25,543.0004272460938,90.10841369628906,304.7300109863281
2025-04-28,543.2074584960938,90.4680633544922,309.07000732421875
2025-04-29,546.6292724609375,90.78038024902344,306.05999755859375
2025-04-30,546.84619140625,90.92232513427734,303.7699890136719
2025-05-01,550.7216796875,90.5263900756836,297.4599914550781
2025-05-02,558.8966674804688,89.918701171875,297.9800109863281
2025-05-05,555.6917724609375,89.75728607177734,306.8800048828125
2025-05-06,551.047119140625,89.98516082763672,315.4800109863281
2025-05-07,553.3645629882812,90.22254180908205,310.75
2025-05-08,557.22021484375,89.51991271972656,304.6300048828125
2025-05-09,556.5103149414062,89.58637237548828,306.8399963378906
2025-05-12,574.9014892578125,89.01667785644531,298.19000244140625
2025-05-13,578.6981201171875,88.9501953125,299.4599914550781
2025-05-14,579.437744140625,88.61788177490234,293.1600036621094
2025-05-15,582.2679443359375,89.19708251953125,297.8399963378906
2025-05-16,585.9559936523438,89.22557067871094,294.239990234375
2025-05-19,586.5969848632812,89.1780776977539,298.0299987792969
2025-05-20,584.6246948242188,89.06414031982422,303.5799865722656
2025-05-21,574.7732543945312,88.44696807861328,305.82000732421875
2025-05-22,575.0001220703125,88.779296875,303.1099853515625
2025-05-23,571.0753173828125,89.03564453125,309.75
2025-05-27,582.9483642578125,89.40596008300781,304.5
2025-05-28,579.5758056640625,89.15909576416016,303.80999755859375
2025-05-29,581.863525390625,89.52940368652344,305.6099853515625
2025-05-30,581.2127685546875,89.79528045654297,303.6000061035156
2025-06-02,584.4866333007812,89.49044036865234,311.6700134277344
2025-06-03,587.81982421875,89.40469360351562,308.9100036621094
2025-06-04,587.6619262695312,90.0619888305664,310.8999938964844
2025-06-05,584.8218994140625,89.79528045654297,309.3299865722656
2025-06-06,590.8275146484375,89.0807876586914,305.17999267578125
2025-06-09,591.35986328125,89.24273681640625,306.6199951171875
2025-06-10,594.7128295898438,89.3951644897461,306.7099914550781
2025-06-11,593.0166015625,89.76669311523438,308.3699951171875
2025-06-12,595.3734741210938,90.15727996826172,312.20001220703125
2025-06-13,588.7171020507812,89.8238525390625,316.2900085449219
2025-06-16,594.318359375,89.56664276123047,311.7799987792969
2025-06-17,589.23974609375,90.00485229492188,311.94000244140625
2025-06-18,589.1510009765625,90.0619888305664,310.260009765625
2025-06-20,587.7673950195312,90.11917877197266,310.1300048828125
2025-06-23,593.572998046875,90.43351745605467,311.0799865722656
2025-06-24,600.1304321289062,90.74791717529295,306.19000244140625
2025-06-25,600.4666748046875,90.7860107421875,307.1199951171875
2025-06-26,605.16455078125,91.10990142822266,306.7799987792969
2025-06-27,608.1712646484375,90.87174987792967,301.2200012207031
2025-06-30,611.0791015625,91.23373413085938,304.8299865722656
2025-07-01,610.8812866210938,91.06460571289062,307.54998779296875
2025-07-02,613.650634765625,90.87345886230467,309.25
2025-07-03,618.4869995117188,90.55810546875,307.1400146484375
2025-07-07,613.8779907226562,90.27139282226562,307.3699951171875
2025-07-08,613.5418090820312,90.1375961303711,304.1600036621094
2025-07-09,617.2210083007812,90.6058578491211,305.5199890136719
2025-07-10,618.9617309570312,90.55810546875,306.20001220703125
2025-07-11,616.7858276367188,90.1375961303711,309.1400146484375
2025-07-14,617.9627685546875,90.09938049316406,308.010009765625
2025-07-15,615.322021484375,89.74578094482422,306.7300109863281
2025-07-16,617.3792724609375,89.99425506591797,308.260009765625
2025-07-17,621.1574096679688,89.96558380126953,307.5899963378906
2025-07-18,620.702392578125,90.21407318115234,308.3900146484375
2025-07-21,621.8794555664062,90.52942657470705,313.1300048828125
2025-07-22,621.9684448242188,90.78746032714844,316.1000061035156
2025-07-23,627.2598266601562,90.46253204345705,312.17999267578125
2025-07-24,627.4674072265625,90.3287353515625,310.2699890136719
2025-07-25,630.1181030273438,90.53899383544922,307.3999938964844
2025-07-28,629.9598999023438,90.33829498291016,305.4100036621094
2025-07-29,628.2982788085938,90.9308090209961,306.25
2025-07-30,627.5070190429688,90.6154327392578,300.9599914550781
2025-07-31,625.1531372070312,90.69189453125,302.9599914550781
2025-08-01,614.9066162109375,91.73599243164062,309.1099853515625
2025-08-04,624.2530517578125,91.86063385009766,310.9100036621094
2025-08-05,621.088134765625,91.79352569580078,311.1600036621094
2025-08-06,625.845458984375,91.72642517089844,310.5
2025-08-07,625.3212280273438,91.65930938720705,313.1199951171875
2025-08-08,630.1972045898438,91.44835662841795,313.04998779296875
2025-08-11,628.9509887695312,91.47712707519533,308.54998779296875
2025-08-12,635.6467895507812,91.4579620361328,308.2699890136719
2025-08-13,637.82275390625,91.78394317626952,309.2099914550781
2025-08-14,637.882080078125,91.4867172241211,307.25
2025-08-15,636.388671875,91.30455017089844,307.42999267578125
2025-08-18,636.2501220703125,91.21826171875,306.95001220703125
2025-08-19,632.7984008789062,91.44835662841795,305.2699890136719
2025-08-20,631.1170654296875,91.58259582519533,308.3599853515625
2025-08-21,628.5850830078125,91.31414031982422,307.2900085449219
2025-08-22,638.2380981445312,91.82229614257812,310.5799865722656
2025-08-25,635.42919921875,91.64012908935548,309.8299865722656
2025-08-26,638.0897216796875,91.87981414794922,312.0799865722656
2025-08-27,639.543701171875,92.05239868164062,312.7099914550781
2025-08-28,641.8085327148438,92.26333618164062,315.0299987792969
2025-08-29,637.98095703125,92.18663024902344,318.07000732421875
2025-09-02,633.2533569335938,91.9115219116211,325.5899963378906
2025-09-03,636.685302734375,92.22894287109376,328.1400146484375
2025-09-04,642.00634765625,92.64257049560548,326.69000244140625
2025-09-05,640.1469116210938,93.0946807861328,331.04998779296875
2025-09-08,641.7195434570312,93.38327026367188,334.82000732421875
2025-09-09,643.203125,93.16202545166016,334.05999755859375
2025-09-10,645.0624389648438,93.41212463378906,335.260009765625
2025-09-11,650.4231567382812,93.55640411376952,334.760009765625
2025-09-12,650.2055053710938,93.2870635986328,335.4200134277344
2025-09-15,653.6671142578125,93.44097137451172,338.9100036621094
2025-09-16,652.76708984375,93.49868774414062,339.5899963378906
2025-09-17,651.9561157226562,93.29668426513672,336.9700012207031
2025-09-18,655.0023803710938,92.98886108398438,335.6199951171875
2025-09-19,658.2465209960938,92.9503936767578,339.17999267578125
2025-09-22,661.3607177734375,92.79649353027344,345.04998779296875
2025-09-23,657.7606201171875,93.0561981201172,346.4599914550781
2025-09-24,655.6678466796875,92.80609130859376,343.32000732421875
2025-09-25,652.6429443359375,92.6041030883789,344.75
2025-09-26,656.3819580078125,92.5560073852539,346.739990234375
2025-09-29,658.2266845703125,92.8253402709961,352.4599914550781
2025-09-30,660.7061157226562,92.786865234375,355.4700012207031
2025-10-01,662.95751953125,93.09947967529295,356.0299987792969
2025-10-02,663.7210693359375,93.19597625732422,354.7900085449219
2025-10-03,663.7113037109375,93.0126495361328,357.6400146484375
2025-10-06,666.0914916992188,92.7424774169922,364.3800048828125
2025-10-07,663.6219482421875,92.97406005859376,366.260009765625
2025-10-08,667.5791625976562,92.99333190917967,372.2999877929687
2025-10-09,665.6452026367188,92.92581939697266,365.4299926757813
2025-10-10,647.6542358398438,93.50471496582033,369.1199951171875
2025-10-13,657.5919189453125,93.552978515625,378.0899963378906
2025-10-14,656.78857421875,93.79418182373048,380.7900085449219
2025-10-15,659.7044067382812,93.68804168701172,387.3900146484375
2025-10-16,655.2116088867188,94.12223052978516,396.4500122070313
2025-10-17,658.9308471679688,93.9678726196289,388.989990234375
2025-10-20,665.7840576171875,94.09327697753906,403.1499938964844
2025-10-21,665.7741088867188,94.26695251464844,377.239990234375
2025-10-22,662.3128051757812,94.28627014160156,377.2799987792969
2025-10-23,666.2402954101562,93.97750091552734,378.7900085449219
2025-10-24,671.6851806640625,94.06433868408205,377.5199890136719
2025-10-27,679.6095581054688,94.06433868408205,367.010009765625
2025-10-28,681.41455078125,94.1511688232422,364.3800048828125
2025-10-29,681.7418823242188,93.54330444335938,363.0
2025-10-30,674.2440185546875,93.4082260131836,370.1300048828125
2025-10-31,676.4556274414062,93.44683837890624,368.1199951171875
2025-11-03,677.72509765625,93.4022979736328,368.7799987792969
2025-11-04,669.691650390625,93.51847076416016,362.3200073242187
2025-11-05,672.012451171875,93.07323455810548,366.510009765625
2025-11-06,664.8021850585938,93.54749298095705,366.0700073242187
2025-11-07,665.4567260742188,93.58621215820312,368.30999755859375
2025-11-10,675.8406982421875,93.46038818359376,378.3800048828125
2025-11-11,677.387939453125,93.75074768066406,379.8699951171875
2025-11-12,677.7648315429688,93.77010345458984,385.989990234375
2025-11-13,666.5180053710938,93.49909210205078,382.8699951171875
2025-11-14,666.4088134765625,93.34423065185548,375.9599914550781
2025-11-17,660.2003173828125,93.4507064819336,371.6499938964844
2025-11-18,654.65625,93.6055679321289,374.3500061035156
2025-11-19,657.185302734375,93.5378189086914,374.9599914550781
2025-11-20,647.1683349609375,93.76043701171876,374.8500061035156
2025-11-21,653.6148681640625,94.07015991210938,374.2699890136719
2025-11-24,663.2351684570312,94.21534729003906,380.2000122070313
2025-11-25,669.4735717773438,94.45730590820312,380.0799865722656
2025-11-26,674.09521484375,94.53474426269533,383.1199951171875
2025-11-28,677.7747192382812,94.37020874023438,387.8800048828125
2025-12-01,674.6803588867188,93.86347198486328,389.75
2025-12-02,675.9299926757812,93.94113159179688,387.239990234375
2025-12-03,678.2706298828125,94.1352767944336,386.8800048828125
2025-12-04,678.7664794921875,93.84404754638672,387.1300048828125
2025-12-05,680.0557861328125,93.64989471435548,386.44000244140625
2025-12-08,678.0126953125,93.45574188232422,385.4200134277344
2025-12-09,677.4276123046875,93.31983947753906,387.3999938964844
2025-12-10,681.92041015625,93.62077331542967,389.0499877929687
2025-12-11,683.5072021484375,93.63047790527344,393.239990234375
2025-12-12,676.1581420898438,93.37808227539062,395.44000244140625
2025-12-15,675.1365966796875,93.45574188232422,395.7999877929687
2025-12-16,673.2918701171875,93.71785736083984,395.8900146484375
2025-12-17,665.8832397460938,93.69842529296876,399.2900085449219
2025-12-18,670.9115600585938,93.94113159179688,398.5700073242187
2025-12-19,676.9923095703125,93.7297821044922,399.0199890136719
2025-12-22,681.2098999023438,93.63239288330078,408.2300109863281
2025-12-23,684.3233032226562,93.59342956542967,413.6400146484375
2025-12-24,686.7305297851562,93.83690643310548,411.9299926757813
2025-12-26,686.660888671875,93.92456817626952,416.739990234375
2025-12-29,684.2138671875,94.06092071533205,398.6000061035156
2025-12-30,683.3783569335938,93.96353149414062,398.8900146484375
2025-12-31,678.3152465820312,93.65187072753906,396.30999755859375
